sID,sentence,top_label,label,class_name
1,2 of my foster kittens died,Emotional Turmoil,6,unknown
2,A better question would be what is not stressing me out.,Everyday Decision Making,6,unknown
4,a certain person at work is being really angry with me lately.,Work,1,work
5,a coworker completely ignored and replaced my work,Work,1,work
6,a coworker has been really cold with me recently and it makes work uncomfortable.,Work,1,work
7,a few things - i can fill you in later when we chat,Other,6,unknown
8,a friendship,Social Relationships,4,friends
9,a good friend of mind is in the hospital wit pneumonia,Social Relationships,4,friends
10,a group project at my job,Work,1,work
11,a heavy work with less time duration,Work,1,work
12,A house almost fell on my earlier.  It really did.,"Health, Fatigue, or Physical Pain",3,health
13,"A lot of my hair has been falling out, and I'm afraid I'll go bald.","Health, Fatigue, or Physical Pain",3,health
14,a lot of things! where to start?!,Other,6,unknown
15,a lot of work is piling up,Work,1,work
16,a lot of work pressure in my office,Work,1,work
17,a lot on my to do list,Everyday Decision Making,6,unknown
18,a lot to do at work right now,Work,1,work
19,A new type of job where I am by myself,Work,1,work
20,a newborn that doesn't sleep for very long at night,Family Issues,2,family
21,a paper i need to write,School,1,work
22,a person i know is manipulating money owed.,Financial Problem,5,finance
23,a person i work with is driving me crazy,Work,1,work
24,a problem at work,Work,1,work
25,"a problem at work, a problem at school, and planning a surprise party for my mother",Work,1,work
26,"a problem at work, school, or simply planning a meal and the work problem office",Work,1,work
27,a professor is driving me crazy.,School,1,work
28,a recent project at my workplace has been giving much stress lately.,Work,1,work
29,A recent situation has been this corona virus and not knowing what is going on with coll,"Health, Fatigue, or Physical Pain",3,health
30,a recent situation is that my house is listed and not selling quick,Financial Problem,5,finance
31,a recent situation that has been stressful to me is with my work.,Work,1,work
32,a recent situation that's been stressing me out is my trust issues i have with people,Social Relationships,4,friends
33,a recent stressful situation that i have experienced is being overworked.,Work,1,work
34,A situation that has been stressing me out is the coronavirus.,Emotional Turmoil,6,unknown
35,aagh insurance company overdrafted my checking acccount in error and refuses to fix.,Financial Problem,5,finance
36,"about my husband drinking problem. his drinking all day, spending $19 everyday.",Family Issues,2,family
37,about working,Work,1,work
38,Adjusting to distance learning for graduate level courses,School,1,work
39,all 3 of my grown children have significant issues going on.,Family Issues,2,family
40,all my new work duties,Work,1,work
41,All of my classes being online and my roommate is being hypocritical.,School,1,work
42,All of my classes moving online,School,1,work
43,All of the COVID-19 happenings and the financial fallout that has happened as a result.,Financial Problem,5,finance
44,All of the news and lockdown of the covid-19,"Health, Fatigue, or Physical Pain",3,health
45,all of this covid stuff kinda,Other,6,unknown
46,all the craziness going on in the country right now,Other,6,unknown
47,all the drama involving my case.,Work,1,work
48,All the panic about the global pandemic has been stressing me out!,Emotional Turmoil,6,unknown
49,all these exams i have coming up and no time to study!,School,1,work
50,all these extra hours at work are driving me insane.,Work,1,work
51,All this Covid-19 stuff is really stressing me out.,Emotional Turmoil,6,unknown
52,All this school work,School,1,work
53,all this schoolwork i've had lately.,School,1,work
54,alot of stress at work.,Work,1,work
55,"am having a terrible time  planning my dinner tonite, please any suggestions",Everyday Decision Making,6,unknown
56,amazon turk has been really slow so i haven't been making much extra money...,Other,6,unknown
57,An exam at school that everyone is saying you can't pass.,School,1,work
60,anxious customer,Work,1,work
61,anything i can do to help?,Other,6,unknown
62,applying for a writing grant with many requirements.,Work,1,work
63,"Argh, don't have the AMR measure for submission yet.",Other,6,unknown
64,"as i'm applying to nursing schools, there's so many applicants i hope i get in.",School,1,work
65,"at my current work, i am feeling so stressful and tired because of my team work pressure",Work,1,work
66,At the moment just life,Everyday Decision Making,6,unknown
67,"at the time i was very angry to with my friend and then , i am going to depression stage",Social Relationships,4,friends
68,bad day at work.,Work,1,work
69,"Balancing school and work online, and maintaining a healty diet",Work,1,work
70,balancing work with home schooling my children,Work,1,work
71,"balancing work, life, & budget",Work,1,work
72,"balancing working enough to pay bills, but also not overworking.",Work,1,work
74,Because of a power outage all of my classes have been moved to online,School,1,work
75,"Because of coronavirus, I've lost about 3 months of work.",Work,1,work
76,becoming a sahm isn't what i expected.,Work,1,work
77,been busy w/ work,Work,1,work
78,been sick with pneumonia and haven't been able to work,"Health, Fatigue, or Physical Pain",3,health
79,been slammed at work with the holidays coming up.,Work,1,work
80,Been stressed at work.,Work,1,work
81,been stressing about work and having a new baby,Family Issues,2,family
82,been trying for days to book doc apt and still waiting :(,"Health, Fatigue, or Physical Pain",3,health
83,"being a caregiver for a sick family friend, i feel like i have no time to myself",Social Relationships,4,friends
84,being a new mom and trying to find time to myself,Family Issues,2,family
85,Being able to find food and goods for my family.,Family Issues,2,family
86,being able to my bills on time,Financial Problem,5,finance
87,being at home alone with a newborn.,Family Issues,2,family
88,being back at work,Work,1,work
89,being evicted,Financial Problem,5,finance
90,being hit on by coworker,Work,1,work
91,Being home almost all day,Emotional Turmoil,6,unknown
92,being home for several weeks at a time,Emotional Turmoil,6,unknown
93,Being home with the kids all day during this pandemic!,Family Issues,2,family
94,"being in a shelter in place order, which is driving me insane not being able to go out",Everyday Decision Making,6,unknown
95,being in the hospital for several days,"Health, Fatigue, or Physical Pain",3,health
96,Being laid off from work,Work,1,work
97,Being laod off from my job,Work,1,work
98,being micromanaged at my workplace.,Work,1,work
99,being off of work,Work,1,work
100,Being quarantined because of the corona virus.,Other,6,unknown
101,Being quarantined because og Corona Virus,Other,6,unknown
102,Being quarantined due to coronavirus.,Social Relationships,4,friends
103,Being quarantined for the coronavirus in our town,Emotional Turmoil,6,unknown
104,Being quarantined in my home because of a widespread infectious disease...,Emotional Turmoil,6,unknown
105,being self employed for the new year is really stressing me out.,Work,1,work
106,Being shut in from the virus,Everyday Decision Making,6,unknown
107,being sick all week,"Health, Fatigue, or Physical Pain",3,health
108,Being stuck at home and not being able to go  to church,Other,6,unknown
109,"Being stuck at home has been pretty stressful, the pressure of the world today.",Financial Problem,5,finance
110,Being stuck at home in quarantine,Emotional Turmoil,6,unknown
111,being stuck at home watching nothing but news on the coronavirus!,"Health, Fatigue, or Physical Pain",3,health
112,Being stuck at home with two other people and having no privacy.,Social Relationships,4,friends
113,Being stuck in my house during quarantine,Other,6,unknown
114,Being stuck inside due to the coronavirus,Everyday Decision Making,6,unknown
115,Being turned down for SSI and having to find an attorney to fight it.,Financial Problem,5,finance
116,Being unemployed has been really stressful.,Work,1,work
117,being unproductive,Everyday Decision Making,6,unknown
118,believing i'm incompetent at my job.  feels like in over my head.,Work,1,work
119,"besides everything? the amount of wasted time it takes to get anything done, takes time",Other,6,unknown
120,big project at work has had me pulling my hair out,Work,1,work
121,big test coming up and need to finish my work.,School,1,work
122,big trip home,Family Issues,2,family
123,bills,Financial Problem,5,finance
124,"bills. with the holidays coming up, i just don't know how i'm going to manage.",Financial Problem,5,finance
125,body pain,"Health, Fatigue, or Physical Pain",3,health
126,boss at work,Work,1,work
127,boss has been frustrating me!,Work,1,work
128,boss has been really annoying lately.,Work,1,work
129,boss keeps piling me up with work,Work,1,work
130,"Bowling center shutdown, no coaching lessons for a month. No money.",Financial Problem,5,finance
131,budget cuts at work,Work,1,work
133,Buying a home and figuring out how to pay for it,Financial Problem,5,finance
134,buying a house has been pretty stressful!,Everyday Decision Making,6,unknown
135,buying my first home,Financial Problem,5,finance
136,california wildfires are a big concern,Other,6,unknown
137,"calm friend, everything will be fine, remember to stay calm",Emotional Turmoil,6,unknown
142,can't do the same things at work i used to be able to do,Work,1,work
143,can't figure out how to pay for my books,School,1,work
144,cant figure out what to do in the job or task,Work,1,work
146,can't get a job and the only place that calls me back is a shitty warehouse.,Work,1,work
147,can't seem to get ahead financially.  every time i catch up something breaks,Financial Problem,5,finance
148,car,Other,6,unknown
149,car problems are starting to worry me.,Other,6,unknown
150,ceramics,Other,6,unknown
151,Changes in my work and school schedule because of COVID 19,School,1,work
152,changes in work schedule,Work,1,work
154,chistmas is coming up and we are so broke this year,Financial Problem,5,finance
155,christmas has been stressing me out!,Social Relationships,4,friends
156,christmas is coming and i'm swamped with medical bills.,Financial Problem,5,finance
157,chritmas is coming up and i am worried i wont be able give my family a good xmas,Family Issues,2,family
158,class is boring....unable to focus,School,1,work
159,classes,School,1,work
160,classes at my college,School,1,work
161,college,School,1,work
162,college and work have both been pretty stressful.,School,1,work
163,"college has been really stressing me out lately, thanks for asking.",School,1,work
164,college is super hard I'm not doing well in essay,School,1,work
165,coming up with a 1000.00 to fix my vehicle that needs to be repaired.,Financial Problem,5,finance
166,commuting to work,Work,1,work
167,completing a project on time and correctly.,Work,1,work
168,concentrating at work,Work,1,work
169,Concerns about the situation in the world right now.,Other,6,unknown
171,CORNOAVIRUS AND THE UNKNOWN,Other,6,unknown
172,corona,Other,6,unknown
173,corona virus,"Health, Fatigue, or Physical Pain",3,health
174,corona virus freaking me out,"Health, Fatigue, or Physical Pain",3,health
175,corona virus is sprending like a wildfire,"Health, Fatigue, or Physical Pain",3,health
176,"Corona Virus! I have not work, no contacts, can't leave the house. How are you?",Work,1,work
177,Corona virus... it's just non stop. What about you?,"Health, Fatigue, or Physical Pain",3,health
178,Coronavirus and my job situation.,Work,1,work
179,Coronavirus and panic buying have been stressing me out.,"Health, Fatigue, or Physical Pain",3,health
180,Coronavirus has been stressing me out due to being in furlough,Work,1,work
181,"Coronavirus has been stressing me out. I'm afrain to get sick, I cannot work and i am st","Health, Fatigue, or Physical Pain",3,health
182,Coronavirus has definitely increased my anxiety,Emotional Turmoil,6,unknown
183,Coronavirus is happening and I can't leave my house.,Everyday Decision Making,6,unknown
184,Coronavirus is threatening my current employment.,Work,1,work
185,CORONAVIRUS preventing me from WORKING so I cannot pay my BILLS and keep family FED,Work,1,work
186,"Coronavirus, my financial budget, thinking of my student debts",Financial Problem,5,finance
187,Coronavirus.  I am high risk because of asthma so I am worried,"Health, Fatigue, or Physical Pain",3,health
188,Coronavirus.  I'm very scared of what it will do,Other,6,unknown
189,court in 2 weeks nd no deal in sight,Other,6,unknown
190,Covid 19,"Health, Fatigue, or Physical Pain",3,health
191,Covid 19 has been severely impacting my life. I miss seeing people.,Social Relationships,4,friends
192,COVID 19 is everywhere and I have to respond as a fire fighter,Work,1,work
193,covid 19 is making me lose hours at work and i cant keep up with my bills,Financial Problem,5,finance
194,"COVID is really stressing me, I can't think about anything else.","Health, Fatigue, or Physical Pain",3,health
195,Co-vid! Isn't that what's stressing us all out?,"Health, Fatigue, or Physical Pain",3,health
196,Covid-19 and money,Other,6,unknown
197,Covid-19 has been really stressing me out. Life as we know it is forever different,"Health, Fatigue, or Physical Pain",3,health
198,COVID-19 has been stressing me out!,"Health, Fatigue, or Physical Pain",3,health
199,covid19 has messed with my sleep schedule a bit,"Health, Fatigue, or Physical Pain",3,health
200,covid-19 is all over my town and i'm afraid to die!,"Health, Fatigue, or Physical Pain",3,health
201,Covid-19 it laid of my husband from work. My surgery got postponed.,"Health, Fatigue, or Physical Pain",3,health
202,COVID-19 Pandemic,"Health, Fatigue, or Physical Pain",3,health
203,Covid-19 pandemic has been really stressful,Emotional Turmoil,6,unknown
204,COVID-19 Quarantine has me feeling pretty lonely and isolated lately.,Financial Problem,5,finance
205,coworkers ostracising me again,Work,1,work
206,crap life seems to suck!,Emotional Turmoil,6,unknown
207,currently my relationship but i'm working on it.,Social Relationships,4,friends
208,Currently not being able to see my girlfriend is stressing me out slightly.,Social Relationships,4,friends
209,Currently stressing about the COVID-19 as I have been unemployed for two weeks.,Financial Problem,5,finance
210,"cut to part time, can't pay rent or bills, feel terrible",Financial Problem,5,finance
211,darn lazy ass people at work. feed up with seeing people talking and not wo,Work,1,work
212,deadline,Work,1,work
213,deadlines,Work,1,work
214,deadlines for all my courses,School,1,work
215,Dealing with Ali is stressing me out.,Social Relationships,4,friends
216,dealing with anxiety from the stress of car repair and being unemployed.,Financial Problem,5,finance
217,dealing with finding a daycare for my daughter,Family Issues,2,family
218,dealing with grief following the death of both my grandparents last month,Emotional Turmoil,6,unknown
219,dealing with illness along with my wife,"Health, Fatigue, or Physical Pain",3,health
220,dealing with my coworkers everyday with their annoying habits,Work,1,work
221,dealing with my husband's heal issues and his problems with the va is always stressful,Family Issues,2,family
222,dealing with my lawyer,Social Relationships,4,friends
223,Dealing with my Lupus flares,"Health, Fatigue, or Physical Pain",3,health
224,Dealing with people have not been the easiest thing for me lately.,Social Relationships,4,friends
225,Dealing with right-wing syncophants and trolls online and in social media has been hard.,Other,6,unknown
226,dealing with that woman at work,Work,1,work
227,dealing with the death of my father,Family Issues,2,family
228,dealing with this coronavirus and not being able to have family and friends over,Social Relationships,4,friends
229,death in the famy,Family Issues,2,family
230,debt payments,Financial Problem,5,finance
231,deciding if i should work out or not,"Health, Fatigue, or Physical Pain",3,health
232,Deciding wether or not to return back to school,School,1,work
234,definitely all the bills I have to pay,Financial Problem,5,finance
235,definitely my work has been stressing me out big time!,Work,1,work
236,Definitely the COVID-19 Global outbreak that requires being Quarantined,"Health, Fatigue, or Physical Pain",3,health
237,"didn't have the money to enroll for classes until today, yikes",Financial Problem,5,finance
238,difficult people at work,Work,1,work
239,Difficulty installing security protection on multiple devices.,Everyday Decision Making,6,unknown
240,disease is killing people,"Health, Fatigue, or Physical Pain",3,health
241,do you have time to talk,Social Relationships,4,friends
243,donald trump and the republicans are destroying our democracy,Other,6,unknown
244,don't know what to cook for dinner,Other,6,unknown
245,driving 2 work really sucks,Work,1,work
246,driving my kids all over town is getting crazy and really stressing me out,Family Issues,2,family
247,"dude i am so stressed out about moving to nevada , i hate it.",Other,6,unknown
249,dude work has been kicking my butt lol,Work,1,work
250,"Dude, I've been so worried about online classes LOL",School,1,work
251,due to certain circumstances that have donned on me it has been tough to meet financial,Financial Problem,5,finance
252,due to lack of sleep i am feeling stressful,"Health, Fatigue, or Physical Pain",3,health
253,"due to the corona virus, i must stay home. it means i get no salary",Social Relationships,4,friends
254,"Due to the coronavirus, I no longer have a job, it is scary.",Work,1,work
255,eating well,"Health, Fatigue, or Physical Pain",3,health
256,enough money for retirement,Financial Problem,5,finance
257,essays are piling up and i'm drowning in them.,School,1,work
258,"even though i did a good job, i worry my boss won't give a good recommendation.",Work,1,work
259,every day is stress in current work situation steve needs to retire.,Work,1,work
260,every time i turn on the news and social media facebook it seems to stress me out,Other,6,unknown
261,everyone being in my space while stuck at home,Social Relationships,4,friends
262,everyone is getting promoted at work except me.,Work,1,work
263,Everything about this virus is stressing me out.,"Health, Fatigue, or Physical Pain",3,health
264,"everything at work is. i have stacks of papers to finish, and no time to do so. ugh",Work,1,work
265,"everything at work, just generally what is expected of me.",Work,1,work
266,everything because of my current anxiety and bad depression.,Emotional Turmoil,6,unknown
267,everything stress me out,Everyday Decision Making,6,unknown
268,everything stresses me out lately.,Everyday Decision Making,6,unknown
269,"everything that has been going on that i explained to you, its all overwhelming me.",Other,6,unknown
270,Everything that's happening with corona virus is making me nervous.,"Health, Fatigue, or Physical Pain",3,health
272,"everything. i'm so overwhelmed, no help, no time urgggg",Everyday Decision Making,6,unknown
273,family,Family Issues,2,family
274,family coming for a visit. they have special diets-i am nervous about cooking.,Family Issues,2,family
275,"family drama mostly, having to deal with the kid.",Family Issues,2,family
276,"family expectations, they want me to visit when they think it convenient.",Family Issues,2,family
277,Family home all day. No me time. Too much noise. Can't work easily.,Family Issues,2,family
278,"family is driving me crazy, think i need a break!",Family Issues,2,family
279,family stress.,Family Issues,2,family
280,Fear about the virus and my job.,Work,1,work
281,feeling alone and that i am not part of anything,Emotional Turmoil,6,unknown
282,feeling bad about myself,Emotional Turmoil,6,unknown
283,feeling inadequate at work/doubting what occupation fits for me,Work,1,work
284,feeling insecure about my short hair,Other,6,unknown
285,feeling lonely,Emotional Turmoil,6,unknown
286,feeling overwhelmed,Family Issues,2,family
287,feels like everything all at once,Everyday Decision Making,6,unknown
288,fellow employees at work,Work,1,work
289,Figuring out a long term job during the pandemic,Work,1,work
290,figuring out how to handle play dates with my kids,Family Issues,2,family
291,Figuring out to work from home,Work,1,work
292,figuring out what classes i want to take,School,1,work
293,figuring out where to go fruit picking tomorrow,Other,6,unknown
294,filing state taxes for my business.,Financial Problem,5,finance
295,filled with work this week. don't want to miss the date.,Work,1,work
296,Finances,Financial Problem,5,finance
297,finances are tight right now,Financial Problem,5,finance
298,finances have been really stressing me out lately.,Financial Problem,5,finance
299,finances have been stressing me out again,Financial Problem,5,finance
300,"Finances, my dad got laid off and i'm only part time",Financial Problem,5,finance
301,finances. i often think about how i'm going to live a comfortable life.,Financial Problem,5,finance
302,financial constraints and so i need a well paying job,Work,1,work
303,financial issues are the main stressor in my life.,Financial Problem,5,finance
304,financial issues have been getting to me,Financial Problem,5,finance
305,financial problems and paying bills,Financial Problem,5,finance
306,financial problems are starting to become annoying,Financial Problem,5,finance
307,Financial problems have been getting me down lately.,Financial Problem,5,finance
308,financial situation,Financial Problem,5,finance
309,financial stress of being bread winner for my family is stressing me out.,Financial Problem,5,finance
310,financial uncertainty and the stress it creates.,Financial Problem,5,finance
311,finding a hard time covering my expenses and bills,Financial Problem,5,finance
312,finding a job,Work,1,work
313,finding a job recently.,Work,1,work
314,finding a new job,Work,1,work
315,finding a new job with higher pay,Work,1,work
316,finding the finances for a birthday party after christmas,Financial Problem,5,finance
317,finding the right job that'll make me happy and take me places.,Work,1,work
318,finding way to make money since noone is buying my  handmade jewelry,Financial Problem,5,finance
319,finding work. it's been so difficult.,Work,1,work
320,flat tire,Other,6,unknown
322,friend drama,Social Relationships,4,friends
324,From the coronavirus laid off from my serving job has created so much financial stress,Work,1,work
325,full time caregiving is hard i am always tired,Work,1,work
327,gaining weight and just cannot seem to lose it.,"Health, Fatigue, or Physical Pain",3,health
330,getting an internship this summer..,School,1,work
331,Getting cabin fever due to coronavirus shutting things down.,Social Relationships,4,friends
332,getting dinner ready for christmas was an incredible challenge!,Everyday Decision Making,6,unknown
333,getting dinner ready for the holiday,Other,6,unknown
334,getting ebola.,"Health, Fatigue, or Physical Pain",3,health
335,getting everything done at work,Work,1,work
336,getting everything together to go to houston for a family members heart surgery.,Family Issues,2,family
337,getting injured at work and worried about living pay check to pay check,Financial Problem,5,finance
338,Getting laid of due tot he virus,Work,1,work
339,"getting my body in better shape, especially tightening my stomach.","Health, Fatigue, or Physical Pain",3,health
340,getting my work done before the deadline with the holidays right around the corner.,Work,1,work
341,getting people to join my business.,Work,1,work
343,getting rid of clutter and making my home more cozy,Everyday Decision Making,6,unknown
344,getting texts about what's stressing me out!,Other,6,unknown
345,getting the bus to work.,Other,6,unknown
346,getting to graduation with the best GPA possible,School,1,work
347,getting to my college classes this weekend,School,1,work
349,gf,Social Relationships,4,friends
350,girl christmas is coming up and i dont have any money to buy my children anything.,Financial Problem,5,finance
351,"girl i am at work , they are stressing me out over bread of the week.",Work,1,work
352,Girl I'm stressing out st work. Supervisor is driving me absolutely crazy!! HELP!!,Work,1,work
353,Girl tell me why my aunt (that lives) around the corner stole $20 from me.,Family Issues,2,family
354,"Girl, having AJ home all day while trying to wfm is stressing me out.",Social Relationships,4,friends
355,"girl, i can't afford to pay my bills and i'm mentally exhausted.",Financial Problem,5,finance
356,glad this day is over.,Other,6,unknown
357,global warming keeps getting worse and worse.,Other,6,unknown
358,going back to work,Work,1,work
359,Going out to the store and ppl sneezing without covering the mouth OMG,"Health, Fatigue, or Physical Pain",3,health
360,going through a divorce and my ex is trying to take my baby.,Family Issues,2,family
361,"going to doctor appointments, stress me out.","Health, Fatigue, or Physical Pain",3,health
362,going to my kid's school for a meeting,School,1,work
363,going to work tomorrow,Work,1,work
364,got a bill to pay and not sure how :(,Financial Problem,5,finance
365,got a load of work and am procrastinating,Work,1,work
366,Gotta love back home in the middle of the semester :/,School,1,work
367,grad school applications are killing me right now.,School,1,work
368,grad school is literally the worst,School,1,work
369,great stress about work,Work,1,work
371,Grocery shopping seem like a task this days,Other,6,unknown
375,half of my coworkers are leaving for new jobs.,Work,1,work
376,have been fighting with my girlfriend about moving to london.,Social Relationships,4,friends
377,have been having this issues resting after work like my whole body needs a massage,"Health, Fatigue, or Physical Pain",3,health
378,"have been trying to clean and organize my closet, what a mess!",Everyday Decision Making,6,unknown
379,have been trying to find online work that is simple but rewarding its been stressfu,Work,1,work
380,Have to use less toilet paper!,"Health, Fatigue, or Physical Pain",3,health
381,having 3 year old triplets,Family Issues,2,family
382,having a baby is stressful and currently out of a job.,Family Issues,2,family
383,having a constant toothache,"Health, Fatigue, or Physical Pain",3,health
384,having a hard time paying the bills,Financial Problem,5,finance
385,"having a rough day, not feeling too well.",Emotional Turmoil,6,unknown
386,Having absolutley no idea what I want to do with my life.,Everyday Decision Making,6,unknown
387,having enough money for the holidays,Financial Problem,5,finance
388,having family issues,Family Issues,2,family
389,Having no job due to pandemic,Work,1,work
390,Having to be away from my family and friends due to the Corona Virus,Family Issues,2,family
391,Having to be stuck at home. This quarantine is really messing with me.,Emotional Turmoil,6,unknown
392,Having to deal with cutting staff at work.,Work,1,work
393,Having to go to work in the ER amidst all the virus drama.,Work,1,work
394,having to go to work tomorrow,Work,1,work
395,having to host christmas every year for adults that never reciprocate.,Social Relationships,4,friends
396,having to meet time deadlines at work.,Work,1,work
397,Having to pay my student loans,Financial Problem,5,finance
398,having to replace the carpets in our living room.,Everyday Decision Making,6,unknown
399,having to stay 6 feet away from everyone,Social Relationships,4,friends
400,having to take care of 6 foster kittens. i'm exhausted!,"Health, Fatigue, or Physical Pain",3,health
401,having to tell my boss i am quitting,Work,1,work
402,having to type messages on my phone.,Other,6,unknown
403,having to wake up early for work tomorrow,Work,1,work
404,Having to work from home and help the kids with school work.,Work,1,work
405,"Having trouble at work, dont know how to handle it.",Work,1,work
406,having trouble choosing meals for the week=getting everyone to agree!,Everyday Decision Making,6,unknown
407,he needs to get help when he needs it.,Other,6,unknown
408,health of my parents. being long distance from them is worrying me more.,Family Issues,2,family
410,"hello, i've been stressed out a lot from work.",Work,1,work
411,"hello, what's stressing me out right now is my son's homework, he got too much homework",School,1,work
412,hey friend i've been taking care of my mother on a daily and it has me stressed out.,Family Issues,2,family
413,Hey friend! This coronavirus has really been stressing me out with paying my bills.,Financial Problem,5,finance
414,hey friend. i have been stressed out tremendously with my kids lately.,Family Issues,2,family
415,hey how did you find it  i just want to share my thoughts about my family situation to u,Family Issues,2,family
416,Hey John have been going thru a rough time mate. Feeling very low.,Emotional Turmoil,6,unknown
418,"hey lady, i've been so stressed out about my podcast release party.",Work,1,work
419,Hey my friend! I need to talk to you about a situation tthat's urgent.,Other,6,unknown
420,hey thanks for asking how im doing. for the most part kids and worrying their health,Family Issues,2,family
421,"Hey thanks for asking, I've been stressed about school but taking things day by day",School,1,work
423,hey there! i am feeling really stuck at my job right now.,Work,1,work
424,hey there! im just having trouble finding a job right now.,Work,1,work
425,Hey!  This coronavirus is stressing me out!  When will it end?,"Health, Fatigue, or Physical Pain",3,health
426,Hey! How are you?Thanks for asking. I feel stressed cooking everyday.,Emotional Turmoil,6,unknown
427,hey! i had to wait in line for my coffee at starbucks for an hour this morning so that.,Everyday Decision Making,6,unknown
428,Hey! I think a situation that's been stressing me out is just finances.,Financial Problem,5,finance
429,hey! i've been pretty stressed about waiting to hear back about internships.,Work,1,work
430,hey! i've been stressing about school. everything is getting difficult.,School,1,work
431,"hey! my mom is stressing me out, again. i get so angry, theni feel bad about my anger wi",Family Issues,2,family
432,hey! right now financial aid is stressing me out,Financial Problem,5,finance
433,hey! work has been stressing me out,Work,1,work
434,hey! work is making me crazy.,Work,1,work
435,"Hey, I am in the middle of final exams. Just found out if I fail this exam, I fail all.",School,1,work
436,"hey, i called you three times last week no answer, what's the problem?",Social Relationships,4,friends
437,"hey, i have been stressed about getting the dogs trained.",Family Issues,2,family
438,"hey, my supervisor was on me again today. i don't think she likes me.",Work,1,work
439,"hey, want to grab a bite to eat and chat. could really use a break.",Other,6,unknown
441,"hi dear friend, I had stress because of my work . please give me idea to relax.",Work,1,work
442,hi dr..i just so stressful due to my project work.because the dead line is over .,Work,1,work
443,HI FRDS THANKYOU FOR TEXTINGS,Other,6,unknown
444,hi friend i am getting very stressfull work we meet in any hotel,Work,1,work
445,hi friend i feel very stressed out about the amount of work that i have to do at work,Work,1,work
446,hi friend i had a problem a work and school ..shall we have lunch outside,Work,1,work
447,hi friend i have been having trouble falling asleep,"Health, Fatigue, or Physical Pain",3,health
448,hi friend school has been so stressful i am in finals and have 3 assignments due,School,1,work
449,"Hi Friend, Adulting has been stressing me out.",Social Relationships,4,friends
450,"Hi friend, I often had stress in deciding a meal. please help me how to handle this stre",Everyday Decision Making,6,unknown
451,"hi friend, my job is stressing with making productivity, it seems to be their only focus",Work,1,work
452,"hi friend, recent days i had lot of work pressure. give me some idea to relax.",Work,1,work
453,"hi friend, school has been stressing me out. i feel like i'm drowning in the homework.",School,1,work
454,hi friend. give me some idea preparing a meal. this makes me streeful in deciding. give,Everyday Decision Making,6,unknown
455,hi friend. i had a stressful situations at home,Family Issues,2,family
456,hi friend. im recently some problems at house so i had a stressful,Family Issues,2,family
457,hi friend. i'm stressful at a work.,Work,1,work
458,hi friend. my relationship has been stressing me out. we are lacking communication.,Social Relationships,4,friends
459,hi friends i m very stressful.,Other,6,unknown
460,"hi how are you,i feel very stressful",Other,6,unknown
461,hi im stressing about school,School,1,work
462,Hi my friend. I need your help.,Other,6,unknown
463,hi there.  my job has been stressing me out.  we are so busy.,Work,1,work
464,hi there.  work is really stressing me out.,Work,1,work
466,"Hi! How are you? Been good, but getting bored being inside all the time!",Other,6,unknown
467,hi! i have been really stressing out about my recent school load and doing my studies.,School,1,work
468,hi! i'd like to thank you as well for texting. i am stressed because i don't have money.,Financial Problem,5,finance
469,hi! right now i'm struggling with financial problems since i just recently moved here.,Financial Problem,5,finance
470,"hi, because of work pressure i got stressful. so, we relax to chat feel free",Work,1,work
472,"hi, i finished my project at work and waiting for something new.",Work,1,work
473,"hi, i'm upset with my husband hanging out with his drinking friends.",Family Issues,2,family
474,"hi, recently i've been stressed with my workload from school and work with little time.",School,1,work
475,"Hi, This COVID-19 pandemic is stressing me out lot. Not able to go out.",Emotional Turmoil,6,unknown
476,Hi. I have been stressed about the virus situation.,"Health, Fatigue, or Physical Pain",3,health
477,hi. i have been stressing making ends meet this month. what about you?,Financial Problem,5,finance
478,Hi. I've been stressing about making money.,Financial Problem,5,finance
479,hi. just struggling a little bit with work,Work,1,work
480,hi. recently i have been stressing about a situation involving my child.,Family Issues,2,family
483,hmmm. let me think about that. this conflict with iran worries me.,Emotional Turmoil,6,unknown
484,"holiday break ending for college, next semester is scary",School,1,work
485,holiday season,Other,6,unknown
486,home life is stressful. it's hard to take care of kids all day everyday.,Family Issues,2,family
487,home life sucksso many fights,Family Issues,2,family
488,homeschooling my kids because schools are closed,School,1,work
489,homework is killing me lately,School,1,work
490,homework is really stressing me out!,School,1,work
491,Homework is stressing me out,School,1,work
492,"homework, what are they doing at school if they are doing so much here.",School,1,work
493,"honestly i have been really stressed about my finances, i need another job..",Financial Problem,5,finance
495,Honestly right now the COVID-19,"Health, Fatigue, or Physical Pain",3,health
496,"honestly, everyday i get stress out.",Everyday Decision Making,6,unknown
497,"honestly, my job has been super stressful",Work,1,work
498,"honestly, organizing social situations when most people are out of town or busy",Social Relationships,4,friends
499,"honestly, school has been very stressful lately cause of my finals.",School,1,work
500,hope to pay my everday bills,Financial Problem,5,finance
501,hoping to beat the crazy shoppers that go shopping on black friday by shopping online,Other,6,unknown
502,hounded by robo calls,Other,6,unknown
503,HOUSE IS A MESS AND I AM TIRED,"Health, Fatigue, or Physical Pain",3,health
507,how busy i am at work.,Work,1,work
509,how i have been eating this week.,"Health, Fatigue, or Physical Pain",3,health
511,how the coronavirus could damage the US economy,Financial Problem,5,finance
512,how to get out of the relationship that i am in. i am tired of feeling used.,Social Relationships,4,friends
513,how to help my neighbor who is moving to pack up all her stuff,Social Relationships,4,friends
514,how to improve my savings and pay off bills.,Financial Problem,5,finance
515,"hubby's job has cut his hours, worried about next paycheck!",Financial Problem,5,finance
516,"I am a stay-at-home mom with a toddler, this coronavirus thing has me scared for her.",Family Issues,2,family
517,I am always having arguments with my girlfriend,Social Relationships,4,friends
518,i am anxious about whether my son is going to get a job offer.,Family Issues,2,family
519,i am applying to law schools but can't seem to focus on my application,School,1,work
520,i am buying a house and can't afford the $675 for an appraiser,Financial Problem,5,finance
521,i am concerned about my success in this life. it's needed for us all.,Other,6,unknown
522,i am concerned about work slowing down and losing hours,Work,1,work
523,i am currently filing for unemployment and my student debt is not on hold,Financial Problem,5,finance
524,"i am currently in a lot of debt, and can't go to school.",Financial Problem,5,finance
525,I am currently stressed about the coronavirus and wheter I can work,Work,1,work
526,"i am currently stressed about the holidays coming up, and making sure everyone is happy.",Social Relationships,4,friends
528,i am feeling stressed out,Other,6,unknown
529,i am feeling stuck in my career.,Work,1,work
530,I am focusing on paying back a loan.,Financial Problem,5,finance
531,I am frustrated about being laid off after next week.,Work,1,work
532,"i am frustrated, trying to plan a big meal and no one is cooperating.",Everyday Decision Making,6,unknown
533,i am going through a custody battle for my daughter.,Family Issues,2,family
534,i am going through a legal situation at my job.,Work,1,work
535,i am going to discuss about how she is handling with keeping her kids always busy in som,Family Issues,2,family
537,i am having 2 birthday parties this weekend and have lots to get done.,Social Relationships,4,friends
538,i am having a baby soon. i need to clean out that room.,Everyday Decision Making,6,unknown
539,i am having a difficult day today with my mother in law who suffers from dementia.,Family Issues,2,family
540,I am having a hard time getting to work,Work,1,work
541,i am having car issues,Other,6,unknown
542,i am having difficulty finding motivation to study,School,1,work
543,i am having issues at work.,Work,1,work
544,i am having issues with how my daughter is behaving,Family Issues,2,family
545,i am having issues with my ex husband.  he is wanting to move from town and take our son,Family Issues,2,family
546,i am having money issues,Financial Problem,5,finance
547,i am having money problems,Financial Problem,5,finance
548,i am having problems at my apartment because my landlond won't fix anything.,Other,6,unknown
549,i am having roommate issues.,Social Relationships,4,friends
550,i am having some career and money troubles at the moment and i hate it,Work,1,work
551,i am having some financial issues lately.,Financial Problem,5,finance
552,I am having some issues with my girlfriend at home not giving me space.,Social Relationships,4,friends
553,i am having trouble baking this cake,Other,6,unknown
554,I am having trouble finding a job,Work,1,work
555,i am having trouble making ends meet and have to find a second job.,Work,1,work
556,I am having trouble making money with the new virus,Financial Problem,5,finance
557,i am in an emotionally abusive relationship and things keep getting worse.,Social Relationships,4,friends
558,"I am in the last stretch of my professional school career, and things a rough!",School,1,work
559,I am in the middle of my grad studies and my sponsorship will not continue,School,1,work
560,i am just frustrated being stuck at home in our small house all day,Other,6,unknown
561,i am just so fed up with the boss and his lack of intelligence,Work,1,work
562,i am little bit stress in my son study,School,1,work
563,i am lonely and don't know how to solve the problem of getting over my depression.,Emotional Turmoil,6,unknown
564,i am moving in two weeks and i'm not prepared.,Everyday Decision Making,6,unknown
565,i am nervous about applying to pt school and getting in,School,1,work
566,i am not able to get my laptop to start.,School,1,work
567,i am not ambitious enough to accomplish my goals.,Everyday Decision Making,6,unknown
568,i am not feeling well,"Health, Fatigue, or Physical Pain",3,health
569,i am not getting any hits in my hit catcher.,Work,1,work
570,i am not making enough money,Financial Problem,5,finance
571,i am not making enough money i don't have enough clientele,Financial Problem,5,finance
572,i am not making enough money to support my family.,Financial Problem,5,finance
573,i am not sure how i feel about my new job.  everyone is nice but i have a lot of doubts,Work,1,work
574,i am off work due to surgery and i dont have income,Work,1,work
575,I am on self-isolation and I am a little anxious / stressed and not working enough.,Financial Problem,5,finance
576,"I am out of a job, a car and I am homeless. I don't know what I am going to do!",Financial Problem,5,finance
577,i am out of money and am going to be homeless,Financial Problem,5,finance
578,I am overwhelmed by the preparation of my interview,Work,1,work
579,"I am panicking, I receive zero income during this Coronavirus pandemic. Idk what to do!",Work,1,work
580,i am really deciding on whether i should quit my job or not.,Work,1,work
581,I am really stressed about starting online classes because I won't be motivated,School,1,work
582,I am really stressed out about the pandemic because I have asthma and my man has Copd,"Health, Fatigue, or Physical Pain",3,health
583,I am really upset that I am unable to visit my 95-year-old mother in the nursing home.,Family Issues,2,family
584,"i am selling my house, but so far there have been no offers.",Everyday Decision Making,6,unknown
585,i am so behind on my bills i don't want to lose my apartment.,Financial Problem,5,finance
586,i am so broke!!,Financial Problem,5,finance
587,"i am so ready to buy a home, but i am still a broke college student.",Financial Problem,5,finance
588,I am so scared for my mom,Family Issues,2,family
589,i am so sick of my job.,Work,1,work
590,"I am so stressed about my finances or rather, lack thereof.",Financial Problem,5,finance
591,i am so stressed because i have had to work mandatory overtime.,Work,1,work
592,I am so stressed out and i cannot bear  what i am going through please give me some help,Emotional Turmoil,6,unknown
593,I am so stressed with COVID crapy and my romantic girlfriend's medical diagnosis .,"Health, Fatigue, or Physical Pain",3,health
594,i am so tired of being so sick,"Health, Fatigue, or Physical Pain",3,health
595,i am so unsure of what to make for dinner tonight,Everyday Decision Making,6,unknown
596,I am so worried about getting work done at work and I have all this other stuff that is.,Work,1,work
597,"i am sooooo stressed out. let's go out for dinner and drinks, and let's talk.",Other,6,unknown
599,i am starting to regret opening my business. i'm running out of money,Financial Problem,5,finance
600,I am stress of coronavirus,"Health, Fatigue, or Physical Pain",3,health
601,i am stress out for the deadline from my company's monthly report. any good idea?,Work,1,work
602,I am stressed about cornovirus,"Health, Fatigue, or Physical Pain",3,health
603,I am stressed about finding necessary hygiene items right now with others stockpiling.,"Health, Fatigue, or Physical Pain",3,health
604,i am stressed about getting my application decisions,School,1,work
605,I am stressed about meeting a deadline at work.,Work,1,work
606,i am stressed about money and work,Work,1,work
607,i am stressed about money.,Financial Problem,5,finance
608,i am stressed about my wife's death.,Family Issues,2,family
609,I am stressed about new job which I recently started 2 months ago.,Work,1,work
610,i am stressed about paying of my credit card after christmas,Financial Problem,5,finance
611,i am stressed about planning the thanksgiving meal,Social Relationships,4,friends
612,I am stressed about the economy.,Financial Problem,5,finance
613,I am stressed about the pandemic global lockdown,Other,6,unknown
614,I am stressed about the virus effect on the economy,Financial Problem,5,finance
615,i am stressed about this holiday seasons and money.,Financial Problem,5,finance
616,i am stressed about whether i should apply for a job or not,Work,1,work
617,i am stressed at work because i have very little time to breathe!,Work,1,work
618,i am stressed at work because my hours got cut,Work,1,work
619,I am stressed because I lost my job because of the virus and I need to pay bills :(,Work,1,work
620,I am stressed due to the fact my job had to make pay cuts,Work,1,work
621,i am stressed out about bills because we have lost income we normally receive. e.,Financial Problem,5,finance
622,i am stressed out about my daughter's health issues.,Family Issues,2,family
623,I am stressed out about not being able to work during COVID 19 outbreak.,Financial Problem,5,finance
624,I am stressed out about the coronavirus.,"Health, Fatigue, or Physical Pain",3,health
625,i am stressed out by the rising workload and stagnant pay in my current job.,Work,1,work
626,"i am stressed out financially, i am worried about paying my bills.",Financial Problem,5,finance
627,I am stressed out from being quarantined for the last 10 days.,Emotional Turmoil,6,unknown
628,i am stressed out over getting our old house all packed up.,Everyday Decision Making,6,unknown
629,i am stressed out over my current electric bill. i am not going to be able to pay it.,Financial Problem,5,finance
630,I am stressed over the stay at home order from the governor.,"Health, Fatigue, or Physical Pain",3,health
631,i am stressed trying to find a side dish to make for thanksgiving.,Everyday Decision Making,6,unknown
632,I am stressful about no job and need to feed my 4 months old baby.,Financial Problem,5,finance
633,I am stressing about my brother and how he is doing. He hasn't been doing well.,Family Issues,2,family
634,I am stressing about my recovery from my surgery,"Health, Fatigue, or Physical Pain",3,health
635,I am stressing about paying my bills and feeding my family,Financial Problem,5,finance
636,i am stressing out about graduate school,School,1,work
637,I AM STRESSING OUT ABOUT HOW TO HANDLE WORING AT HOME,Work,1,work
638,i am stressing out because my performance review at work is coming up.,Work,1,work
639,I am stressing out I an't pay my bills this month.,Financial Problem,5,finance
640,I am stressing over the state of the economy and health of others.,Financial Problem,5,finance
641,i am struggling to find the rest of the money due to pay my electri boill for the month,Financial Problem,5,finance
642,I am struggling with anxiety recently and worried because it consumes a lot of my life.,Social Relationships,4,friends
643,i am struggling with feeling valuable in the workplace.,Work,1,work
644,i am struggling with my son and his school not following his iep plan.,School,1,work
645,I am stuck at home because of the coronavirus!,Emotional Turmoil,6,unknown
646,I am super bugged by being trapped in the house during quarentine!,Other,6,unknown
647,i am taking 18 credits this semester.,School,1,work
648,i am trying my best and dont seem to be getting ahead.,Other,6,unknown
649,i am trying to balance my finances with the hobbies i want to partake in.,Financial Problem,5,finance
650,i am trying to find a new job but having a hard time applying.,Work,1,work
651,i am trying to get full custody of my child and am undergoing a custody evaluation.,Family Issues,2,family
652,i am trying to interact with a person who at times is in a bad mood,Social Relationships,4,friends
653,i am trying to write my thesis,School,1,work
654,I am unable to travel to see family,Family Issues,2,family
655,I am unable to work because of the Covid 19. It is so stressful,Work,1,work
656,I am under a lot of deadlines at work.,Work,1,work
657,i am undermined by my seniors,Social Relationships,4,friends
658,I am upset because I can't go to grad school this fall.,School,1,work
659,I AM VERY  MUCH STRESSFUL BECAUSE OF MY HEALTH PROBLEM,"Health, Fatigue, or Physical Pain",3,health
660,"I am very concerned about the coronavirus, and my finances.",Financial Problem,5,finance
662,i am very poor right now.,Financial Problem,5,finance
663,I am very stressed about being stuck in the house during COVID-19,Emotional Turmoil,6,unknown
664,I am very stressed about COVID-19,"Health, Fatigue, or Physical Pain",3,health
665,I am very stressed out about the coronavirus-19.  I haven't been able to check my parent,Family Issues,2,family
666,I am very stressed right now thinking about the coronavirus.,Emotional Turmoil,6,unknown
667,I am very stressing about to stay home for a long time,Social Relationships,4,friends
668,I am wondering if the current virus situation is going to affect my job.,Work,1,work
669,I am worried about being laid-off at work.,Work,1,work
670,I am worried about COVID-19.,"Health, Fatigue, or Physical Pain",3,health
671,i am worried about finances.,Financial Problem,5,finance
672,i am worried about graduating from college,School,1,work
673,i am worried about having enough money for the holidays.,Financial Problem,5,finance
674,I am worried about how long we will have to be socially distant.,Other,6,unknown
675,i am worried about how sick my daughter is.,"Health, Fatigue, or Physical Pain",3,health
676,I am worried about losing my job.,Work,1,work
677,i am worried about money.,Financial Problem,5,finance
678,I am worried about my health from corona virus.,"Health, Fatigue, or Physical Pain",3,health
679,I am worried about my stepfather who is the primary income provider being laid off.,Financial Problem,5,finance
680,I am worried about not able to go out and shop because of increasing Covid-19 cases,"Health, Fatigue, or Physical Pain",3,health
681,i am worried about not being able to finish my work in time.,Work,1,work
682,I am worried about pandamic,"Health, Fatigue, or Physical Pain",3,health
683,i am worried about sticking to my diet.,"Health, Fatigue, or Physical Pain",3,health
684,"I am worried about the coronavirus and economy, how about you?",Financial Problem,5,finance
685,I am worried about the Coronavirus and how it will affect my family.,"Health, Fatigue, or Physical Pain",3,health
686,i am worried about trump being re-elected.,Other,6,unknown
687,I am worried that I am going to lose my job.,Work,1,work
688,i applied for disability awhile back and i got a denial letter in the mail today.,Financial Problem,5,finance
690,I been stressed out about work lately.,Work,1,work
691,I been trying to cook dinner for the kids and there going crazy.,Family Issues,2,family
692,I betrayed my best friend.,Social Relationships,4,friends
693,i broke up with my girlfriend and its been really stressing me out.,Social Relationships,4,friends
694,I can not job and it is stressing me lately.,Work,1,work
695,i cannot get anyone at the main office at work to answer my questions.,Work,1,work
696,I can't believe my wife put pasta in the chilli..,Family Issues,2,family
697,I can't come up with a great idea,Other,6,unknown
698,i cant cook properly,Other,6,unknown
699,i can't decide what to cook,Everyday Decision Making,6,unknown
700,i can't figure out what to cook for dinner tonight,Everyday Decision Making,6,unknown
701,i cant find a babysitter and i have to go to work.,Work,1,work
702,i can't find a full time job.,Work,1,work
703,I can't find a job because of the coronavirus pandemic,Work,1,work
704,i can't find a job in this pitiful area and need to leave here,Work,1,work
705,i can't find my classroom in school and worry about being locked out...,School,1,work
706,i can't get anyone else in the tulsa lp to do anything.,Work,1,work
707,I can't get groceries for our family,Financial Problem,5,finance
708,i can't get my child to study.,Family Issues,2,family
709,i cant help william,Social Relationships,4,friends
710,"i can't really type it out, to much! but work, life family",Work,1,work
711,i can't seem to catch up on my medical bills.,Financial Problem,5,finance
712,i can't seem to figure out how i am going to get through this month.,Emotional Turmoil,6,unknown
713,i can't seem to find a job,Work,1,work
714,i can't seem to find a job anywhere.,Work,1,work
715,I can't seem to find any toilet paper in stores.,Other,6,unknown
716,i can't seem to get caught up on anything around the house.,Everyday Decision Making,6,unknown
717,I cant stand being so far away from everyone. I miss you!,Social Relationships,4,friends
718,i can't stand my work. they keep dumping on me i can't handle it!!!,Work,1,work
719,i cooked a turkey upside down. the meat was moist but now my family's teasing me.,Family Issues,2,family
720,i could not pass the exam because i did not sleep enough last night.,School,1,work
721,i currently am just very busy. i don't have time for anything but work.,Work,1,work
722,i did not have a good day at work.  i am behind in my work and i have a,Work,1,work
723,I did terrible on an exam yesterday.,School,1,work
724,i didn't get the position i want at work. they lied to me!,Work,1,work
725,i didn't have the income that i expected to have for my bills,Financial Problem,5,finance
726,i do not know if i want to go back to work yet.,Work,1,work
727,i do not know what to eat,Everyday Decision Making,6,unknown
728,"i do not like my job, my boss is lazy and i get blamed for everything.",Work,1,work
729,i don't even know where to begin,Other,6,unknown
731,I don't have any motivation to do my school work and have nothing to do,School,1,work
732,i dont have enough money and i fear homelessness.,Financial Problem,5,finance
733,i don't have enough money for vacation,Financial Problem,5,finance
734,i don't have enough time to cook so i spend too much money on restaurants,Financial Problem,5,finance
735,i don't have insurance and i have a huge bill from the emergency room.,Financial Problem,5,finance
736,I don't know how I'm going to get all my work done.,Work,1,work
737,I don't know how long COVID-19 will affect my job,Work,1,work
738,i dont know how long to boil potatoes for,Everyday Decision Making,6,unknown
739,i dont know if i should be letting my kid watch so much tv.,Other,6,unknown
740,I don't know if I will be losing my job due to the pandemic. I am really worried.,Work,1,work
741,i dont know if i will have enough money for december rent.,Financial Problem,5,finance
742,i don't know if i will have enouh money next week to buy groceries,Financial Problem,5,finance
743,i don't know if i'll have a job next year.,Work,1,work
744,i dont know what i want for dinner!,Everyday Decision Making,6,unknown
745,i don't know what to make for dinner,Everyday Decision Making,6,unknown
746,I don't know when I am going to be able to go back to work because of COVID-19.,Work,1,work
747,i don't know where i should work,Work,1,work
748,"i don't know, really. i've just been getting clients emailing me and calling me",Work,1,work
750,i don't seem to have enough time during the day to finish pages on my bullet journal.,Work,1,work
751,i dont want to leave my baby to go to work but i need to work,Work,1,work
752,"i drink too much alcohol, and i fear it impacting my health.","Health, Fatigue, or Physical Pain",3,health
753,i embarrassed myself today,Everyday Decision Making,6,unknown
754,I enjoy being home with the family but I miss my little time alone.,Family Issues,2,family
755,I failed my test,School,1,work
756,"i feel jealous of other girls, and worried my husband might be attracted to them.",Social Relationships,4,friends
757,"i feel like a bad mom, why is being a mom so hard?",Family Issues,2,family
758,i feel like i cant balance between all of my reponsibilities,Everyday Decision Making,6,unknown
759,i feel like i don't have enough money saved up for emergencies.,Financial Problem,5,finance
760,i feel like i don't have enough time to myself.,Other,6,unknown
761,i feel like i have been just working all the time and no fun.,Work,1,work
762,i feel like i've wasted the day by napping on my day off,Other,6,unknown
763,I feel like my Manager is unfair,Work,1,work
764,i feel like odd,Other,6,unknown
765,i feel lonely,Emotional Turmoil,6,unknown
766,I feel lonely because I'm single.,Emotional Turmoil,6,unknown
767,i feel so worried about the situation an i will try to compromise her.,Emotional Turmoil,6,unknown
768,I feel stressed about losing income over COVID-19,Financial Problem,5,finance
769,I feel that I am overwhelmed so much to do and no time to do it!,Emotional Turmoil,6,unknown
770,I feel that i have alot of work pile that i am suppose to finish by weekend,Work,1,work
771,i feel very bad please help me,Emotional Turmoil,6,unknown
772,i feel very streesful in the situation.i can't  time manage.,Everyday Decision Making,6,unknown
773,i feel very stressed i faced many problem i do't know how to handle it please help me de,Emotional Turmoil,6,unknown
774,i found nothing at the beach today,Other,6,unknown
775,i found out a colleague is quitting.,Work,1,work
776,i found out my ex has a new girlfriend,Social Relationships,4,friends
777,i get paid slave wages on mturk and am being evicted.,Financial Problem,5,finance
778,i got a new boss that doesn't perform his job properly,Work,1,work
779,i got a new boss who is a jerk,Work,1,work
780,i got a speeding ticket and i have court this week.,Other,6,unknown
781,i got fight with my boss. reason is she is very dominate.,Work,1,work
782,I got furloughed and now am worrying about how to take care of my kid.,Work,1,work
783,i got in a fight with my brother :(,Family Issues,2,family
784,i got into an accident,"Health, Fatigue, or Physical Pain",3,health
785,"i got my car serviced last week, and now it's making a strange noise when i stop, smh!",Other,6,unknown
786,i got passed over for a promotion at work.,Work,1,work
787,i got promoted at work and am getting a lot of tasks assigned to me,Work,1,work
788,i got stress out because my daughter didn't do her writing and homework,Family Issues,2,family
789,i got stress out because our neighbor called a police because our dog attack their cat,Social Relationships,4,friends
790,i got stress out yesterday because our dog got out and attack our neighbors yard,Social Relationships,4,friends
791,i had a fight with my close friend,Social Relationships,4,friends
792,I had a miscommunication with my boss.,Work,1,work
793,i had a mistake in implementing a new update to the system today morning,Work,1,work
794,i had a really hard day at work,Work,1,work
795,i had a stress in deciding a meal. give me some suggestions.,Everyday Decision Making,6,unknown
796,i had a thing happen at school that has been bugging me since break.,School,1,work
797,i had a very tiring day at work.,Work,1,work
798,i had an accident,"Health, Fatigue, or Physical Pain",3,health
799,I had an assignment for I forgot about,School,1,work
800,i had an direct debit on my account for car insurance and didn't have enough money,Financial Problem,5,finance
801,i had difficulty making burritos,Everyday Decision Making,6,unknown
802,i had some problems at work.,Work,1,work
803,i had the problem with my family and these issue had been become too high so please give,Family Issues,2,family
804,i had to deal with a customer today,Work,1,work
805,i had to move to a new house.,Other,6,unknown
806,i had to take my car into the shop and was expensive.,Financial Problem,5,finance
807,i had to write a speech the other day,Other,6,unknown
808,i hate my job,Work,1,work
809,i hate my job and haven't heard back from recent job applications i have submitted,Work,1,work
810,i hate work.  my boss is a prick.   he was hitting on me.   i am scread he is going to,Work,1,work
811,i have a big problem at my work place. do you have time to spend with me.,Work,1,work
812,I have a biochemistry test coming up that is worth 25% of my grade.,School,1,work
813,i have a boss who is clueless in regards to his words.,Work,1,work
814,i have a bunch of patients that suck right now and because of it i have a bad attitude.,Work,1,work
815,i have a bunch of tests this week and no time to study,School,1,work
816,i have a chemistry test tomorrow and i'm really nervous,School,1,work
817,i have a colleague at work who lost her phone but she is suspecting me.,Work,1,work
818,i have a crazy employee who is not reliable and is uncooperative.,Work,1,work
819,i have a current temporary medical condition,"Health, Fatigue, or Physical Pain",3,health
820,i have a deadline at work,Work,1,work
821,i have a deadline that's impossible to meet.,Work,1,work
822,i have a deadline to meet and a whole lot of work to complete,Work,1,work
823,i have a family issue now,Family Issues,2,family
824,i have a friend coming over and i'm stressed about a big expense,Financial Problem,5,finance
825,I have a group presentation tomorrow,School,1,work
826,I have a homework assignment,School,1,work
827,i have a huge school project due in five days and i haven't started.,School,1,work
828,i have a job evaluation coming up next week. i'm stressed about it.,Work,1,work
829,i have a lot of family issues,Family Issues,2,family
830,i have a lot of projects due and not enough time.,Work,1,work
831,i have a lot of repairs to do in my basement and i keep finding more things to fix,Other,6,unknown
832,i have a lot of upcoming deadlines at work,Work,1,work
833,i have a lot of work to do and i am worried i won't get it all done,Work,1,work
834,i have a lot of work to do at my job.,Work,1,work
835,i have a lot that i need to do and not enough time.,Everyday Decision Making,6,unknown
836,i have a lot work pressure in recent days. need your advice to relax,Work,1,work
837,i have a new boss and she is not very approachable.,Work,1,work
838,i have a new job and my new boss keep checking me out,Work,1,work
839,i have a problem at work that's really stressing me out.,Work,1,work
840,i have a problem in my health,"Health, Fatigue, or Physical Pain",3,health
841,i have a problem with a co-worker.,Work,1,work
842,"I have a problem with my co-worker, can i talk to you",Work,1,work
843,i have a really big test coming up next week.,School,1,work
844,i have a really busy schedule this weekend and i'd rather stay home,Other,6,unknown
845,i have a situation with a coworker i can't figure out how to best address.,Work,1,work
846,i have a terrible headache,"Health, Fatigue, or Physical Pain",3,health
847,"i have a test coming up, but i'm nervous about taking it.",School,1,work
848,i have a ton of stuff to do at work,Work,1,work
849,i have all this work and no time to do anything idk what to do,Work,1,work
850,i have alot of stress about finances right now and being able to pay bills,Financial Problem,5,finance
851,i have an employee who calls in sick all the time and isn't doing her job.,Work,1,work
852,i have an essay due on monday and i haven't started yet.,School,1,work
853,i have an essay due this weekend,School,1,work
854,i have an essay due tomorrow and i haven't started,School,1,work
855,i have an exam and i am not sure if i am prepared.,School,1,work
856,i have been a bit overwhelmed with balancing work and my outside work side hustles.,Work,1,work
857,I have been a little stressed with my job lately,Work,1,work
858,i have been applying to jobs for months and i still haven't been hired.,Work,1,work
859,i have been conducting a job search,Work,1,work
860,i have been dating two guys that i really like and have to make a choice between them.,Social Relationships,4,friends
861,i have been dealing with a bad coworker,Emotional Turmoil,6,unknown
862,i have been dealing with a lot of work stuff lately,Work,1,work
863,i have been extremley stressed out about the new posistion i took at work.,Work,1,work
864,I have been feeling a lot more fatigue lately.,"Health, Fatigue, or Physical Pain",3,health
865,i have been feeling kind of lonely lately,Social Relationships,4,friends
866,i have been feeling rushed at work and having trouble with my training.,Work,1,work
867,i have been feeling so stress about what to fix for dinner every night for dinner.,Everyday Decision Making,6,unknown
868,I have been feeling stressed about the COVID-19 situation happening worldwide.,"Health, Fatigue, or Physical Pain",3,health
869,"i have been feeling stressed with my caseload at work, on top of going to school.",Work,1,work
870,"I have been fighting with my boyfriend everyday, and its been very stressful.",Social Relationships,4,friends
871,i have been getting stressed out finding rides to go to all my doctors appointments.,Emotional Turmoil,6,unknown
872,i have been going through a tough time at work can we meet for coffee?,Work,1,work
873,I have been having a hard time at work and very unhappy.,Work,1,work
874,i have been having a hard time dealing with a problem at work. can you give me advice,Work,1,work
875,i have been having a hard time finding a job,Work,1,work
876,i have been having a hard time going to sleep.,"Health, Fatigue, or Physical Pain",3,health
877,i have been having a hard time with my husband.,Family Issues,2,family
878,i have been having a lot going on lately and it has started to stress me out,Everyday Decision Making,6,unknown
879,i have been having issues with the transitions taking place with a recent move.,Everyday Decision Making,6,unknown
880,i have been having long work schedules and a supervisor who nags all the time.,Work,1,work
881,i have been having money issues,Financial Problem,5,finance
882,i have been having problems with being threatened by a significant other.,Social Relationships,4,friends
883,i have been having problems with my landlord . i do not like the place .,Financial Problem,5,finance
884,i have been home the whole time,Other,6,unknown
885,i have been juggling staffing issues and project deadlines all week.,Work,1,work
886,I have been laid off my job due to the pandemic.,Work,1,work
887,i have been looking for a new job,Work,1,work
888,I have been looking for part-time work and now cannot make progress due to coronavirus.,Financial Problem,5,finance
889,i have been losing and becoming distant from some of my friends.,Social Relationships,4,friends
890,I have been losing games.,Other,6,unknown
891,I have been most recently about finances and if everything will be ok or not.,Financial Problem,5,finance
892,i have been on a diet and i'm not losing weight.,"Health, Fatigue, or Physical Pain",3,health
893,i have been out of work due to corona virus,Work,1,work
894,I have been really stressed about being separated from my boyfriend from Canada.,Social Relationships,4,friends
895,i have been really stressed about money lately,Financial Problem,5,finance
896,I have been really stressed over money concerns and coronavirus.,Financial Problem,5,finance
897,I have been really stressing about the coronavirus.,Other,6,unknown
898,i have been sick so i feel so behind,Emotional Turmoil,6,unknown
899,i have been so stressed about work load.,Work,1,work
900,i have been so stressed trying to get over this broken ankle.,"Health, Fatigue, or Physical Pain",3,health
901,i have been so stressed up with my job recently,Work,1,work
902,i have been sressing about not getting enough hits on turk,Financial Problem,5,finance
903,i have been stessing out about getting my strength back in my legs after finding out i h,"Health, Fatigue, or Physical Pain",3,health
904,I have been stressed about COVID-19!!,"Health, Fatigue, or Physical Pain",3,health
905,i have been stressed about finances.,Financial Problem,5,finance
906,i have been stressed about finding a job given all of the recent events going on,Work,1,work
907,i have been stressed about finding a way to work from home.,Work,1,work
908,i have been stressed about getting a promotion,Work,1,work
909,i have been stressed about live and planning a future after graduation from college,Everyday Decision Making,6,unknown
910,i have been stressed about making new friends,Social Relationships,4,friends
911,I have been stressed about my classes. I think I will fail.,School,1,work
912,i have been stressed about my credit card debt.,Financial Problem,5,finance
913,i have been stressed about my financial situation,Financial Problem,5,finance
914,i have been stressed about my financial situation because we currently have so much debt,Financial Problem,5,finance
915,i have been stressed about not having enough money after the christmas season?,Financial Problem,5,finance
916,i have been stressed about paying for christmas presents.,Financial Problem,5,finance
917,i have been stressed about paying my credit card off.,Financial Problem,5,finance
918,I have been stressed about paying my rent. It has increase over $150 this month.,Financial Problem,5,finance
919,i have been stressed about picking up sub jobs,Work,1,work
920,i have been stressed about the move coming up.,Other,6,unknown
921,i have been stressed about work load and my abilities to finish on time.,Work,1,work
922,i have been stressed about work. i want to be busy and i'm not.,Work,1,work
923,i have been stressed because its tough to work when you are bi-polar,Work,1,work
924,i have been stressed for class work and work,Work,1,work
925,i have been stressed not seeing friends from being stuck inside due to covid19,Social Relationships,4,friends
926,I have been stressed out about being at home and unable to work.,Work,1,work
927,I have been stressed out about coronavirus. :(,"Health, Fatigue, or Physical Pain",3,health
928,I have been stressed out about COVID-19,Emotional Turmoil,6,unknown
929,i have been stressed out about finances and how to get everything paid,Financial Problem,5,finance
930,i have been stressed out about money and my finances.,Financial Problem,5,finance
931,i have been stressed out about my recent weight gain.,"Health, Fatigue, or Physical Pain",3,health
932,I have been stressed out about when I will be going back to work,Work,1,work
933,i have been stressed out by my daughter turning in her guidance counselor for bullying,Family Issues,2,family
934,i have been stressed out over money. i left my job to be able to stay with my children.,Financial Problem,5,finance
935,i have been stressing a lot about my failing relationship with my girl.,Social Relationships,4,friends
936,I have been stressing about COVID-19,Emotional Turmoil,6,unknown
937,i have been stressing about getting an internship for the upcoming summer.,Work,1,work
938,i have been stressing about getting enough exercise in now that it is so cold.,"Health, Fatigue, or Physical Pain",3,health
939,i have been stressing about going back to school,School,1,work
940,i have been stressing about home school this week and what lessons that need to be made!,School,1,work
941,i have been stressing about money and finding a new job.,Financial Problem,5,finance
942,I have been stressing about my my eating and my weight. Trying to meal plan is hard.,"Health, Fatigue, or Physical Pain",3,health
943,I have been stressing about the dynamic between me and my boss.,Work,1,work
944,i have been stressing about what to do about my daughter.,Family Issues,2,family
945,i have been stressing financially,Financial Problem,5,finance
946,i have been stressing out about a new assignment i received at work,Work,1,work
947,I have been stressing out about all the work I need to do for work next week.,Work,1,work
948,i have been stressing out about having to substitute teach,Work,1,work
949,i have been stressing out about the upcoming hospitalization.,"Health, Fatigue, or Physical Pain",3,health
950,I have been stressing out about trying to get my son to do his homework.,Family Issues,2,family
951,i have been stressing out about work and my health.,Work,1,work
952,i have been stressing out because of the recent math test. i don't think i did too well.,School,1,work
953,i have been stressing out how to prepare for my final exam.,School,1,work
954,i have been stressing out over paying my bills!,Financial Problem,5,finance
955,i have been stressing over the cracked rotor from when the car fell off jack.,Other,6,unknown
956,i have been struggling to find a job.,Work,1,work
957,i have been struggling to sleep,"Health, Fatigue, or Physical Pain",3,health
958,i have been thinking a lot about what i should do when i graduate college.,School,1,work
959,i have been tired of dealing with frustrations within the family.,Family Issues,2,family
960,i have been trying to apply for a loan but to no avail.,Financial Problem,5,finance
961,i have been trying to sort out my manuscript,Work,1,work
962,I have been very stressed out because of the coronavirus,"Health, Fatigue, or Physical Pain",3,health
963,i have been very stressed out by all the bad drivers near my house.,Other,6,unknown
964,i have been wanting to find another job for some time now,Work,1,work
965,i have been working too many hours but don't have a choice because of home issues,Work,1,work
966,i have been worried about all of my work projects that are due tomorrow.,Work,1,work
967,i have been worried about finances.,Financial Problem,5,finance
968,i have been worried about getting everything ready for our party on saturday.,Social Relationships,4,friends
969,i have been worried about my mom.,Family Issues,2,family
970,i have been worried about paying a bill,Financial Problem,5,finance
971,i have been worried about the results of my son's blood work.,Family Issues,2,family
972,I have been worried about when things will be normal again.  I don't know when I'll have,Other,6,unknown
973,"i have been worrying about finding a way to make money, without being miserable.",Financial Problem,5,finance
974,I have been worrying about my daughter with medical needs catching this scary virus.,"Health, Fatigue, or Physical Pain",3,health
975,i have crazy diarrhea and it wont stop how do i fix it?,"Health, Fatigue, or Physical Pain",3,health
976,i have exams next week but i have not studied enough.,School,1,work
977,i have gained some weight,"Health, Fatigue, or Physical Pain",3,health
978,i have had a hard time working with lisa.,Work,1,work
979,i have had a headache for several days,"Health, Fatigue, or Physical Pain",3,health
980,i have had a lot of hours at work.,Work,1,work
981,i have had a stressful day at work,Work,1,work
982,i have had some issues at work.,Work,1,work
983,i have had some problems at work.,Work,1,work
984,i have had to work extra lately.,Work,1,work
985,i have had trouble with my computer at work,Work,1,work
986,i have just been a little overwhelmed with all the work,Work,1,work
987,"i have just been stressed about work, thanks for asking.",Work,1,work
988,i have just had alot on my mind with work and finances,Work,1,work
989,i have like no money at all and i hate it,Financial Problem,5,finance
990,i have lot of work pressure & personal issues. need your advice & way to relax,Work,1,work
991,"i have ma lot of work at my office, i need some time off",Work,1,work
992,i have many problems in my work. it is very stressful.,Work,1,work
993,I have money problems.,Financial Problem,5,finance
994,i have more bills than money!,Financial Problem,5,finance
995,i have my evaluation at work,Work,1,work
996,i have my step 1 exam coming up in 2 weeks,School,1,work
997,i have new sales goals at work that have been difficult to achieve,Work,1,work
998,i have no clue what to fix for dinner.,Everyday Decision Making,6,unknown
999,i have no idea what i'm cooking tonight!,Everyday Decision Making,6,unknown
1000,i have no idea what to make for dinner,Everyday Decision Making,6,unknown
1001,i have no money and i don't know how i am going to pay bills.,Financial Problem,5,finance
1002,i have no money to buy food for the cats and i can pay bills.,Financial Problem,5,finance
1003,i have no money.,Financial Problem,5,finance
1004,i have no motivation to work on this important paper,School,1,work
1005,I have no work and the bills are piling up,Financial Problem,5,finance
1006,i have not been able to find a job and am super stressed.,Work,1,work
1007,"I have not been able to see people in person, and it's killing me",Social Relationships,4,friends
1009,i have one close friend . and i have fight with her. she did not talk to me . so i am ve,Social Relationships,4,friends
1011,I have problem at work,Work,1,work
1012,i have recently been stressed out about upcoming deadlines for projects at work.,Work,1,work
1013,i have recently gone back to school and it is hard finding balance,School,1,work
1014,i have several health issues that are causing me extreme stress.,"Health, Fatigue, or Physical Pain",3,health
1015,i have so much to do and i'm always scared i'm forgetting something.,Emotional Turmoil,6,unknown
1016,i have so much to do around my house i don't kow where to begin first.,Everyday Decision Making,6,unknown
1017,i have so much to do today and now my kid is sick.,Family Issues,2,family
1018,i have so much to keep track of but can't stay organized.,Everyday Decision Making,6,unknown
1019,i have som upcoming bills that i'm not sure how i'm going to pay for.,Financial Problem,5,finance
1020,i have some deadlines at work this friday,Work,1,work
1021,i have some finacial issues going on i dont  know what to do,Financial Problem,5,finance
1022,I have some problems at work.,Work,1,work
1023,i have some stress,Other,6,unknown
1024,i have some tasks that i keep putting off,Everyday Decision Making,6,unknown
1025,i have to choose between stressfull well-paid job and a better job with pay cut.,Work,1,work
1026,i have to clean my whole house to get ready to sell it.,Other,6,unknown
1027,i have to get a b- on my next test to get an a,School,1,work
1028,i have to get work done on my car!,Financial Problem,5,finance
1029,i have to meet with my PI tomorrow,Other,6,unknown
1030,i have to prep for interviews,Work,1,work
1031,"i have to replace an options counselor at work, resumes received are awful",Work,1,work
1032,i have to start college classes on wednesday,School,1,work
1033,I have to upload a video of myself giving a speech,School,1,work
1034,"i have to work with an obnoxious, mean-spirited co-worker daily, and it is very difficul",Work,1,work
1035,i have too many essays to write.,School,1,work
1036,i have too many things on my plate at work.,Work,1,work
1037,i have too much work load at work.,Work,1,work
1038,"i have very little money in my account, i can't make ends meet.",Financial Problem,5,finance
1039,i haven't been able to find work and things are going bad with school.,Work,1,work
1040,I haven't been able to get out like I used to because my anxiety is so bad.,Emotional Turmoil,6,unknown
1041,i haven't been able to lose weight despite working out and eating healthy.,"Health, Fatigue, or Physical Pain",3,health
1042,i havent been able to make as much money as i need to pay rent.,Financial Problem,5,finance
1043,i haven't been able to take some vacations,Work,1,work
1044,I haven't been feeling great about this whole coronavirus situations. I'm very nervous.,Emotional Turmoil,6,unknown
1045,i haven't been getting along with my coworker lately.,Social Relationships,4,friends
1046,i haven't been getting enough help around the house.,Family Issues,2,family
1047,i haven't been sleeping well lately.,"Health, Fatigue, or Physical Pain",3,health
1050,i haven't seen in good shape,"Health, Fatigue, or Physical Pain",3,health
1051,i having a major problem at work with a co-worker who bully me often.,Work,1,work
1052,i hear that there may be a storm coming and i work outside.,Work,1,work
1053,i hope you are ok!,Other,6,unknown
1054,i hurt my foot,"Health, Fatigue, or Physical Pain",3,health
1055,I just am feeling very uncertain about the future,Emotional Turmoil,6,unknown
1056,i just burned dinner and i have no time to make another.,Everyday Decision Making,6,unknown
1057,i just can't seem to keep my kitchen clean and de-cluttered.,Other,6,unknown
1058,i just can't seem to make enough money for this family.,Financial Problem,5,finance
1059,I just can't think of what to cook right now,Everyday Decision Making,6,unknown
1060,i just discovered mold in the bathroom,Other,6,unknown
1061,i just don't have any time between work and kids and home,Family Issues,2,family
1062,I just feel I don't have time to finish everything.,Everyday Decision Making,6,unknown
1063,i just feel really overwhelmed,Emotional Turmoil,6,unknown
1064,i just felt distressed due to the happenings in my work station.,Work,1,work
1065,i just found out my wages are being garnished due to something from years ago.,Financial Problem,5,finance
1066,i just got back from vacation and i have a lot of work to do.,Work,1,work
1067,i just got in a car wreck and my car is totaled.,Other,6,unknown
1068,i just got my student loan bill and i don't know how i'm going to pay this.,Financial Problem,5,finance
1069,I just had a mental breakdown.,Emotional Turmoil,6,unknown
1070,i just had an auto accident. i need to know what to do.,Other,6,unknown
1071,i just left my job after 5 years.,Work,1,work
1072,i just lost my job and am now doing job interviews.,Work,1,work
1073,i just moved to arizona from california. i don't know what to do job wise.,Work,1,work
1074,i just moved with my fiance.,Social Relationships,4,friends
1075,i just recently booked my wedding venue and planning the entire wedding,Social Relationships,4,friends
1076,i just recenty lost my job,Work,1,work
1077,i just started working a new job and i'm worried about messing up,Work,1,work
1078,i keep having to drive my girlfriend around its annoying.,Social Relationships,4,friends
1080,I know it will  be too stressful today but we don't want to let stress take over us,Everyday Decision Making,6,unknown
1081,I live in a elderly community with nurses coming in and out I scared they will bring in,"Health, Fatigue, or Physical Pain",3,health
1082,I lost half my income due to COVID,Financial Problem,5,finance
1083,I lost money on Tesla today.,Financial Problem,5,finance
1084,i lost my job and am low on money it sucks :(,Work,1,work
1085,i lost my job and dont know how ill make money now,Financial Problem,5,finance
1086,I lost my job because of the Coronavirus pandemic.,Work,1,work
1087,"I LOST MY JOB BECAUSE OF THE CORONAVIRUS, NOW IM COLLECTING UNEMPLOYMENT.",Financial Problem,5,finance
1088,"i lost my job three weeks ago, and am stressed about money.",Work,1,work
1089,I lost my job.,Financial Problem,5,finance
1090,i m stressed about getting hours cut to a minimum of 30 hours a week,Work,1,work
1091,i m stressing out over the holidays.,Social Relationships,4,friends
1092,"i made a big bet on the game tonight and lost, now i have to pay the bookie.",Financial Problem,5,finance
1093,i made a mistake,Emotional Turmoil,6,unknown
1094,i made a mistake at work,Work,1,work
1095,I may get the virus and die.,"Health, Fatigue, or Physical Pain",3,health
1096,i may have broken my toe.,"Health, Fatigue, or Physical Pain",3,health
1097,i mean i'm going to get half my teeth ripped out on tuesday.,"Health, Fatigue, or Physical Pain",3,health
1098,i might lose my job becase of budget cuts,Work,1,work
1099,i miss my friend we got into it really bad the other day and now she wont talk to me,Social Relationships,4,friends
1100,i moved in with my boyfriend too quickly and i realize i don't really like him now.,Social Relationships,4,friends
1101,"I must write a 5 page paper and it due Monday 6 of April, which I need help on it.",School,1,work
1102,i need a better job so i'm stressing about bills.,Work,1,work
1103,i need a break from this,Other,6,unknown
1104,I need a haircut and all the barbers are closed.,Other,6,unknown
1105,i need a job and i'm running out of money.,Financial Problem,5,finance
1106,i need a tooth pulled and i continue to put it off,"Health, Fatigue, or Physical Pain",3,health
1107,i need help and i need someone to talk to.,Emotional Turmoil,6,unknown
1108,i need more money for stuff,Financial Problem,5,finance
1109,i need more money to pay my bills.,Financial Problem,5,finance
1110,i need someone to talk to or shall i say vent. call me asap,Emotional Turmoil,6,unknown
1111,I need someone to talk with since I'm quarintined.,Social Relationships,4,friends
1112,i need to do laundry tomorrow and i have no ride,Everyday Decision Making,6,unknown
1113,i need to figure out storage,Everyday Decision Making,6,unknown
1114,i need to find a job,Work,1,work
1115,i need to find a job asap to get money.,Financial Problem,5,finance
1116,i need to find a new job!,Work,1,work
1117,I need to find a work from home job that isn't a scam.,Work,1,work
1118,i need to get enrolled in school,School,1,work
1119,i need to get good grades,School,1,work
1120,i need to get my homework done but i don't have a lot of time,School,1,work
1121,"i need to have some car repairs done, but, have no time to make an appointment.",Everyday Decision Making,6,unknown
1122,i needed to know if you though charging my credit card would be a good idea,Financial Problem,5,finance
1123,i overdrew my bank account by 200 dollars,Financial Problem,5,finance
1124,i really haven't been able to get any sleep recently.,"Health, Fatigue, or Physical Pain",3,health
1125,"i really need to get more sleep, but can't seem to do it!","Health, Fatigue, or Physical Pain",3,health
1126,I really need to get out of my house.,Other,6,unknown
1127,I really stressed about about find a job.,Work,1,work
1128,i really want to work on my project but i just don't have the energy.,"Health, Fatigue, or Physical Pain",3,health
1129,"I recently bought a 5th wheel rv, not sure I should have.",Financial Problem,5,finance
1130,I recently got fired from my job due to having to quarantine for coronavirus.,Work,1,work
1131,i recently made a large purchase and have found myself financially unstable.,Financial Problem,5,finance
1132,"i recently met this girl, but i'm not sure if she is the one i want. there's red flags.",Social Relationships,4,friends
1133,i recently started a new job and its hard to transition.,Work,1,work
1134,i spend most of my workday fixing other employees mistakes.,Work,1,work
1135,i still haven't been able to overcome the stress of losing the relationship,Social Relationships,4,friends
1136,"I stress about work, family, and my weight.",Work,1,work
1137,"i stress out about money, i wish i had more.",Financial Problem,5,finance
1138,I studied like 5 hours and still failed my bio exam,School,1,work
1139,I suddenly want to go out but it is only because I know I can't.,Other,6,unknown
1142,"I think I'm failing my statistics class, and it's really causing me anxiety!",School,1,work
1143,i think it is my parents health,"Health, Fatigue, or Physical Pain",3,health
1144,i think my boss might quit  which will leave my company screwed,Work,1,work
1145,i think my husband is cheating on me.,Family Issues,2,family
1146,I think this covid -19 issue being quarantined in the house all week is really stressful,"Health, Fatigue, or Physical Pain",3,health
1147,i think work has been getting stressful,Work,1,work
1148,i threw my husband that birthday party for a bunch of people.,Other,6,unknown
1149,"i told you, my problem is at work.",Work,1,work
1150,i totaled my car and i need another car asap.,Financial Problem,5,finance
1151,i use my mobile as stress buster for m problem in my life.,Other,6,unknown
1153,i want to earn more money.,Financial Problem,5,finance
1154,i want to eat better but i'm having a hard time with it,"Health, Fatigue, or Physical Pain",3,health
1155,i want to finish my paper,School,1,work
1156,"i want to have biological children, but i am infertile.",Emotional Turmoil,6,unknown
1157,i want to help a friend overseas but am unable to.,Social Relationships,4,friends
1159,i want to move out of the state,Other,6,unknown
1160,i was having chest pains the other day,"Health, Fatigue, or Physical Pain",3,health
1161,i was in stressful event because my team leader blamed on me for unwanted issues,Work,1,work
1162,I was just laid off.,Work,1,work
1163,i was late for work again,Work,1,work
1164,I was recently told that I had to move out of a place that I really love.,Other,6,unknown
1166,i was sick the past few days. also my roommate lost his job.,"Health, Fatigue, or Physical Pain",3,health
1167,i was stressed out this morning when the grocery store was so crowded.,Other,6,unknown
1168,i was talking to me. x and i told him what was on my mind.,Social Relationships,4,friends
1169,i was very upset about planning a meal today. can u please suggest a meal plan.,Everyday Decision Making,6,unknown
1170,i wasn't able to pay my car payment last month due to the holidays,Financial Problem,5,finance
1171,i went to pick up medicine and my insurance was denied.  i tried to call the company,Financial Problem,5,finance
1172,I went to the store and I cannot buy anything I need because of the panic buying.,Everyday Decision Making,6,unknown
1173,i went to work but the door was locked?,Work,1,work
1174,i went to work with this lady that told me she would pay me and she hasnt even done so,Work,1,work
1175,i will change jobs soon and i am nervous about that,Work,1,work
1176,I wish I could go to visit my daughter and her family in CA.,Social Relationships,4,friends
1177,I wish I could start my new job sooner than the 6th.  I NEED MONEY!,Financial Problem,5,finance
1178,I wish I earned enough at home so I could continue self-isolating.,Financial Problem,5,finance
1179,i woke up late this morning and was almost late to a meeting.,Work,1,work
1180,i woke up with a migraine and nothing went right today,"Health, Fatigue, or Physical Pain",3,health
1181,i wont be able to see william,Social Relationships,4,friends
1182,"i work 60 plus hour weeks, i'm stressed beyond belief.",Work,1,work
1183,I worried about losing my job because of the coronavirus.,Work,1,work
1184,i would be stressful,Other,6,unknown
1186,i would feel pressured to answer.,Other,6,unknown
1187,i would openly explain the situation in complete detail.,Other,6,unknown
1189,i would respond back about what it bothering me,Other,6,unknown
1190,I would say keep your head up because things will  get better,Other,6,unknown
1191,i would say that work is very stressfull and it is getting to me very much,Work,1,work
1192,i would say the fact that my boyfriend has not been returning my calls.,Social Relationships,4,friends
1193,i would say this supervisor at work,Work,1,work
1194,I would say this whole corona virus situation has me stresssed,Other,6,unknown
1195,i would say work is very stressful lately. the pressure to meet stats is difficult,Work,1,work
1196,i would talk about losing a loved one.,Emotional Turmoil,6,unknown
1199,I would tell them something about work.,Work,1,work
1200,"I would tell them that I haven't been feeling very good about things, and I would tell t",Emotional Turmoil,6,unknown
1203,"I would text back regarding the health of my dog, who has cancer.","Health, Fatigue, or Physical Pain",3,health
1205,i'am really weak.,"Health, Fatigue, or Physical Pain",3,health
1206,i'd go on to tell my friend how i'm stressed out about not having a stable income,Financial Problem,5,finance
1207,"idiots passing me in ""no passing zones"" at 80 mph while i'm trying to deliver the mail.",Work,1,work
1208,idk man i feel like my life has no direction.,Emotional Turmoil,6,unknown
1209,if i can make ends meet for the month,Financial Problem,5,finance
1210,if i will be able to get tickets to my favorite show before they sell out,Other,6,unknown
1212,If there is enough to do at work so that I will not get laid off.,Work,1,work
1214,i'll probably need to work all night,Work,1,work
1215,i'm 6 months pregnant working a very tiring job.,Work,1,work
1216,i'm a caregiver for a 99-year-old lady who is prone to falls.,Work,1,work
1217,i'm a self-employed musician and work is slow right now.,Work,1,work
1218,i'm anxious about failing to meet my commitments to my family,Family Issues,2,family
1219,"i'm behind on bills, and need to find a job.",Financial Problem,5,finance
1220,i'm behind on my bills and it feels like i'm never going to be able to get ahead.,Financial Problem,5,finance
1221,i'm being sued by debt collectors and i don't know how to deal with it,Financial Problem,5,finance
1222,"i'm broke as a joke, something has to give.",Financial Problem,5,finance
1223,i'm chasing deadlines in my work projects.,Work,1,work
1224,im constantly in pain and the doctors have no idea what to do,"Health, Fatigue, or Physical Pain",3,health
1225,i'm cooking dinner for the inlaws tonight.  why bother they hate me?,Family Issues,2,family
1226,I'm currently worried about the corona virus and my job security.,Work,1,work
1227,i'm dealing with health issues and am not sure of what is going to happen.,"Health, Fatigue, or Physical Pain",3,health
1228,i'm directing a musical and my students have been giving me a lot of attitude.,Social Relationships,4,friends
1230,i'm due in court in two weeks over a custody dispute.,Family Issues,2,family
1231,im feeling a little bit stress about work and ive had a very long day.,Work,1,work
1232,i'm feeling kind of bad about how i seem pressed for time from all angles,Emotional Turmoil,6,unknown
1233,i'm feeling stuck like if i can't go anywhere to live my life i'm being threatened,Emotional Turmoil,6,unknown
1234,i'm feeling super stressed about work.,Work,1,work
1235,im felling pretty ok actually altho there seems to be lots of fault in the software that we're developing for research,Work,1,work
1236,i'm going to be applying and interviewing for pharmacy schools soon and it's stressful.,School,1,work
1237,im having a hard time a work my boss is being awful,Work,1,work
1238,i'm having a hard time at ork,Work,1,work
1239,i'm having a hard time finding a job.,Work,1,work
1240,I'm having a hard time getting a job. This virus doesn't help with the job search.,Work,1,work
1241,i'm having a problem with a coworker at work,Work,1,work
1242,i'm having friends over for dinner and i don't know what to serve them,Everyday Decision Making,6,unknown
1243,"I'm having problems at work, I feel like I don't fit in with my coworkers",Work,1,work
1244,i'm having problems with a co-worker at my job and i don't know what to do.,Work,1,work
1245,i'm having second thoughts about getting married.,Social Relationships,4,friends
1246,i'm having some trouble at work.,Work,1,work
1247,i'm having trouble finding a job! i'm either over qualified or the job is too far.,Work,1,work
1248,i'm having trouble finding a place big enough for all of us.,Other,6,unknown
1249,i'm having trouble finding work.,Work,1,work
1250,i'm having trouble proving my income to a landlord.,Financial Problem,5,finance
1254,i'm in the middle of a messy divorce.,Emotional Turmoil,6,unknown
1255,i'm in the process of job hunting and almond is very sick.,Social Relationships,4,friends
1256,I'm just concerned about not making enough money this month,Financial Problem,5,finance
1257,I'm just feeling like I'm in limbo during this COVID pandemic.,"Health, Fatigue, or Physical Pain",3,health
1258,"im just feeling under appreciated ya know, and super depressed.",Emotional Turmoil,6,unknown
1259,i'm just feeling very overwhelmed with my workload and stupid people.,Work,1,work
1260,i'm just going through a lot.,Emotional Turmoil,6,unknown
1261,"i'm just having a really hard time focusing on work lately, it's hard.",Work,1,work
1262,i'm just not myself lately. i have been a little down since the beginning of the week.,Emotional Turmoil,6,unknown
1263,I'm just really stressing about our money situation and the covid crisis.  We are bored.,Financial Problem,5,finance
1264,i'm just so stressed out i just need things to get better i pray for better,Emotional Turmoil,6,unknown
1265,I'm just so stressed out with work I'm not getting along with my coworkers.,Work,1,work
1266,i'm just stressed about school and work. not enough time to get everything done!,Work,1,work
1267,i'm just stressting as i can't figure out when they'll release my favovite show on dvd.,Other,6,unknown
1268,I'm just very stressed out because of the corona virus and I'm not handling it.,Emotional Turmoil,6,unknown
1269,i'm late on my rent and my electric will be shut off if i don't pay by tomorrow. you?,Financial Problem,5,finance
1270,"I'm living with my inlaws, and I'm not sure that I'm doing enough around the house.",Family Issues,2,family
1271,I'm losing hours at work due to the virus.,Work,1,work
1272,i'm most stressed about my grandpa who is sick in the hospital.,Family Issues,2,family
1273,"i'm not at liberty to disclose that, but it's something weighing down heavy on me.",Emotional Turmoil,6,unknown
1274,i'm not getting along with my husband.,Family Issues,2,family
1275,"i'm not getting enough hours at work.  christmas was expensive, and i'm broke.",Work,1,work
1276,i'm not good at cooking but must cook sunday dinner.,Other,6,unknown
1277,i'm not making as much money as i would like.,Financial Problem,5,finance
1278,i'm not making enough money to make ends meet.,Financial Problem,5,finance
1279,i'm not sleeping well,"Health, Fatigue, or Physical Pain",3,health
1282,i'm not sure how to start saving money.,Financial Problem,5,finance
1283,i'm not sure what i can make other than pasta for dinner,Everyday Decision Making,6,unknown
1284,I'm not working as much. I wasn't feeling good.,Work,1,work
1285,I'm officially off of work because of the Coronavirus,Work,1,work
1286,"i'm overwhelmed, need a day away from this house! going stir crazy.",Family Issues,2,family
1287,i'm pretty stressed about school i didnt do very well on my test,School,1,work
1288,I'm really kind of stressed about covid-19.,Emotional Turmoil,6,unknown
1289,i'm really stressed about money at the moment,Financial Problem,5,finance
1290,i'm really stressed about school and all the work that i have to do this week.,School,1,work
1291,I'm really stressed out by everything going on with COVID-19.,Other,6,unknown
1292,I'm really worried about how the corona virus will impact my life longterm.,"Health, Fatigue, or Physical Pain",3,health
1293,i'm really worried about my appointment with dr. bean.,"Health, Fatigue, or Physical Pain",3,health
1294,I'm so behind in emails!,Work,1,work
1295,i'm so exhausting working these long hours,Work,1,work
1296,I'm so freaked out!,Emotional Turmoil,6,unknown
1297,i'm so stressed about my finances. i don't even know where to start,Financial Problem,5,finance
1298,i'm so stressed out about finding a new job,Work,1,work
1299,i'm so stressed out about school. i just turned in a paper that i don't feel good about.,School,1,work
1300,i'm so stressed out i burned my pizza,Other,6,unknown
1301,I'm so worried about getting sick or my husband getting sick.,"Health, Fatigue, or Physical Pain",3,health
1302,I'm so worrying about my job situation due to corona virus pandemics.,Work,1,work
1303,i'm sorry about your frustrations at work!,Work,1,work
1304,"I'm still looking for work, and coronavirus is going to slow that down.",Work,1,work
1305,"i'm still waiting for my food stamps to hit, they are overdue how am i gonna eat",Financial Problem,5,finance
1306,i'm stress about seeing as many clients as possible this week.,Work,1,work
1307,I'm stress out about having to work from home and not being able to see anyone.,Social Relationships,4,friends
1308,i'm stressed about a math quiz tomorrow.,School,1,work
1309,i'm stressed about all the work that keeps pilling up with no time to finish ~!,Work,1,work
1310,i'm stressed about being able to graduate and find a job,School,1,work
1311,i'm stressed about finding a job,Work,1,work
1312,i'm stressed about how my boss treats me,Work,1,work
1313,I'm stressed about my family getting sick,"Health, Fatigue, or Physical Pain",3,health
1314,I'm stressed about my finances because of COVID and entering grad school.,School,1,work
1315,i'm stressed about my new job. expectations are higher and i'm playing catch up.,Work,1,work
1316,I'm stressed about not being able to go grocery shopping when I want anymore,Everyday Decision Making,6,unknown
1317,"I'm stressed about not being able to see my family. Also, uncertain when work resumes.",Family Issues,2,family
1318,I'm stressed about not working and having enough money,Work,1,work
1319,i'm stressed about school and therapy.,School,1,work
1320,i'm stressed about where to go to school next.,School,1,work
1321,I'm stressed about work,Work,1,work
1322,i'm stressed about work since we have a filing deadline next week.,Work,1,work
1323,I'm stressed out about being on lockdown and out of work.,Work,1,work
1324,I'm stressed out about COVID-19 and its' impact on the US.,Everyday Decision Making,6,unknown
1325,i'm stressed out about money. i can barely pay the bills and keep food in the house.,Financial Problem,5,finance
1326,i'm stressed out about my financial situation.,Financial Problem,5,finance
1327,I'm stressed out about the corona virus.,"Health, Fatigue, or Physical Pain",3,health
1328,I'm stressed out about the coronavirus and everything being shut down,Emotional Turmoil,6,unknown
1329,"I'm stressed out about the Coronavirus, lol.",Emotional Turmoil,6,unknown
1330,i'm stressed out at work and need help,Work,1,work
1331,Im stressed out by this coronavirus.,"Health, Fatigue, or Physical Pain",3,health
1332,i'm stressed out thinking about work.,Work,1,work
1333,i'm stressed that i don't make enough money at work.,Financial Problem,5,finance
1334,i'm stressing out about bills. how about you?,Financial Problem,5,finance
1335,i'm stressing out about sticking to a work out routine,"Health, Fatigue, or Physical Pain",3,health
1336,i'm stressing out because i have too many appointment to keep up with,Everyday Decision Making,6,unknown
1337,I'm stuck at home and feel like I'm getting sick.,"Health, Fatigue, or Physical Pain",3,health
1338,i'm studying for a high stakes exam,School,1,work
1339,i'm studying for an exam and i feel like i'm running out of time,School,1,work
1340,i''m super stressed about money,Financial Problem,5,finance
1341,Im sure you know already! The virus like everyone else!,Financial Problem,5,finance
1342,i'm thinking about how to save up money for the birth of my child.,Financial Problem,5,finance
1343,i'm tired,"Health, Fatigue, or Physical Pain",3,health
1344,i'm tired and i don't want to go to work,Work,1,work
1345,i'm tired of stephanie telling me she is going to hire more help.,Work,1,work
1347,i'm trying to figure out this new app so i can plan my meals tomorrow.,Other,6,unknown
1348,i'm trying to find a job that can work around my son's work schedule.,Work,1,work
1349,i'm trying to find a job that i can work around my son's schedule.,Work,1,work
1350,i'm trying to make some meatloaf but i don't have most of the ingredients.,Everyday Decision Making,6,unknown
1351,i'm trying to pay off credit cards,Financial Problem,5,finance
1352,i'm trying to plan my sister's wedding,Family Issues,2,family
1353,i'm trying to start my own online sales business and the sales are very low lately.,Work,1,work
1354,I'm very anxious about the news lately and the outcome on work,Work,1,work
1355,i'm very stressed about my weight. i feel that no matter how hard i try i can't lose wei,"Health, Fatigue, or Physical Pain",3,health
1358,I'm working from home all the time.,Work,1,work
1359,i'm worried about applying for residencies,School,1,work
1360,im worried about asking for that raise at work,Work,1,work
1361,I'm worried about catching COVID-19 from patients at work.,"Health, Fatigue, or Physical Pain",3,health
1362,i'm worried about completeting all my tasks today,Everyday Decision Making,6,unknown
1363,I'm worried about COVID-19 and how much longer this is going to go on for.,Emotional Turmoil,6,unknown
1364,I'm worried about finding a new place to live.,Everyday Decision Making,6,unknown
1365,i'm worried about getting all of my work done on time for my job,Work,1,work
1366,I'm worried about how long we'll be in isolation from covoid-19,"Health, Fatigue, or Physical Pain",3,health
1367,i'm worried about money.,Financial Problem,5,finance
1368,i'm worried about moving,Other,6,unknown
1369,I'm worried about my college courses. It's tough for me right now.,School,1,work
1370,i'm worried about my daughter. i'm afraid she isn't taking school seriously.,Family Issues,2,family
1371,i'm worried about my granddaughter who is sick.,Family Issues,2,family
1372,I'm worried about my mother.,Family Issues,2,family
1373,I'm worried about my parents catching this virus.,Family Issues,2,family
1374,I'm worried about my student having enough time to review before his exam.,School,1,work
1375,i'm worried about my upcomming deadline,Work,1,work
1376,I'm worried about my work.,Work,1,work
1377,i'm worried about not having a job and not having savings.,Financial Problem,5,finance
1378,I'm worried about not having enough money to pay the bills,Financial Problem,5,finance
1379,i'm worried about the tension in my office.,Work,1,work
1380,i'm worried because the car is on it's last legs.  we need breaks but can't get them,Financial Problem,5,finance
1381,im worried i might get laid off due to coronovirus,Work,1,work
1382,i'm worried i'm not working hard enough,Work,1,work
1383,i'm worried that i'm wasting food,Everyday Decision Making,6,unknown
1384,i'm worried that i've gotten myself into a very awkward situation,Other,6,unknown
1385,in office the work is overloaded so i am get stressed,Work,1,work
1386,"in one word: everything. honestly, i keep losing. i put everything i have into my work.",Work,1,work
1387,incredibly tired and i have to be alert until noon today,"Health, Fatigue, or Physical Pain",3,health
1388,interviewing for a promotion at work,Work,1,work
1389,issues we have at work about data,Work,1,work
1390,issues with my roommates. it's so annoying.,Social Relationships,4,friends
1392,it has been a very stressful day for me,Other,6,unknown
1393,It has really been stressing me out lately trying to find my favorites foods.,Everyday Decision Making,6,unknown
1395,it is stressful now a days i am going through the test reading all the time,School,1,work
1396,it is stressful to watch the cleveland browns football games.,Emotional Turmoil,6,unknown
1397,It is the coronavirus it have every one stress out,Emotional Turmoil,6,unknown
1398,it is the fact that i now have guardianship of my grandkids.   i worry about it.,Family Issues,2,family
1399,it is winter time and the kids are indoors most of the time now.,Family Issues,2,family
1400,it really feels like my family is a mess sometimes,Family Issues,2,family
1401,it seems my kids are having trouble making friends,Family Issues,2,family
1402,it stresses me out that i am the only person who works around here ever,Work,1,work
1403,It stresses me out to grocery shop due to the Coronavirus.,Everyday Decision Making,6,unknown
1404,it stresses me out when people dont show up to work on time.,Work,1,work
1405,it was spending to much time on computer and telephone.,Other,6,unknown
1407,It's been a long day.,Other,6,unknown
1408,it's been a pain to try and coordinate with everyone to figure out thanksgiving plans!,Family Issues,2,family
1409,it's been a rough week at work!,Work,1,work
1410,it's been a week full of hectic activities. it's so crazy at work .,Work,1,work
1412,it's been really hard not having my own money since i took a leave of absence.,Financial Problem,5,finance
1413,It's been stressful in these current times of pandemic.,Emotional Turmoil,6,unknown
1414,its been tough at work,Work,1,work
1416,Its easily this horrible virus going around. It is been tough and staying home sucks,"Health, Fatigue, or Physical Pain",3,health
1417,its family,Family Issues,2,family
1418,it's hard to get the tulsa libertarian party to agree to meet.,Other,6,unknown
1419,its just my job as always..too much work and too little time,Work,1,work
1420,It's just the usual craziness at work.,Work,1,work
1421,it's my job. i am being harassed and don't know what to do about it,Work,1,work
1422,its my job. i can't get information from the higher ups.,Work,1,work
1423,it's taking so long for my job to make a decision.,Work,1,work
1424,it's usually work,Work,1,work
1425,I've been bored at home since I can't leave the house.,Other,6,unknown
1426,I've been bummed out about COVID.,Other,6,unknown
1427,i've been concerned about my money situation. i want to be able to stabilize it.,Financial Problem,5,finance
1428,I've been concerned about the Wuhan Flu.  I afraid some of my liberal friends might cath,Social Relationships,4,friends
1429,i've been concerned with my logevity at work,Work,1,work
1430,"i've been dealing with a lot - moving, and my father's estate.",Family Issues,2,family
1431,i've been dealing with a lot of housing stuff lately,Other,6,unknown
1432,i've been dealing with my husband who is an alcoholic.,Family Issues,2,family
1433,I've been experiencing a lot of migraines lately.,"Health, Fatigue, or Physical Pain",3,health
1434,I've been feeling overworked and under appreciated at work lately.,Work,1,work
1435,I've been feeling stressed about the corona virus,Emotional Turmoil,6,unknown
1436,i've been fighting with my husband.,Family Issues,2,family
1437,I've been getting stressed about this corona virus,"Health, Fatigue, or Physical Pain",3,health
1438,i've been having a hard time emotionally and financially lately.,Financial Problem,5,finance
1439,i've been having a hard time focusing at work lately so i haven't been succeeding,Work,1,work
1440,i've been having a really hard time finding a job after relocating.,Work,1,work
1441,I've been having a really tough time handling this job promotion workload.,Work,1,work
1442,i've been having a tough time battling this anxiety; more particularly with relaxing.,Emotional Turmoil,6,unknown
1443,i've been having alot of health issues stomach and woman.,"Health, Fatigue, or Physical Pain",3,health
1444,i've been having car problems lately and worried i would need to find another car.,Financial Problem,5,finance
1445,i've been having issues completing my thesis.,School,1,work
1446,i've been having some financial issues. all of my money is going straight to bills.,Financial Problem,5,finance
1447,I've been having some really bad problems getting along with one of my coworkers.,Work,1,work
1448,"i've been in a long-term, long-distance relationship with a woman who's 1000 miles away",Social Relationships,4,friends
1450,i've been looking for a job now but haven't found anything as of yet.,Work,1,work
1451,i've been looking for a job.,Work,1,work
1452,i've been looking for a new job and can't find one.,Work,1,work
1453,i've been looking for house plans to start building a house and it's very stressful.,Everyday Decision Making,6,unknown
1454,i've been making poor eating habits in the last few weeks.,"Health, Fatigue, or Physical Pain",3,health
1455,i've been really stressed about bills lately. i haven't been able to make enough money.,Financial Problem,5,finance
1456,i've been really stressed about money and finances lately.,Financial Problem,5,finance
1457,i've been really stressed about my job because they might close down.,Work,1,work
1458,i've been really stressed about sean's anxiety lately.,Social Relationships,4,friends
1459,I've been really stressed about the coronavirus and the quarantine.,"Health, Fatigue, or Physical Pain",3,health
1460,I've been really stressed about the covid-19 issues that are going on,Emotional Turmoil,6,unknown
1461,i've been really stressed about work.,Work,1,work
1462,i've been really stressed out about money lately.,Financial Problem,5,finance
1463,i've been really stressed out about my custody hearing and just hoping everything goes w,Family Issues,2,family
1464,i've been really stressing out about money issues.,Financial Problem,5,finance
1465,I've been really worried about money since my hours got cut at work.,Financial Problem,5,finance
1466,I've been recently stressing about the economy.,Financial Problem,5,finance
1467,i've been running late to work and having trouble getting in on time.,Work,1,work
1468,i've been sick and my dog just died.,"Health, Fatigue, or Physical Pain",3,health
1469,i've been sick lately and need to get to the store for more food.,"Health, Fatigue, or Physical Pain",3,health
1470,I've been so stressed about school,School,1,work
1471,i've been so stressed about school.,School,1,work
1472,I've been so stressed out about figuring out my next move.,Emotional Turmoil,6,unknown
1473,i've been stressed about applying for my house loan.,Financial Problem,5,finance
1474,I've been stressed about finances. It's hard to pay off debt and also just live.,Financial Problem,5,finance
1475,i've been stressed about graduate school applications,School,1,work
1476,i've been stressed about my college major. is it right for me?,School,1,work
1477,I've been stressed about my romantic relationship lately.,Social Relationships,4,friends
1478,i've been stressed about not being able to find a job.,Financial Problem,5,finance
1479,I've been stressed about the coronavirus.,"Health, Fatigue, or Physical Pain",3,health
1480,"I've been stressed about the current coronavirus, its been tough to stay at home","Health, Fatigue, or Physical Pain",3,health
1481,i've been stressed by the recent holidays and lots of travelling back and forth.,Other,6,unknown
1482,I've been stressed for the past four years living under Trump,Other,6,unknown
1483,i've been stressed out about my partner's health,Family Issues,2,family
1484,I've been stressed out about my workload for my job.,Work,1,work
1485,i've been stressed out about work recently,Work,1,work
1486,i've been stressed out lately at work with tasks piling up.,Work,1,work
1487,I've been stressed out with trying to work from home with my daughter home,Work,1,work
1488,i've been stressing a lot about school,School,1,work
1489,i've been stressing about about my new job,Work,1,work
1490,I've been stressing about COVID. I hope I keep my job.,Work,1,work
1491,I've been stressing about finances.,Financial Problem,5,finance
1492,i've been stressing about my daughter's upcoming wedding.,Family Issues,2,family
1493,I've been stressing about my weight and the pandemic,"Health, Fatigue, or Physical Pain",3,health
1494,I've been stressing about not anting to spend money on food deliveries.,Financial Problem,5,finance
1495,i've been stressing about what's going on a work.,Work,1,work
1496,i've been stressing out about my money situation,Financial Problem,5,finance
1497,"Ive been stressing out about school and work, i feel like i have no time.",School,1,work
1498,i've been stressing out over money as usual,Financial Problem,5,finance
1499,i've been stressing over how to plan a dinner party,Social Relationships,4,friends
1500,"i've been stressing over my finances lately, i don't have enough for a bill.",Financial Problem,5,finance
1501,iv'e been stressing over not having a lot of money to pay bills.,Financial Problem,5,finance
1502,i've been stressing over the outcome of my pregnancy and praying all will be well.,"Health, Fatigue, or Physical Pain",3,health
1503,ive been struggling to get my bills paid,Financial Problem,5,finance
1504,I've been stuck inside with nothing to do :(,Other,6,unknown
1505,i've been studying for my midterms and i don't feel like i'm doing well,School,1,work
1506,i've been super stressed about a doctor's appointment.,"Health, Fatigue, or Physical Pain",3,health
1507,I've been super stressed out about my girlfriend and our relationship.,Social Relationships,4,friends
1508,i've been super stressed out at work lately.,Work,1,work
1509,i've been swamped with homework and school projects.,School,1,work
1510,ive been thinking about house situation,Other,6,unknown
1511,I've been trying to figure out what to cook for dinner every night,Everyday Decision Making,6,unknown
1512,"i've been trying to get enough money to buy a house, it's very difficult.",Financial Problem,5,finance
1513,i've been trying to get pregnant and still nothing,Family Issues,2,family
1514,i've been trying to lose weight and it hasn't been going well. stressful!,"Health, Fatigue, or Physical Pain",3,health
1515,I've been trying to potty train my 2 year old and she is just not seeming to understand.,Family Issues,2,family
1516,i've been trying to quit smoking for the last 3 days.,"Health, Fatigue, or Physical Pain",3,health
1517,i've been very stressed about work and things with my partner are not going well.,Work,1,work
1518,i've been wanting to go back to school and get a new place.,Other,6,unknown
1519,i've been wondering if i should apply for promotion at work or not.,Work,1,work
1520,i've been working a lot of overtime.,Work,1,work
1521,i've been working on getting my drivers license.,Other,6,unknown
1522,i've been worried about getting enough sleep at night.,"Health, Fatigue, or Physical Pain",3,health
1523,i've been worried about money lately.,Financial Problem,5,finance
1524,i've been worried about signing up for a new plan for my job,Work,1,work
1525,I've been worried about the coronavirus coming to our community,"Health, Fatigue, or Physical Pain",3,health
1526,I've been worrying about COVID-19 a lot.,"Health, Fatigue, or Physical Pain",3,health
1527,i've been worrying about how to regain control over my father's house.,Family Issues,2,family
1528,i've been worrying about money lately,Financial Problem,5,finance
1529,"i've been worrying about our old cat, pebbles, and if we need to put her down.",Emotional Turmoil,6,unknown
1530,i've been worrying night and day about my student loans.,Financial Problem,5,finance
1531,I've got to teach online. I hate technology I don't understand!,Work,1,work
1532,i've got too much work to do and not enough time,Work,1,work
1533,i've had a lot of work lately and i don't have any time to get everything done.,Work,1,work
1534,I've had a lot of work than usual these past couple weeks at my job,Work,1,work
1535,i've had horrible tooth problems that require surgery and i do not have enough money to,Financial Problem,5,finance
1536,i've had to deal with a bunch of nonsense at work.,Work,1,work
1537,I've had to quit working due to the spread of COVID-19,Work,1,work
1538,i've had to start looking for a new job,Work,1,work
1539,I've just been really worried about getting my essay done on time :(,School,1,work
1540,I've just been super stressed about work.,Work,1,work
1541,i've just been working really hard at work with no reward or recognition,Work,1,work
1542,i've lately been stressed about money,Financial Problem,5,finance
1543,I've recently been struggling to connect with people in my life,Social Relationships,4,friends
1544,I've recently started to compose music and finding a good melody is stressful,Emotional Turmoil,6,unknown
1545,ive taken my final but think i may have failed it.,School,1,work
1546,james is trying to go into the military,Social Relationships,4,friends
1547,job,Work,1,work
1548,"job searching, and i mean, the future in general",Work,1,work
1549,"job, even my office members not helping in my job",Work,1,work
1550,just a little stressed out by the holidays.,Emotional Turmoil,6,unknown
1552,just a work situation,Work,1,work
1553,just a work thing. people just cant seem to do their job,Work,1,work
1554,"just about everything that can go wrong is going wrong,",Other,6,unknown
1555,just been a long day at work and got into a fight there,Work,1,work
1556,"Just been busy with work and school, trying to get my shit together",Work,1,work
1557,just been having issues with money. finding it very hard to save for the life i like,Financial Problem,5,finance
1558,Just been stressed with all the pandemic stuff going on.,"Health, Fatigue, or Physical Pain",3,health
1559,just can't talk to people right now.,Social Relationships,4,friends
1560,just dealing with managing work/home life balance and feeling guilty about it.,Family Issues,2,family
1561,just dealing with my husbands increasing confusion.,Family Issues,2,family
1563,just everyone against everything that i do,Emotional Turmoil,6,unknown
1564,just exhausted from working all night on this project that's due soon,Work,1,work
1565,"just family stuff, nothing to worry about.",Family Issues,2,family
1566,just found out we have to move,Other,6,unknown
1567,just had a long day at work and overwhelmed with being broke.,Work,1,work
1568,"just having a long work week, kind of taxing my patience.",Work,1,work
1569,just hired a new employee and he is leaving after a month,Work,1,work
1570,just issues with my fam,Family Issues,2,family
1571,"Just laid off work, chilling how are you?",Work,1,work
1573,just money honestly! you know how it is,Financial Problem,5,finance
1574,"just not enough time in the day, so many things to do!",Everyday Decision Making,6,unknown
1576,just school and homework in general,School,1,work
1577,just sent a risky text,Social Relationships,4,friends
1578,just some changes happening at work.,Work,1,work
1579,just some crap at work.,Work,1,work
1580,just some personal stuff.,Emotional Turmoil,6,unknown
1581,just stressed about getting ready for the baby!,Family Issues,2,family
1582,"just stressed about work and stuff, driving me nuts",Work,1,work
1583,just stressed out about money and if i will have enough to pay bills.,Financial Problem,5,finance
1584,just stressed out taking care of the kids,Family Issues,2,family
1585,just stressing about money as usual,Financial Problem,5,finance
1586,just stressing about money in general,Financial Problem,5,finance
1587,just stuff with work,Work,1,work
1588,Just the current situation that is going on all around the world.,Other,6,unknown
1589,"Just the place overall the constant expectations, and leadership changes",Work,1,work
1590,just the usual money woes.,Financial Problem,5,finance
1591,Just the usual work and family stuff,Work,1,work
1592,"just the usual work stuff, you know how teaching can be.",Work,1,work
1593,"just the usual, work and money.",Work,1,work
1594,just travel stuff,Other,6,unknown
1595,Just trying to find another job after losing the last one. It's so hard.,Work,1,work
1596,just trying to learn all my new tasks at work,Work,1,work
1597,Just trying to make sure food is on the table,Financial Problem,5,finance
1598,just trying to motivate myself to do things that need to be done,Emotional Turmoil,6,unknown
1599,just waiting on a promotion that is long overdue,Work,1,work
1600,"Just work and life in general man. coronas killin everyone, lol.",Work,1,work
1601,just work related issues.,Work,1,work
1602,keeping an eye on the tenants,Social Relationships,4,friends
1603,kiddo's got a fever and sore throat. we're fearing corona.,"Health, Fatigue, or Physical Pain",3,health
1604,kids are sick so i had to miss work again,Family Issues,2,family
1605,knowing what to do this weekend,Other,6,unknown
1607,lack of control,Emotional Turmoil,6,unknown
1608,Lack of direction and pre-planning for expected problems,Social Relationships,4,friends
1609,lack of free time is really getting me down.,Work,1,work
1610,lack of job options put there,Work,1,work
1611,lack of money is stressing me out.,Financial Problem,5,finance
1612,lack of work availability,Work,1,work
1613,"lack of work, ive just been stuck in the house too long.",Work,1,work
1615,lately at work i've been stressed out due to a toxic environment with my coworkers.,Work,1,work
1616,lately i don't have enough time after work. i get home and have to cook for everyone.,Work,1,work
1617,lately i haven't felt like grocery shopping and instead ordering food; its expensive.,Everyday Decision Making,6,unknown
1618,lately it has been stressful having a teething infant.,Family Issues,2,family
1619,lately life has been pressing down on me.,Emotional Turmoil,6,unknown
1620,lately the biggest stressor for me has been deadlines at work after year end.,Work,1,work
1621,"lately, finances and money have been stressing me out.",Financial Problem,5,finance
1622,"lately, i have been really stressed about a project i am working on in school.",School,1,work
1623,Leadership at work! They always have their favorites. I hate it.,Work,1,work
1624,Learning to help my kids do school at home.,School,1,work
1625,Legal issues and finances,Financial Problem,5,finance
1628,let's do lunch and i'll give you the scoop.,Other,6,unknown
1630,life as a whole,Other,6,unknown
1631,life has been all around stressful lately,Everyday Decision Making,6,unknown
1632,life has been stressing today.,Other,6,unknown
1633,"life has not been easy lately, my health is declining rapidly.","Health, Fatigue, or Physical Pain",3,health
1634,life in general,Other,6,unknown
1635,Life in general and everything about it. How much do you want to hear?,Emotional Turmoil,6,unknown
1636,"life in general has been stressful, thank you for asking.",Everyday Decision Making,6,unknown
1637,"life in general, things have just been difficult lately.",Everyday Decision Making,6,unknown
1639,"life! if it isn't one thing, it's another",Everyday Decision Making,6,unknown
1640,"life, bills and work is a major part.",Financial Problem,5,finance
1641,life's a bust!  i just got a speeding ticket.,Other,6,unknown
1642,literally trying to figure out my life in like three weeks lol,Everyday Decision Making,6,unknown
1643,living in my mom's house right now. takes me back to how i felt as a child.,Family Issues,2,family
1644,living with my mom again has me stressed.,Family Issues,2,family
1645,living with my mother,Family Issues,2,family
1646,long day,Other,6,unknown
1647,long hours at work and weekends,Work,1,work
1648,Looking for a Job,Work,1,work
1649,looking for a new job,Work,1,work
1650,looking for work has had me the most stressed lately.,Work,1,work
1651,"loosing my job, homeschooling  my kids, my life in general. relationship sucks.",Work,1,work
1652,Losing my job and not being able to apply for unemployment in my state.,Financial Problem,5,finance
1653,Losing my job bc of the corona situation,Work,1,work
1654,losing pay at my job,Work,1,work
1655,"loss, of a loved one, or a friend's loved one and not being able to assist.l",Family Issues,2,family
1656,"Lost job due to virus, out of money, wife's ss is only income",Financial Problem,5,finance
1657,Lost my job so I don't know how rent will be paid,Work,1,work
1658,lot of problems at work,Work,1,work
1659,lot of work pressure past week. need relax. make a plan lets relax together.,Work,1,work
1660,lots of homework and work,School,1,work
1661,making a decision on preschool,Family Issues,2,family
1662,making enough money to cover holiday expenses,Financial Problem,5,finance
1663,making money and finding a steady job,Other,6,unknown
1664,making sure i have enough money for bills,Financial Problem,5,finance
1665,man am i spent they are craking the wip at work,Work,1,work
1666,man steve doesn't do anything but mess stuff up,Social Relationships,4,friends
1667,man we're having a lot of isssues with the new house,Everyday Decision Making,6,unknown
1668,"man, my job is unreal! such unreasonable demands and the customer is an idiot!",Work,1,work
1669,manager wants me to change my vacation again!,Work,1,work
1670,"March has been awful: I've lost my job, my research, and my summer plans.",Work,1,work
1671,"marriage challenges, rebuilding trust and forgiving my spouse",Family Issues,2,family
1672,Me and my boyfriend broke up and he is moving out of my house,Social Relationships,4,friends
1673,me and my boyfriend have been fighting like crazy.,Emotional Turmoil,6,unknown
1674,me and my friend are not talking to each other,Social Relationships,4,friends
1675,Me and my wife are almost at a point of divorce,Family Issues,2,family
1676,me and my wife lost our jobs,Work,1,work
1677,Me not being able to make ends meet.,Work,1,work
1678,med school,School,1,work
1680,mom is sick and in rehab,Family Issues,2,family
1681,money,Financial Problem,5,finance
1682,money - money is always stressful,Financial Problem,5,finance
1683,money and bills has been stressing me out big time,Financial Problem,5,finance
1684,money and how to make it through,Financial Problem,5,finance
1685,money and my bills i don't know how to keep up,Financial Problem,5,finance
1686,money and my job.,Work,1,work
1687,money and work issues,Work,1,work
1688,money had been stressful lately,Financial Problem,5,finance
1689,money had for sure been stressing me out,Financial Problem,5,finance
1690,money has been really stressful lately,Financial Problem,5,finance
1691,money has been tight. bills just keep coming.,Financial Problem,5,finance
1692,money i can't pay bills and buy christmas,Financial Problem,5,finance
1693,money is a big issue right now,Financial Problem,5,finance
1694,"money is stressing me out lately, just not enough to go around",Financial Problem,5,finance
1695,money issues and job availability; there never seems to be enough of both.,Financial Problem,5,finance
1696,money issues stress me out,Financial Problem,5,finance
1697,money just seems so hard to come by these days.,Financial Problem,5,finance
1698,money or lack thereof. money is always stressful.,Financial Problem,5,finance
1699,money problem is big problem,Financial Problem,5,finance
1700,money problems for school is a bust,School,1,work
1701,"money problems, i have been having several unexpected bills recently.",Financial Problem,5,finance
1702,money problems. i don't have enough,Financial Problem,5,finance
1703,money situation,Financial Problem,5,finance
1704,money situation has been the biggest stress for me,Financial Problem,5,finance
1705,money situation in running low this month and bills are pileing up,Financial Problem,5,finance
1706,money sucks! why do we have to work so much to get money?,Financial Problem,5,finance
1707,money that's one of the first thing to work out for a stress,Financial Problem,5,finance
1708,money! i shouldn't have loaned to family when things are so tight,Family Issues,2,family
1709,"money, as always.  always worried about money.",Financial Problem,5,finance
1710,"Money, I just don't know how I'm gonna make it at times.",Financial Problem,5,finance
1711,money. between trying to get things listed and bringing the stuff down from the attic.,Financial Problem,5,finance
1712,"mostly about school work, upcoming exams and grades",School,1,work
1713,"Mostly just school, and how much work left to do.",School,1,work
1714,Mostly work and money issues.,Work,1,work
1715,mostly work and working too many hours,Work,1,work
1716,Mother's death is stressing me out.,Family Issues,2,family
1717,moving,Everyday Decision Making,6,unknown
1718,moving in to a new house.. so much stress,Other,6,unknown
1719,moving to a different state and trying to find a job,Work,1,work
1720,moving to my new home is just so stressing,Other,6,unknown
1721,Mturk tasks pay is so low,Work,1,work
1722,my 13 year old hates school and tries everything to avoid going,Family Issues,2,family
1723,My ability to earn a better living for myself.,Work,1,work
1724,my academics and workload,School,1,work
1725,my amount of credit card debt,Financial Problem,5,finance
1726,my annoying sister has been stressing me.,Family Issues,2,family
1727,my appointment with the dental surgeon has been stressing me out recently.,"Health, Fatigue, or Physical Pain",3,health
1728,my aunt passed and i'm trying write an eulogy.,Family Issues,2,family
1729,My baby daddy has been fighting with his family and it has been driving me crazy.,Family Issues,2,family
1730,my baby has not been sleeping.,Family Issues,2,family
1731,my baby is learning to climb out of her crib,Other,6,unknown
1732,my back,"Health, Fatigue, or Physical Pain",3,health
1733,my back has been bothering me and i've decided to see a doctor.,"Health, Fatigue, or Physical Pain",3,health
1734,my bill,Financial Problem,5,finance
1735,"my body looks so bad currently, my birth control won't let me lose weight! i hate it!","Health, Fatigue, or Physical Pain",3,health
1736,my boss and i have not been getting along very well.  she's being unreasonable,Work,1,work
1737,my boss at work,Work,1,work
1738,"my boss at work, who's extremely inconsiderate.",Work,1,work
1739,my boss constantly undermines my work in front of others.,Work,1,work
1740,My boss does not appreciate my hard work,Work,1,work
1741,my boss does not know how to manage people well and she has been rude all week,Work,1,work
1742,my boss has been avoiding all of my emails and i need something from him,Work,1,work
1743,"my boss has been crazy lately, threatened to let me go.",Work,1,work
1744,my boss has been demanding and it has been hard for me to focus at work.,Work,1,work
1745,my boss has been hounding me about this project i'm on.,Work,1,work
1746,my boss has really been on me this week.,Work,1,work
1747,my boss is always giving me a hard time,Work,1,work
1748,my boss is always on my case,Work,1,work
1749,my boss is an asshole.,Work,1,work
1750,my boss is being a petty asshole,Work,1,work
1751,my boss is driving me crazy.,Work,1,work
1752,my boss is giving trouble,Work,1,work
1753,my boss is incomptent and creates his own mess,Work,1,work
1754,"my boss is micro managing us, it's so frustrating. it doesn't help the moral of the team",Work,1,work
1755,my boss is never around.,Work,1,work
1756,My boss is really pushing me and its hard to deal with,Work,1,work
1757,my boss is stressing me out and doesn't seem to trust me,Work,1,work
1758,my boss is very demanding,Work,1,work
1759,my boss keeps giving me busy work to act like he's a boss,Work,1,work
1760,my boss really screwed me over today.,Work,1,work
1761,my boss refuses to give me a straight answer about when a project is due,Work,1,work
1762,my boss was a dick,Other,6,unknown
1763,my boss was driving me nuts yesterday with his report,Work,1,work
1764,my boss whats more production from me at work!,Work,1,work
1765,my boss worked me more hours then i am capable of,Work,1,work
1766,"my boss yelled at me, and i didn't do anything wrong.",Work,1,work
1767,my boss. he is an asshole,Work,1,work
1768,my bosses are engaged in some serious conflict and dragging me into it,Work,1,work
1769,My boyfriend and I are currently on a break (per his request).,Social Relationships,4,friends
1770,my boyfriend and i are fighting and i don't know what to do.,Emotional Turmoil,6,unknown
1771,my boyfriend and i have been arguing about keeping his mothers cat again lately.,Family Issues,2,family
1772,my boyfriend doesn't have a job and money is really stressful right now.,Financial Problem,5,finance
1773,my boyfriend has been recently ill and can't work.,Social Relationships,4,friends
1774,my boyfriend has been stressing me out,Social Relationships,4,friends
1775,my boyfriend hasn't responded to my calls for the last two days.,Social Relationships,4,friends
1776,my boyfriend hasn't spoken to me today,Social Relationships,4,friends
1777,my boyfriend is cheating on me,Social Relationships,4,friends
1778,my boyfriend is fighting with me,Social Relationships,4,friends
1779,my boyfriend is overseas at the baghdad embassy. i worry over his safety.,Social Relationships,4,friends
1780,"My boyfriend is trying to move in, he's scared of Corona though..",Social Relationships,4,friends
1781,my boyfriend isn't affectionate with me,Social Relationships,4,friends
1782,my boyfriend lot his job,Financial Problem,5,finance
1783,my boyfriend not having a steady income and us getting behind on our mortgage,Financial Problem,5,finance
1784,"my broken foot has not healed and i've been in a cast for 4 months, i want to walk again","Health, Fatigue, or Physical Pain",3,health
1785,My brother bing exposed to COVID-19 and bot being in California to help out my family.,Family Issues,2,family
1786,My brother has been missing for a few weeks now. And I don't know what to do.,Family Issues,2,family
1787,my brother just found out he has cancer,"Health, Fatigue, or Physical Pain",3,health
1788,my building i was living in burned down...,Other,6,unknown
1790,my car brakes need to be changed and i am tight on money.,Financial Problem,5,finance
1791,"my car broke down again, but i can't afford a new one.",Financial Problem,5,finance
1792,my car had recently started running hot and i don't know what to do.,Other,6,unknown
1793,my car has been acting up and i have no idea how to fix it,Everyday Decision Making,6,unknown
1794,my car has been in the auto shop all week for repairs so i haven't had a car.,Other,6,unknown
1795,my car has been showing signs that something is wrong with it and it sucks,Other,6,unknown
1796,my car has broken down and i really can't afford to fix it.,Financial Problem,5,finance
1797,my car is a lease and i am over the mileage allowed,Other,6,unknown
1798,My car is not working due to a wiring error I made,Other,6,unknown
1799,my car payment is due in a week and i have no money.,Financial Problem,5,finance
1800,my career,Work,1,work
1801,my car's started died this week and it cost me a lot of money to fix it.,Financial Problem,5,finance
1802,my child,Family Issues,2,family
1803,my child has been misbehaving.,Family Issues,2,family
1804,my child has gotten a real smart mouth,Family Issues,2,family
1805,my child needs help in school and my husband's hours were cut,Family Issues,2,family
1806,"my child was mean to me this morning, he was talking bad words.",Family Issues,2,family
1807,my child's father is not active in my sons life and i'm struggling!,Family Issues,2,family
1808,my classes have been really stressing me out.,School,1,work
1809,my client's mom cancelled on wednesdays. idk how i will make up the time.,Work,1,work
1810,my co worker has been picking on me,Work,1,work
1811,my college admissions,School,1,work
1812,my college roommate has been making me really anxious,School,1,work
1813,My company furloughed me,Financial Problem,5,finance
1814,my company is closing and my job is going away.,Work,1,work
1815,"my company is down-sizing and since i am just an assistant, i fear my job is in jeopardy",Work,1,work
1816,my company is selling the buisness and i might be jobless.,Work,1,work
1817,my company may be acquired by another company,Work,1,work
1818,My cousin thinks she might have covid-19,"Health, Fatigue, or Physical Pain",3,health
1819,my coworker and i dont get along at a all,Work,1,work
1820,my co-worker has been talking to me too much; can't get any work done.,Work,1,work
1821,my co-worker is on vacation and i have to do her job this week.,Work,1,work
1822,my coworker is soo annoying and crazy,Work,1,work
1823,my co-workers are driving me nuts!,Work,1,work
1824,my coworker's inabilty to carry a meaningful conversation,Social Relationships,4,friends
1825,my crazy childrens father.,Family Issues,2,family
1826,my credit card balance are so high.,Financial Problem,5,finance
1827,my current job has been stressing me out.,Work,1,work
1828,my current on/off relationship with the person i have been dating for over a year now,Social Relationships,4,friends
1829,"my dad injured his hand about a month, 6 weeks ago",Family Issues,2,family
1830,my dad needs surgery next week,Family Issues,2,family
1831,My dad will not stop trying to take all my freedom away :(,Family Issues,2,family
1832,my date,Social Relationships,4,friends
1833,my daughter driving test,Family Issues,2,family
1834,my daughter has a boyfriend and was sneaking around and not telling me where she was,Family Issues,2,family
1835,My daughter has been diving me crazy,Family Issues,2,family
1836,my daughter has been having panic attacks,Family Issues,2,family
1837,my daughter is depressed and i have tried everything to help her.,Emotional Turmoil,6,unknown
1838,my daughter is having issues in kindergarten with someone stealing her stuff.,Family Issues,2,family
1839,my daughter is spending way too much money and causing me financial stress.,Family Issues,2,family
1840,my daughter sarah,Family Issues,2,family
1841,"my daughter threw a major tantrum on monday night, screaming and crying",Family Issues,2,family
1842,my daughter turned 5 the first day of kindergarten and i'm afraid she is maturely behind,Family Issues,2,family
1843,my daughter wont pick up after herself even after numerous things taken away from her.,Family Issues,2,family
1844,My daughter's MS diagnosis.,"Health, Fatigue, or Physical Pain",3,health
1845,my daughter's upcoming birthday party that i have to plan for.,Other,6,unknown
1846,my decision to go back to school,School,1,work
1847,my diet/fasting is stressing me at the moment.,"Health, Fatigue, or Physical Pain",3,health
1848,my divorce has totally stressed me out.,Family Issues,2,family
1849,"my dog has cancer, and i don't know how i'm going to afford his treatment.",Financial Problem,5,finance
1850,my dog has cancer. she's doing okay now but i'm worried about it.,Emotional Turmoil,6,unknown
1851,my dog has stitches in and she's being crazy,Family Issues,2,family
1852,my dog is missing.,Family Issues,2,family
1853,My dog is sick and I don't have the money to take him to the vet,"Health, Fatigue, or Physical Pain",3,health
1854,"my dog just passed away, i am super sad and stressed.",Emotional Turmoil,6,unknown
1855,my dog keeps barking,Other,6,unknown
1856,my dog keeps me up at night,"Health, Fatigue, or Physical Pain",3,health
1857,my dog of 12 years passed away,Emotional Turmoil,6,unknown
1858,my dogs have been misbehaving. i am worried that one of the them is sick.,Other,6,unknown
1859,my dumbass bf has not been helping me with bills or anything,Social Relationships,4,friends
1860,"my entire situation is stressful, try being homeless.",Financial Problem,5,finance
1861,my ex was getting angry last weekend when i told him not to come for my son's birthday.,Social Relationships,4,friends
1862,my ex-husband is nagging me to proceed with the divorce,Family Issues,2,family
1863,"my extended family is coming for dinner, and there will be twenty of them crammed togeth",Family Issues,2,family
1864,my extreme lower back pain,"Health, Fatigue, or Physical Pain",3,health
1865,my facebook might have been hacked.,Other,6,unknown
1866,my family has been stressing me out. i'm ready to come back to campus,Family Issues,2,family
1867,my family in the holidays. absolutely excruciating time of year full of drama.,Family Issues,2,family
1868,my family is stressing me,Family Issues,2,family
1869,My family life is broken,Family Issues,2,family
1870,my family problems and stressful office work,Work,1,work
1871,my fiance is in jail,Emotional Turmoil,6,unknown
1872,My finances are stressing me out.,Financial Problem,5,finance
1873,my financial choices are unwise and i need to change.,Financial Problem,5,finance
1874,my financial situaition is tough this month.,Financial Problem,5,finance
1875,my financial situation,Financial Problem,5,finance
1876,my financial situation has been stressful. i'm working on keeping myself accountable,Financial Problem,5,finance
1877,my financial situation has been very stressful,Financial Problem,5,finance
1878,my financial situation has me stressed to the max my friend,Financial Problem,5,finance
1879,my financial situation is not getting better.,Financial Problem,5,finance
1880,my financial situation is stressing me out.,Financial Problem,5,finance
1881,my financial situation was been worrying me. i feel useless.,Financial Problem,5,finance
1882,"My financial situation, even before COVID happened, and having 3 autoimmune diseases.",Financial Problem,5,finance
1883,"my financial situation, i have bills that are past due.",Financial Problem,5,finance
1884,my foster kitten is dying.,Emotional Turmoil,6,unknown
1885,my friend being mad at me,Social Relationships,4,friends
1886,My friend has been sick with the flu and they can't afford to get medicine.,Social Relationships,4,friends
1887,my friend is angry with me . and she did not talking to me.. i can not convence her . it,Social Relationships,4,friends
1888,my friend was died in road accident,Social Relationships,4,friends
1889,"my friends death, his service was today.",Social Relationships,4,friends
1890,My friend's grandparents health is declining,Family Issues,2,family
1891,"My future, my current state of mind.",Everyday Decision Making,6,unknown
1892,my garbage disposal just went on the fritz.,Other,6,unknown
1893,my girlfriend and i broke up almost a year ago and i'm still not over it.,Social Relationships,4,friends
1894,My girlfriend has been bugging me. She's always anxious and it's stressing me out.,Social Relationships,4,friends
1895,my girlfriend is concerned i am not earning enough to support our future family.,Financial Problem,5,finance
1896,my girlfriend just broke up with me,Social Relationships,4,friends
1897,My girlfriend moved out today,Social Relationships,4,friends
1898,my glasses keep getting smudges wtf,Other,6,unknown
1899,my grades and a course that i really cant handle right now.,School,1,work
1900,My graduate level capstone project deadline,School,1,work
1901,My graduate school application have been stressing me out!,School,1,work
1902,my grandmother is sick,Family Issues,2,family
1903,my hair makes me feel unattractive,Other,6,unknown
1904,My has is very sick,"Health, Fatigue, or Physical Pain",3,health
1905,my health has really been stressing me out lately!,"Health, Fatigue, or Physical Pain",3,health
1906,my health isn't so good right now,"Health, Fatigue, or Physical Pain",3,health
1907,"my health- it seems like every time one thing heals, another thing goes wrong.","Health, Fatigue, or Physical Pain",3,health
1908,my health seems to have taken a turn for the worse,"Health, Fatigue, or Physical Pain",3,health
1909,my home burned before christmas and i have been homeless.,Financial Problem,5,finance
1910,My hours at work were cut so I am worried about paying bills,Financial Problem,5,finance
1911,My hours have been cut at work.,Work,1,work
1912,my hours were cut back at work,Work,1,work
1913,my house build - i've been continuing to run into issues with the construction manager.,Everyday Decision Making,6,unknown
1914,my husband and i got into a really big fight and now we are not on talking terms,Family Issues,2,family
1915,"my husband being gone all the time, and dealing with the kids 24/7.",Family Issues,2,family
1916,my husband got laid off from his job.,Financial Problem,5,finance
1917,my husband has been acting a little weird.,Social Relationships,4,friends
1918,my husband has been arrested for a dui,Family Issues,2,family
1919,my husband has been ill.,Family Issues,2,family
1920,my husband has been so busy lately that we never spend quality time together anymore.,Social Relationships,4,friends
1921,my husband has been stressed at work because it always gets busier around the holidays.,Work,1,work
1922,My husband is drinking heavily now that he is off work.,Work,1,work
1923,my husband is not well.  he has heart problems and diabetes.,"Health, Fatigue, or Physical Pain",3,health
1924,my husband is stressing me out. he lost his job and he's been home waay to much!!,Emotional Turmoil,6,unknown
1925,my husband left me i lost my job and can't see my catcher so that has been stressing me.,Emotional Turmoil,6,unknown
1926,My husband lost his job,Work,1,work
1927,my husband lost his job and we're struggling to stay afloat.,Financial Problem,5,finance
1928,my husband not spending time with me. he is always woking andi feel lonely and rejected.,Family Issues,2,family
1929,my husband owes paypal $250 dollars today and  don't know how he is going to pay it!,Financial Problem,5,finance
1930,My husband stresses me out. Drinks too much.,Family Issues,2,family
1931,"my husband went to go to work and our truck was gone, it had been repoed,",Financial Problem,5,finance
1932,"My husband works with the person he cheated on me with, how do i handle this?",Family Issues,2,family
1933,"My husband! Ugh, he won't stop playing video games.",Family Issues,2,family
1934,my husbands affair childs mom,Family Issues,2,family
1935,my husbands affair has left us with a pregnant girl that is  a jerk.,Family Issues,2,family
1936,my husband's hours have been cut at work,Work,1,work
1937,My husband's work had someone test positive for Coronavirus and they might shut down.,Social Relationships,4,friends
1938,my in laws inability to put their electronics away and spend time with their grandchild,Family Issues,2,family
1939,my inability to earn money,Financial Problem,5,finance
1940,my income or lack thereof until my job starts.,Financial Problem,5,finance
1941,"my job , its killing me , just dont feel stable in it im worried",Work,1,work
1942,my job adds more with with my extra pay stresses me out.,Work,1,work
1943,my job all my boss does is yell at you even when your doing every right,Work,1,work
1944,my job and career,Work,1,work
1945,my job and not taking a vacation and being lonely,Work,1,work
1946,my job and the clients that i am currently having to interact with.,Work,1,work
1947,my job and the lack of communication in that place.,Work,1,work
1948,my job and the lack of pay is stressing me out,Work,1,work
1949,"my job been very stresfull due to paycheck cuts , and right before holidays",Work,1,work
1950,My job cut me back to 20hrs with 50% pay. I am fucked.,Work,1,work
1951,my job has been really stressful with deadlines this week.,Work,1,work
1952,my job has been stressing me out,Work,1,work
1953,my job has been stressing me out a ton lately.,Work,1,work
1954,my job has extended my hours.,Work,1,work
1955,my job has had a ton of drama :(,Work,1,work
1956,my job hunt is going nowhere and i just have so many self doubts,Emotional Turmoil,6,unknown
1957,my job is pushing me to the limit,Work,1,work
1958,my job is stressful with a co-worker who i think is bipolar,Work,1,work
1959,my job is stressing me out,Work,1,work
1960,MY job is stressing me out right now,Work,1,work
1961,"my job is stressing me out, i am seriously looking for a less stressful work environment",Work,1,work
1962,my job isn't paying me enough to make ends meat.,Financial Problem,5,finance
1963,my job it has been full of crazy stuff.,Work,1,work
1964,"my job lost half its funding so hours have been cut. so, paying bills has been hard.",Work,1,work
1965,My job makes me stressed out and have a little bit of anxiety.,Work,1,work
1966,my job search process. it is so stressful and uncertain.,Work,1,work
1967,my job which is cool and all but it takes time to move up and the pay is lousy..,Work,1,work
1968,"my job, i'm not sure if i like it",Work,1,work
1969,"my job, my living situation, men.",Work,1,work
1970,my job. i just wish my boss would give me the money i need.,Work,1,work
1971,my job. it has 0 application for the shit i do for it,Work,1,work
1972,my job's been really stressing me out lately,Work,1,work
1973,"my jobs sucks, it is painful on my body and very low pay.","Health, Fatigue, or Physical Pain",3,health
1974,my kids and their school and activities schedule.,School,1,work
1975,my kids are driving me crazy,Family Issues,2,family
1976,my kids are driving me crazy.,Family Issues,2,family
1977,my kids are not listening!,Family Issues,2,family
1978,my kids are stressing me out,Family Issues,2,family
1979,my kids aren't sleeping well at night.,Family Issues,2,family
1980,my kids' behavior recently,Family Issues,2,family
1981,"my kids constantly need my attention, so trying to get things done has been stressful.",Family Issues,2,family
1982,my kids see driving me crazy and being bad,Family Issues,2,family
1983,my kids spent too much money at the event today,Family Issues,2,family
1984,my kids. they never listen. i try so hard to be patient with them because i know its my,Family Issues,2,family
1985,my lack of financial ability.,Financial Problem,5,finance
1986,my laptop is down i need it for school,School,1,work
1987,My last semester of college was cancelled and I am sad.,School,1,work
1988,my lease is ending soon,Everyday Decision Making,6,unknown
1989,my life in general,Everyday Decision Making,6,unknown
1990,my life is falling apart.,Emotional Turmoil,6,unknown
1991,my love life. i can't stop. i won't stop. not sure if this feeling will ever go away.,Social Relationships,4,friends
1992,My manager is difficult to deal with.  I am stressed so much.  Help I need my friends ..,Work,1,work
1993,My manager keeps stressing me out a work,Work,1,work
1994,my marriage,Family Issues,2,family
1995,my marriage has been stressing me out,Family Issues,2,family
1996,My marriage is the pits. So abusive but I don't have a way to get out,Family Issues,2,family
1997,My mom had her cognitive assessment and they think she might have dementia.,Family Issues,2,family
1998,my mom is being annoying,Family Issues,2,family
1999,my mom is causing so many problems.,Family Issues,2,family
2000,my mom is driving me crazy,Family Issues,2,family
2001,my mom is driving my crazy,Family Issues,2,family
2002,my mom is getting kicked out of her assisted living and i have to find a place for her.,Family Issues,2,family
2003,my mom is not leaving me alone,Family Issues,2,family
2004,"My mom is worried about contracting the coronavirus, I fear going out in public.","Health, Fatigue, or Physical Pain",3,health
2005,My mom was taken to the hospital by ambulance yesterday afternoon.,Family Issues,2,family
2006,My mom won't get off my back about having kids.,Family Issues,2,family
2007,my moms spending habits who is on a fixed income. doesnt matter how much i talk to her.,Family Issues,2,family
2008,my money life has me down,Financial Problem,5,finance
2009,my money situation has been really stressful recently. 100 bills and $5 in the account.,Financial Problem,5,finance
2010,"my money, my job, everything i guess.",Family Issues,2,family
2011,my mother and sister got into a fight and are no longer speaking.,Family Issues,2,family
2012,my mother in law is annoying me so much,Family Issues,2,family
2013,my mother in law owes me money and i am not sure what to do,Financial Problem,5,finance
2014,my mother in laws is a fake bitch.. i have to be the bigger person!,Family Issues,2,family
2015,"my mother still tries to tell me what to do, even though i'm an adult.",Family Issues,2,family
2016,"my mother treats me like i'm 12, except when it suits her needs",Family Issues,2,family
2017,"my move on wednesday, thanks for asking. you?",Other,6,unknown
2018,My nagging girlfriend who is insecure with herslef.,Social Relationships,4,friends
2019,My neighbor is having trouble with their neighbor below them and its upsetting.,Social Relationships,4,friends
2020,my new boss at work is very power hungry.  it's gotten very bad.,Work,1,work
2021,my new job has been stressing me out but i know that it takes time to learn it.,Work,1,work
2022,my new job.,Work,1,work
2023,my new weight gain,"Health, Fatigue, or Physical Pain",3,health
2024,"my new, used car has been costing me a lot of money.",Financial Problem,5,finance
2025,my niece leaving family home uninhabitable,Family Issues,2,family
2026,my oldest son has been having serious issues at school almost every day.,Family Issues,2,family
2027,My parents are old and I'm unsure if the coronavirus will happen to them,Family Issues,2,family
2028,My parents contracting Covid-19,Family Issues,2,family
2029,my parents' health has been stressful for them and me.,Family Issues,2,family
2030,My partner has been very dismissive towards my feelings lately.,Emotional Turmoil,6,unknown
2031,my partner smokes cigarettes and can't quit. i feel sad for him.,Emotional Turmoil,6,unknown
2032,My partner was furloughed due to COVID 19.,Work,1,work
2033,my physical pain and mental health symptoms lately.,"Health, Fatigue, or Physical Pain",3,health
2034,my position at work is changing... again!,Work,1,work
2035,my post op to my knee.,"Health, Fatigue, or Physical Pain",3,health
2036,my presentation that's coming up,Work,1,work
2037,my productivity,Other,6,unknown
2038,my project is due tomorrow and i'm not done yet.,School,1,work
2039,my proposal deadline is tomorrow and no one is sending me their stuff,Work,1,work
2040,my psycho ex boyfriend,Social Relationships,4,friends
2041,my quarantine,Emotional Turmoil,6,unknown
2042,my recent stress has come from school. i've been focusing on grades and homework.,School,1,work
2043,my recent stressful situation i am tired of being broke,Financial Problem,5,finance
2044,my relationship and financial situation. thinking of how i will provide for my baby.,Financial Problem,5,finance
2045,my relationship has been stressing me out.,Social Relationships,4,friends
2046,my relationship is a problem.,Social Relationships,4,friends
2047,my relationship is not going th way i wished it was,Social Relationships,4,friends
2048,my relationship with a long term friend has changed drastically and idk how to fix it,Social Relationships,4,friends
2049,My relationship with my best friend. I like him.,Social Relationships,4,friends
2050,my relationship with my boyfriend.,Social Relationships,4,friends
2051,my relationship with my girlfriend and her family is really getting to me.,Social Relationships,4,friends
2052,my relationship with my husband is strained.,Family Issues,2,family
2053,my relationship with my sister-in-law.,Social Relationships,4,friends
2054,my relationship with one of my very dear friends has not been at its best,Social Relationships,4,friends
2055,my relationship. he is always blaming me for everything and turning everything on me,Emotional Turmoil,6,unknown
2056,"my rent was due a week ago, i have not work to earn money",Financial Problem,5,finance
2057,My restaurant is closed due to COVID so no work/money for me.,Work,1,work
2058,my roommate,Social Relationships,4,friends
2059,my roommate and my budget,Other,6,unknown
2060,my roommate has been being more distant towards me and i'm not sure if he's mad at me.,Social Relationships,4,friends
2061,My roommate has really been annoying me lately.,Social Relationships,4,friends
2062,my roommate is killing my budget for household items.,Financial Problem,5,finance
2063,my roommate wants to bring a fridge but there isn't room for it.,Other,6,unknown
2064,my school project,School,1,work
2065,my school work has been the main thing stressing me out.,School,1,work
2066,My school work. :(,School,1,work
2067,My selfish co-worker is draining...,Work,1,work
2068,my significant other resents the amount of time I am at work,Social Relationships,4,friends
2069,"my sink is leaking. i don' t know what's wrong, i just replaced it",Other,6,unknown
2070,my sinuses are really hurting again.,"Health, Fatigue, or Physical Pain",3,health
2071,my sister called and is threatening to come and visit.,Family Issues,2,family
2072,My sister fell from a ladder and fractured her hip.  The hospital can't do anything;,"Health, Fatigue, or Physical Pain",3,health
2073,my sister is leaving for trucking school and i am going to be taking care of her 6 kids,Family Issues,2,family
2074,my sister is on my ass,Family Issues,2,family
2075,My sister works in a hospital and I worry she may get coronavirus,Family Issues,2,family
2076,my sister-in-law has been diagnosed with ovarian cancer,Family Issues,2,family
2077,my sister's dog has fleas and my husband is having a conniption about it.,Family Issues,2,family
2078,my skin has been breaking out and i need a regimen that will clear it up.,"Health, Fatigue, or Physical Pain",3,health
2079,my sleep patterns due to midnight shifts at work.,"Health, Fatigue, or Physical Pain",3,health
2080,my sleep schedule has been getting worse and worse.,"Health, Fatigue, or Physical Pain",3,health
2081,my sleep scheldule is kinda messed up,"Health, Fatigue, or Physical Pain",3,health
2082,my sleep. i've had terrible insomnia for months and its wearing me down.,"Health, Fatigue, or Physical Pain",3,health
2084,my son and sleep,Family Issues,2,family
2085,my son challenging every thing he is ordered to do,Family Issues,2,family
2086,my son failed his hearing test. showed hearing loss in both ear. maybe tubes again,Family Issues,2,family
2087,my son has been acting out and having aggressive behaviors,Family Issues,2,family
2088,my son is failing science class,Family Issues,2,family
2089,my son is getting ready to graduate and we're trying to get him college scholarships.,School,1,work
2090,my son is giving me so much trouble at the moment- i feel awful,Family Issues,2,family
2091,my son is not getting used with doing homework and i have to spend all afternoon on that,Family Issues,2,family
2092,my son moving into an apartment in this area.,Family Issues,2,family
2093,my son stresses me out in the morning-he refuses to concentrate on getting ready and fre,Family Issues,2,family
2094,my son will not listen today.,Family Issues,2,family
2096,my spouse had to have a biopsy done.,"Health, Fatigue, or Physical Pain",3,health
2097,my sprained ankle is still bothering me.,"Health, Fatigue, or Physical Pain",3,health
2098,my step kids show absolutely no respect,Family Issues,2,family
2099,"my stepduaghter is pregnant and she only told me, not her mom and dad!",Family Issues,2,family
2100,my stomach has been hurting and has recently gotten worse.,"Health, Fatigue, or Physical Pain",3,health
2101,my stomach hurts,"Health, Fatigue, or Physical Pain",3,health
2102,My Stress about people affected by COVID-19,Social Relationships,4,friends
2103,my stress timing is loss of many things.,Everyday Decision Making,6,unknown
2104,my stress timing is very loss many things.,Other,6,unknown
2105,my stress timing is very loss of all many things.,Other,6,unknown
2106,my stress timing is very loss of many things.,Emotional Turmoil,6,unknown
2107,my studies have been bringing me down with too much homework,School,1,work
2108,my study is to leave strees of that time,School,1,work
2109,my superiors at work are taking advantage of me,Work,1,work
2110,my supervisor currently pushes me a lot to turn in reports,Work,1,work
2111,My team at work lately has been doing whatever they want to do,Work,1,work
2112,my truck broke down last week and i didn't have the money to buy the parts for repair,Financial Problem,5,finance
2113,my truck has broken down and im not sure whats wrong with it.,Other,6,unknown
2114,my truck won't start,Other,6,unknown
2115,my uncle died and i'm worried my aunt will get super depressed without him,Emotional Turmoil,6,unknown
2116,my uncle is really sick,Family Issues,2,family
2117,My uncle yelled at me.,Family Issues,2,family
2118,my upcoming exam in accounting,School,1,work
2119,my upcoming trip to denver got cancelled and my govball tickets were cancelled!,Other,6,unknown
2120,my vacation is coming up in two weeks and i have no money saved for it.,Financial Problem,5,finance
2121,my wash machine broke. another one is $499.,Financial Problem,5,finance
2122,my water line to my toilet froze up during this cold spell.,Everyday Decision Making,6,unknown
2123,my week was so stressful  because of having financial problems.,Financial Problem,5,finance
2124,my weight gain has been stressing me out.,"Health, Fatigue, or Physical Pain",3,health
2125,my whole family has been battling the flu and strep.,"Health, Fatigue, or Physical Pain",3,health
2126,My wife has been hiding something from me and I don't know what it is.,Social Relationships,4,friends
2127,my wife just quit her job.,Family Issues,2,family
2128,my wife keeps bugging me.,Family Issues,2,family
2129,my wife left me for a younger man.,Family Issues,2,family
2130,my work and this virus going around,Work,1,work
2131,my work has been doing some upgrading.,Work,1,work
2132,my work has been stressing me lately my friend. the current project is really demanding.,Work,1,work
2133,my work is very stressful in office. do not concentration with any other work.,Work,1,work
2134,my work schedule at the office has been so hectic this days.,Work,1,work
2135,my work schedule has been brutal.,Work,1,work
2136,"my work schedule has been stressing me out lately, there is no work life balance.",Work,1,work
2137,my work schedule has changed due to the coronavirus and it is hard,Work,1,work
2138,my work situation,Work,1,work
2139,"my work, i feel disrespected, and under valued, and have been treated unappreciated.",Work,1,work
2140,my work/life balance aren't in line with each other,Work,1,work
2141,my workload and my personal wellness or hobbies just don't work out!,Work,1,work
2142,my workload is just too much for me to handle.,Work,1,work
2143,My workplace is no longer safe as they cannot provide the proper PPE,Work,1,work
2144,needing to have my boyfriend to be more productive overall.,Social Relationships,4,friends
2145,needing to move from my current living situation.,Other,6,unknown
2146,Neighbors not sheltering in place,Social Relationships,4,friends
2147,nervous about new staff member starting,Work,1,work
2148,nervous about work,Work,1,work
2150,new job and learning the ropes,Work,1,work
2153,"no money, been cold, christmas coming",Financial Problem,5,finance
2154,"no money, deadlines, life is kinda collapsing",Financial Problem,5,finance
2155,No money. No job. No worries.,Financial Problem,5,finance
2156,no one qualifying to give me a kidney,"Health, Fatigue, or Physical Pain",3,health
2158,No toilet paper on the shelves at Walmart.,Everyday Decision Making,6,unknown
2160,"No, not really important stuff...Just having a hard time finding toilet paper.",Other,6,unknown
2161,nobody seems to know how to refil the toilet paper,Other,6,unknown
2162,"noisy, disrespectful, rude tenants",Social Relationships,4,friends
2163,not able to sleep,"Health, Fatigue, or Physical Pain",3,health
2165,Not being able to be in school to teach kids,Work,1,work
2166,Not being able to go outside,Everyday Decision Making,6,unknown
2167,Not being able to go to work,Work,1,work
2168,Not being able to leave my house due to the Corona Virus,Other,6,unknown
2169,Not being able to make money right now.,Financial Problem,5,finance
2170,not being able to make up my mind what to cook,Everyday Decision Making,6,unknown
2171,Not being able to provide for my grandmother,Family Issues,2,family
2172,not being able to relax fully. my mind wonders alot.,Emotional Turmoil,6,unknown
2173,not being able to save money from my paycheck,Financial Problem,5,finance
2174,not being able to say no when i need to.,Emotional Turmoil,6,unknown
2175,Not being able to see my family.,Family Issues,2,family
2176,not being able to see my niece and nephew,Family Issues,2,family
2177,not being able to take a long vacation.,Other,6,unknown
2178,not being able to work at all has me stressed out.,Work,1,work
2179,Not being able to work because of COVID_19.,Financial Problem,5,finance
2180,Not being able to work because of the coronavirus,Work,1,work
2181,not being creative at all.,Other,6,unknown
2182,Not being prepared for the unknown.  Wish had more back up supplies and day to day neces,Everyday Decision Making,6,unknown
2183,not enough hours at work so not enough money to pay the bills.,Work,1,work
2184,not enough money for the bills i have to pay!,Financial Problem,5,finance
2185,not enough money to pay the rent,Financial Problem,5,finance
2186,not feeling good,"Health, Fatigue, or Physical Pain",3,health
2187,not feeling well,"Health, Fatigue, or Physical Pain",3,health
2188,not getting a promotion at work,Work,1,work
2189,not getting enough sleep is really bothering me,"Health, Fatigue, or Physical Pain",3,health
2190,not getting into grad school.,School,1,work
2191,Not happy about having to stay home in semi isolation,Social Relationships,4,friends
2192,not haveing enought too pay every day bills only 905 rent is 860 a month i pay ultuties,Financial Problem,5,finance
2193,not having a good paid job.,Work,1,work
2194,not having a good volume of work to keep me busy and financially stable.,Work,1,work
2195,not having a job,Work,1,work
2196,"not having a job sometimes stresses me out, but i know i can get one.",Work,1,work
2197,not having enough money to give my wife the things she wants.,Financial Problem,5,finance
2198,not having enough money to make ends meet,Financial Problem,5,finance
2199,not having enough money to pay my bills.,Financial Problem,5,finance
2200,"not having enough money to save, eat, and necessities.",Financial Problem,5,finance
2201,not having enough staff to complete the job and therefore no money coming in.,Financial Problem,5,finance
2202,not having enough time in my day to get everything done and just being forgetful.,Everyday Decision Making,6,unknown
2203,not having enough time in the day,Everyday Decision Making,6,unknown
2204,not having time to train my staff.,Work,1,work
2205,not hearing from ace,Social Relationships,4,friends
2206,Not knowing for sure if I will have enough food during a possible quarantine,"Health, Fatigue, or Physical Pain",3,health
2207,Not knowing how COVID-19 will affect my job/pay,Work,1,work
2208,Not knowing if my job is secure.,Work,1,work
2209,not knowing what i want to do with my life.,Everyday Decision Making,6,unknown
2210,not knowing where i am going to live with a lease end approaching!,Everyday Decision Making,6,unknown
2211,Not knowing whether or not my husband will lose his job due to COVID-19.,Work,1,work
2212,Not knowing who will be next to get the COVID-19 virus.,Emotional Turmoil,6,unknown
2213,"not landing a job after 300 appied, unreal really",Work,1,work
2214,not making enough money,Financial Problem,5,finance
2215,Not making enough money at work.,Financial Problem,5,finance
2216,not making the cut for the a police academy,Work,1,work
2222,not understanding these instructions.,Other,6,unknown
2223,Not working because of COVID19,Work,1,work
2228,"nothing much, just work. it has been really busy lately.",Work,1,work
2232,nothing to do at work,Other,6,unknown
2236,now a  days working tension has been increased and get more tensioned,Work,1,work
2238,o have a lot on my plate right now with work and school,Work,1,work
2239,"oh boy, where to start! i guess my biggest stressor is my boss.",Work,1,work
2240,"oh ive been stressed out recently with my job, i dont feel like i am moving forward.",Work,1,work
2241,oh just some stuff,Other,6,unknown
2242,"oh man, im okay just been dealinth with some things going on",Other,6,unknown
2243,"Oh my god where do I begin I am STRESS, COVID, WHETHER OR NOT WERE GOING TO LIVE","Health, Fatigue, or Physical Pain",3,health
2244,oh my goodness friend i want to make dinner! i i want a sadwhich but im out of bread!!!,Other,6,unknown
2245,oh my goodness where do i start? my teenagers have been stressing me out to the max,Family Issues,2,family
2246,"oh my gosh! everything. the washer broke, the dog peed on the bed, and johnie is puking.","Health, Fatigue, or Physical Pain",3,health
2247,oh my gosh! i have been drowning in school work.,School,1,work
2248,oh not much. just miss my ex a lot more than i thought,Emotional Turmoil,6,unknown
2249,Oh the whole Corona Virus stuff,"Health, Fatigue, or Physical Pain",3,health
2250,oh where to begin?,Other,6,unknown
2251,"oh you know, my roommate flooded the kitchen again.  it's the 10th time this week!",Social Relationships,4,friends
2252,"oh, you know, life crap. nothing new, always something stressing me out.",Other,6,unknown
2253,"oh,the same stuff. life stuff..money, house, family and my health. the usual lol",Family Issues,2,family
2254,ohh man work is just killing me today,Work,1,work
2255,"Ohhh you know, just the impending doom of existential dread and uncertainty in the world",Emotional Turmoil,6,unknown
2256,omg i am stressing! work is i cant get cought up on my work!!,Work,1,work
2257,"Omg it's the damn Covid-19, I basically have no job and very little money :(",Financial Problem,5,finance
2258,omg my home life is so stressful. its like walking on pins and needles. constant arguing,Family Issues,2,family
2259,OMG this corona virus thing has me stressing because now I can't work and am not getting,Work,1,work
2260,omg this new job is stressing me out,Work,1,work
2261,"omg this shit sucks, my brain is ready to explode.",Emotional Turmoil,6,unknown
2262,"omg, my kitchen is on fire",Other,6,unknown
2263,omg. i'm so stressed by work.,Work,1,work
2264,omg... what isnt.,Other,6,unknown
2265,one of my dogs is sick,"Health, Fatigue, or Physical Pain",3,health
2266,one of my textbooks may not deliver on time for class.,School,1,work
2267,one of my workers had been slacking off.,Work,1,work
2268,Online school work has been stressing me out quite a bit.,School,1,work
2269,other half's COPD is worsening,"Health, Fatigue, or Physical Pain",3,health
2270,Our family is quarantined due to the COVID-19.,Social Relationships,4,friends
2271,Our finances during this pandemic,Financial Problem,5,finance
2272,our financial situation,Financial Problem,5,finance
2273,our house is too small for our family,Family Issues,2,family
2274,"Our house needs so many repairs, I don't know where to begin!",Financial Problem,5,finance
2275,our president is sick and he needs to be removed from office,Other,6,unknown
2276,our toilet overflowed and water poured down to the first floor!,Other,6,unknown
2277,overtime at work!,Work,1,work
2278,owe more money than i have. autopay is the worst thing ever to utilize.,Financial Problem,5,finance
2279,"P has to work suring this virus, and it's scary.",Work,1,work
2280,packing for my trips,Everyday Decision Making,6,unknown
2281,packing up everything to move out,Other,6,unknown
2282,pandemic is scary,Other,6,unknown
2283,parenting is so stressful! i hate being the bad guy and giving time outs!,Family Issues,2,family
2284,past few days my business is kind of slow. don't know what to do.need your advice.,Work,1,work
2285,"Past relationship, work, and pandemic crisis",Work,1,work
2286,Paying bills,Financial Problem,5,finance
2287,paying bills on time,Financial Problem,5,finance
2288,paying for christmas presents.,Financial Problem,5,finance
2289,paying for the wedding.,Financial Problem,5,finance
2290,paying my mortgage cause im way behind,Financial Problem,5,finance
2291,paying off my debts,Financial Problem,5,finance
2292,paying off this debt,Other,6,unknown
2293,People are polluting my life with their goofy garbage.,Social Relationships,4,friends
2294,people ask so much of me and i have no time for myself.,Social Relationships,4,friends
2295,people asking for the time,Social Relationships,4,friends
2296,people at work are so rude,Work,1,work
2298,People not taking this pandemic seriously.,Emotional Turmoil,6,unknown
2299,People panic buying certain items so that others don't have them.,Other,6,unknown
2300,physical problems,"Health, Fatigue, or Physical Pain",3,health
2301,physics class. i just don't see why i need to know this stuff.,School,1,work
2302,planning a meal,Everyday Decision Making,6,unknown
2304,planning financially for my internship next year,Financial Problem,5,finance
2305,planning menus for two different dinner parties in one weekend,Work,1,work
2306,please arrange a party to reduce my stress,Other,6,unknown
2307,politics,Other,6,unknown
2308,poor sleep even if i go to bed on time,"Health, Fatigue, or Physical Pain",3,health
2309,possibly being short of money,Financial Problem,5,finance
2310,possibly getting a divorce,Family Issues,2,family
2311,potentially not being able to afford my apartment once my healthcare kicks in,Financial Problem,5,finance
2312,Practicing social distancing at home for 7 days!!!!,Emotional Turmoil,6,unknown
2313,pregnancy and the coronavirus,"Health, Fatigue, or Physical Pain",3,health
2314,preparing for a trip,Other,6,unknown
2315,preparing for the wedding,Other,6,unknown
2316,preparing myself for my upcoming wedding.,Family Issues,2,family
2317,presenting in front of other people,Work,1,work
2318,"pressures with money, business has been slow.",Financial Problem,5,finance
2319,pretty much everything. but mostly money i guess.,Financial Problem,5,finance
2320,probably having to apply to graduate schools,School,1,work
2321,problem at home,Family Issues,2,family
2322,problem at work and school,Work,1,work
2323,problem with a girlfriend,Social Relationships,4,friends
2324,problems at home,Family Issues,2,family
2325,problems with my relationship,Emotional Turmoil,6,unknown
2326,productivity,Everyday Decision Making,6,unknown
2327,project deadline is approaching and i'm not finished yet,Work,1,work
2328,quarantine,Emotional Turmoil,6,unknown
2329,raising a  teenage girl  can be stressful,Family Issues,2,family
2330,reaching my goals at work,Work,1,work
2333,recent days lot of works its kind of stress. need some advice about relaxing,Work,1,work
2334,recent situation that has been stressing is the survey without catch.,Work,1,work
2335,recent stock market crash,Financial Problem,5,finance
2336,"recently got diagnosed with stage 2 hypertension which has made me super tense, sucks","Health, Fatigue, or Physical Pain",3,health
2337,recently i bought a house and there so many things to do like unpacking a ton of stuff.,Other,6,unknown
2338,recently i have been stressed about finding a job that values me as an individual.,Work,1,work
2339,Recently I have been super stressed that I'm losing someone who is very special,Family Issues,2,family
2340,recently i have just been having a hard time with my finances.,Financial Problem,5,finance
2341,recently i have really been stressed out because of my debt that i have,Financial Problem,5,finance
2342,recently it has been my relationship.,Social Relationships,4,friends
2343,recently i've been getting rather stressed out whenever i have to multitask.,Everyday Decision Making,6,unknown
2344,Recently me and my partner have been fighting and it's really stressing me out.,Social Relationships,4,friends
2345,recently my new job has been stressing me out,Work,1,work
2346,recently our money situation is stressing us out. i feel we should downsize.,Financial Problem,5,finance
2347,recently what has been stressing my out the most is finances. worrying about my income.,Financial Problem,5,finance
2348,"Recently, I've been stressed about finishing my school work on time",School,1,work
2349,"recently, my children have been stressing me out with the terrible three's",Family Issues,2,family
2350,relationship problems,Social Relationships,4,friends
2351,relationships,Social Relationships,4,friends
2353,reports i need to finish at work,Work,1,work
2354,retiring from my job,Work,1,work
2355,Right now I'm feeling overwhelmed at work.,Work,1,work
2356,roommate is driving me crazy,Social Relationships,4,friends
2357,rushed for time and frustrated trying to fix dinner meal,Everyday Decision Making,6,unknown
2358,"sales are down, no $$$ :(",Work,1,work
2359,Saving enough money for retirement,Financial Problem,5,finance
2360,saving money and keeping it long term,Financial Problem,5,finance
2361,school,School,1,work
2362,School,School,1,work
2363,School and graduating on time,School,1,work
2364,School and my job. I need to not lose my job right now,School,1,work
2365,school and upcoming finals,School,1,work
2366,school and work are both super stressful.,Work,1,work
2367,school and work have just been so hectic,School,1,work
2368,School assignments have been stressing me out.,School,1,work
2369,school cause so much information.,School,1,work
2370,school closing & how I will do my job,School,1,work
2371,school football stress headache,"Health, Fatigue, or Physical Pain",3,health
2372,school has been hard,School,1,work
2373,school has been recently. i want to make sure i graduate as soon as possible.,School,1,work
2374,school has been rough,School,1,work
2375,"school has been so hard, i cant keep up",School,1,work
2376,school has been stressing me a lot recently.,School,1,work
2377,school has been stressing me out lateley,School,1,work
2378,school has been stressing me out lately.,School,1,work
2379,School has been stressing me out quite a bit,School,1,work
2380,school has been too much for me lately.,School,1,work
2381,school has been very stressful,School,1,work
2382,school has been very stressful right now.,School,1,work
2383,school have been stressing me out a bit. i have so much papers to write.,School,1,work
2384,school is absolutely killing me right now.,School,1,work
2385,school is driving me crazy with having so many tests at once.,School,1,work
2386,school is getting very hard.,School,1,work
2387,school is killing me at the moment.,School,1,work
2388,school is so stressful. my teachers are so unorganized,School,1,work
2389,school is starting back up again,School,1,work
2390,school is stressful and i want to drop out.,School,1,work
2391,school shootings,School,1,work
2392,"School shutting down and having to design an online class - fast, like.",School,1,work
2393,school starting back has me anxious. i have some hard classes coming up,School,1,work
2394,school sux. no time to do anything. stuck on bus.,School,1,work
2395,school work,School,1,work
2396,"school work, life, choices",School,1,work
2397,"school, homework, work, and social obligations",School,1,work
2398,"school, work, friends",School,1,work
2399,schoolwork has been stressing me out. the final is next week!,School,1,work
2400,screaming children at work.,Social Relationships,4,friends
2401,seeing people not practice social distancing at the stores,Other,6,unknown
2402,Self quarantining for the Coronavirus.,"Health, Fatigue, or Physical Pain",3,health
2403,Self-isolating because of the COVID-19 has me stressed out.,Social Relationships,4,friends
2404,selling my house,Social Relationships,4,friends
2405,selling our business,Work,1,work
2406,separation from my husband,Social Relationships,4,friends
2407,"Seriously, What's NOT stressing me out? #covid19#homeschooling#notreadyforthis",School,1,work
2408,Several layoffs at work,Work,1,work
2410,"short on work this season, running out of savings.",Financial Problem,5,finance
2411,sick kids and animals,Family Issues,2,family
2412,"Since I am in quartantine, I can't go outside which is sad.",Everyday Decision Making,6,unknown
2413,Since the Covid-19 I have to rething my travel plans to Oakland for my second opinion.,"Health, Fatigue, or Physical Pain",3,health
2415,"So I have been dealing with my dogs lately, they got into a fight last week",Other,6,unknown
2416,so much to do,Everyday Decision Making,6,unknown
2417,"so recently me and my ex started back talking, but it ended on a negative note.",Emotional Turmoil,6,unknown
2418,"so stressed stuck on traffic for one hour and a half everyday after work,",Work,1,work
2419,Social Distancing because of Coronavirus,Social Relationships,4,friends
2421,some drama in my wife's family,Family Issues,2,family
2422,some health decisions,"Health, Fatigue, or Physical Pain",3,health
2423,some of my outdoor plants died in the recent cold weather.,Other,6,unknown
2424,some pain in my ribs,"Health, Fatigue, or Physical Pain",3,health
2425,someone shirking responsibilities at work,Work,1,work
2426,sometimes  stress i feel it,Emotional Turmoil,6,unknown
2427,sometimes work can get overwhelming and it seems like my boss doesn't sympathise.,Work,1,work
2428,"sometimes, i feel like my husband doesn't listen to me well.",Family Issues,2,family
2430,"sorry, but i don't want to talk about it.",Other,6,unknown
2432,starting a new job has really stressed me out,Work,1,work
2433,starting to research schools for kids,School,1,work
2435,Staying at home doing nothing is really stressing me out.,Everyday Decision Making,6,unknown
2436,Staying home all the time is really frustrating.,Emotional Turmoil,6,unknown
2437,Staying home from the CV outbreak,"Health, Fatigue, or Physical Pain",3,health
2438,staying in shape and eating healthy have been tough lately,"Health, Fatigue, or Physical Pain",3,health
2439,step son is acting up again.,Family Issues,2,family
2440,"Still packing for the big move.  Way too much stuff, not enough boxes!",Everyday Decision Making,6,unknown
2441,still stressed about the same thing as before,Other,6,unknown
2442,still studying for that test,School,1,work
2443,"stress at work, specifically my boss!",Work,1,work
2445,stress is very loss of my business earnings.,Financial Problem,5,finance
2446,Stressed about COVID-19 my health and my job,Work,1,work
2447,stressed about my poor weight loss efforts.,"Health, Fatigue, or Physical Pain",3,health
2448,Stressed about this virus thing. It sucks!,"Health, Fatigue, or Physical Pain",3,health
2449,stressed out about my health not feeling well very congested.,"Health, Fatigue, or Physical Pain",3,health
2450,"Stressed out about work, they want us to pick up more hours since a lot of people are ou",Work,1,work
2451,stressing,Other,6,unknown
2452,stressing about my daughter's marriage,Family Issues,2,family
2453,"stressing about my upcoming taxes, since i don't know how much i'll have to pay.",Financial Problem,5,finance
2454,struggling home life and work life is stressful and complicated,Work,1,work
2455,Stuff I had planned is being canceled bc of the pandemic,Social Relationships,4,friends
2456,submitting a report for work.,Work,1,work
2458,such a sucky day. i'm glad it is over,Everyday Decision Making,6,unknown
2459,sudden bill came up,Financial Problem,5,finance
2460,"sup bro, just trying to balance work and social life",Work,1,work
2461,super busy and overwhelmed lately,"Health, Fatigue, or Physical Pain",3,health
2462,Super stresses about coronavirus and its impact on my job and my finances,Work,1,work
2464,ta going to jail,Other,6,unknown
2465,"taking care of my kids after work, im always so tired",Family Issues,2,family
2466,"taking care of three kids, has been very stressful.",Family Issues,2,family
2467,Taking it day by day but starting to feel like a prisoner.,Emotional Turmoil,6,unknown
2470,Thank you for replying. Yes there have been some recent events that have stressed me out,Other,6,unknown
2471,thanks for asking- money has been really tight lately.,Financial Problem,5,finance
2472,"thanks for asking, can we get together and talk about it?",Other,6,unknown
2473,thanks for asking. to much work and so little time..lol,Work,1,work
2474,thanks for asking. work is driving me crazy.,Work,1,work
2475,"thanks for replying, i really need someone to unload on.",Emotional Turmoil,6,unknown
2476,thanks for your concern. lack of money and bills have been pretty stressful to me.,Financial Problem,5,finance
2477,"thanks, i'm just dealing with some stuff.",Other,6,unknown
2478,thanksgiving is next week.,Other,6,unknown
2479,that i want to leave my husband,Social Relationships,4,friends
2482,That Rona has been stressing me,"Health, Fatigue, or Physical Pain",3,health
2483,The abrupt stopping of all client calls has me very nervous at this point!!,Work,1,work
2484,The amount my investments have fallen.,Financial Problem,5,finance
2485,the amount of bills.,Financial Problem,5,finance
2486,The amount of shifts I have to cover at work due to people calling out.,Work,1,work
2487,the amount of things i own that are breakingdown,Other,6,unknown
2488,the amount of work being piled on me,Work,1,work
2489,The amount of work due to remote learning is taking a toll on me.,School,1,work
2490,the amount of work i have to do for grad school,School,1,work
2491,the amount of work i have to do in nursing school and hospital clinicals,Work,1,work
2492,the amount of work i have.,Work,1,work
2493,the amount of work my supervisor assigned me,Work,1,work
2494,The cats and their behavioral issues have been stressful.,Other,6,unknown
2495,the conoravisrus making me loose my job,Work,1,work
2496,the constant schedule change at my job.,Work,1,work
2497,The conversion of in person to online classes,School,1,work
2498,the corona virus,Other,6,unknown
2499,"the corona virus , and the response of the governments and people",Other,6,unknown
2500,The corona virus affecting my family in a negative way.,Family Issues,2,family
2501,the corona virus and it spreading,"Health, Fatigue, or Physical Pain",3,health
2502,The corona virus and quarantine,Other,6,unknown
2503,The corona virus and social-distancing situation has been stressing me out.,"Health, Fatigue, or Physical Pain",3,health
2504,The corona virus has been stressing me out.,"Health, Fatigue, or Physical Pain",3,health
2505,The corona virus has been stressing me out.  It has affected our business.,Work,1,work
2506,the corona virus has me feeling very isolated and anxious!,Other,6,unknown
2507,The Corona virus here in Washington is very stressful.,"Health, Fatigue, or Physical Pain",3,health
2508,The corona virus is really stressing me out with the sheltering in place.,"Health, Fatigue, or Physical Pain",3,health
2509,The corona virus is really stressing me out!,"Health, Fatigue, or Physical Pain",3,health
2510,The corona virus is stressing me out!,"Health, Fatigue, or Physical Pain",3,health
2511,"The corona virus outbreak, the uncertainty of it all is overwhelming sometimes.","Health, Fatigue, or Physical Pain",3,health
2512,The corona virus pandemic and uncertainty anout my future as a result.,Emotional Turmoil,6,unknown
2513,The corona virus pandemic has been stressing me out.,"Health, Fatigue, or Physical Pain",3,health
2514,"The Corona Virus, this is a scary thing.","Health, Fatigue, or Physical Pain",3,health
2515,the coronavirus,"Health, Fatigue, or Physical Pain",3,health
2516,The coronavirus,"Health, Fatigue, or Physical Pain",3,health
2517,The coronavirus affecting the whole country.,Other,6,unknown
2518,The coronavirus and all its effecs,Emotional Turmoil,6,unknown
2519,The coronavirus and everyone's panicked behavior,"Health, Fatigue, or Physical Pain",3,health
2520,The coronavirus and how its impacted businesses and the economy,Financial Problem,5,finance
2521,The Coronavirus and safety of my family,Family Issues,2,family
2522,The Coronavirus and staying home,"Health, Fatigue, or Physical Pain",3,health
2523,The coronavirus and the state of the world. Also my job.,Work,1,work
2524,The coronavirus epidemic is frightening me and causing intense worry to me and my family,Family Issues,2,family
2525,The Coronavirus has been really stressful.,"Health, Fatigue, or Physical Pain",3,health
2526,The coronavirus has been stressful to me and I am worried about my family.,Family Issues,2,family
2527,The coronavirus has been stressing me out,"Health, Fatigue, or Physical Pain",3,health
2528,The coronavirus has been stressing me out because if things get shut down completely i w,Emotional Turmoil,6,unknown
2529,The coronavirus has been stressing me out.,"Health, Fatigue, or Physical Pain",3,health
2530,the coronavirus has everyone on lockdown,Other,6,unknown
2531,The Coronavirus has got me scared for older people in my life.,"Health, Fatigue, or Physical Pain",3,health
2532,"The coronavirus is in our town, just got a letter saying a teacher had it!","Health, Fatigue, or Physical Pain",3,health
2533,The coronavirus is stressing me out,Other,6,unknown
2534,The Coronavirus is stressing me out! The kids have lost their minds.,Family Issues,2,family
2535,The Coronavirus madness! How long will everything be shut down?,Other,6,unknown
2536,The coronavirus pandemic,Emotional Turmoil,6,unknown
2537,The Coronavirus pandemic and what it's going to do to the Economy.,Financial Problem,5,finance
2538,the coronavirus pandemic happening right now,"Health, Fatigue, or Physical Pain",3,health
2539,The coronavirus pandemic has been really giving me a lot of stress and anxiety.,"Health, Fatigue, or Physical Pain",3,health
2540,The coronavirus pandemic is stresing me out! How about you?,Emotional Turmoil,6,unknown
2541,The coronavirus pandemic is taking a toll on me financially.,Financial Problem,5,finance
2542,The coronavirus pandemic making me stay home!,Emotional Turmoil,6,unknown
2543,The coronavirus shutting down sports,Social Relationships,4,friends
2544,The coronavirus situation as it relates to my health and finances,"Health, Fatigue, or Physical Pain",3,health
2545,The Coronavirus situation is currently stressing me out.,Emotional Turmoil,6,unknown
2546,the coronavirus situation taking away my gigs,Work,1,work
2547,The coronavirus.  I had to move DJ into my house to help me deal.,"Health, Fatigue, or Physical Pain",3,health
2548,The coronavirus. I think people should be more aware and better prepared.,Everyday Decision Making,6,unknown
2549,the corono virus - wanting to leave the house but don't want to die,"Health, Fatigue, or Physical Pain",3,health
2550,The coronoavirus situation is getting worse around here. The first death  happened.,"Health, Fatigue, or Physical Pain",3,health
2551,The corovirus outbreak is really stressing me out,Emotional Turmoil,6,unknown
2552,the cost of my daughter's wedding.,Financial Problem,5,finance
2553,The COV-19 virus is definitely scaring me.,"Health, Fatigue, or Physical Pain",3,health
2554,The Cover pandemic has been stressing me out,"Health, Fatigue, or Physical Pain",3,health
2555,The COVID 19 and my job loss,Work,1,work
2556,"The covid 19 crisis, is stressing me out. I dont know how we are going to make it thru",Emotional Turmoil,6,unknown
2557,"The COVID issue.  It's stressing me out, it's so difficult to think about anything else.","Health, Fatigue, or Physical Pain",3,health
2558,The COVID-19 has made our sales at the cafe very low.,Work,1,work
2559,The COVID-19 has presented a stressful situation for me recently.,"Health, Fatigue, or Physical Pain",3,health
2560,The COVID-19 having us all in at home all the time with no outside activities happening.,Emotional Turmoil,6,unknown
2561,The COVID-19 mess has been stressing me out.,Emotional Turmoil,6,unknown
2562,The Covid-19 pandemic,Financial Problem,5,finance
2563,The COVID-19 pandemic and not working because of it.,Financial Problem,5,finance
2564,The COVID-19 Pandemic conditions seem to be worsening.,Other,6,unknown
2565,The COVID-19 pandemic is really stressing me out. My state should do a full lockdown.,"Health, Fatigue, or Physical Pain",3,health
2566,The Covid-19 pandemic. I think a man who lives across the hall from me might have it.,"Health, Fatigue, or Physical Pain",3,health
2567,the covid-19 pandimic,"Health, Fatigue, or Physical Pain",3,health
2568,"The COVID-19 situation has been hard, especially with transitioning to online classes",School,1,work
2569,The COVID-19 situation has really been stressing me out!,"Health, Fatigue, or Physical Pain",3,health
2570,The covid19 situation is stressing me out. I can't find toilet paper. We all lost jobs.,Work,1,work
2571,"The covid-19 situation.  My job hours got cut, and I'm worried about contracting it.",Work,1,work
2572,The COVID-19 stuff is pretty stressful.  Not really sure what to make of it all.,"Health, Fatigue, or Physical Pain",3,health
2573,The covid-19 virus,"Health, Fatigue, or Physical Pain",3,health
2574,The Covid-19 Virus affecting our world where we can't go outside.,"Health, Fatigue, or Physical Pain",3,health
2575,The COVID-19 virus and the effect it's had on my life.,Emotional Turmoil,6,unknown
2576,The covid19 virus shutting down our production,Work,1,work
2577,The craziness surrounding the coronavirus and not knowing what's going to happen,Emotional Turmoil,6,unknown
2578,the crazy people i have to deal with everyday,Social Relationships,4,friends
2579,THE CURRENT CORONA VIRUS AND THE ECONOMIC IMPACT,"Health, Fatigue, or Physical Pain",3,health
2580,The current health situation.,"Health, Fatigue, or Physical Pain",3,health
2581,The current healthcare situation COVID-19,"Health, Fatigue, or Physical Pain",3,health
2582,The current pandemic and how much its discussed on the news,"Health, Fatigue, or Physical Pain",3,health
2583,The current pandemic that is going on.,Other,6,unknown
2584,The current state of the world,Other,6,unknown
2585,The current worldwide situation with covid-19,Emotional Turmoil,6,unknown
2586,The currently going corona virus situation.,"Health, Fatigue, or Physical Pain",3,health
2587,"the damn workload i have, and the deadlines.",Work,1,work
2588,the dealer i bought my van from registered it as a commercial vehicle against my wishes,Everyday Decision Making,6,unknown
2589,The economy and the recent events about the corona virus,Other,6,unknown
2590,The economy has been stressing me out lately.,Financial Problem,5,finance
2591,the fact i have several bills that are due almost at the same time and it's worrying me!,Financial Problem,5,finance
2592,the fact i have to stay inside alot,Social Relationships,4,friends
2593,the fact that i am tired all the time and they don't know why.,"Health, Fatigue, or Physical Pain",3,health
2594,the fact that I have been laid off due to the coronavirus with no prospects,Work,1,work
2595,The fact that I have online classes and not in class lectures,School,1,work
2596,The fact that I'm on trial for video voyeurism,Other,6,unknown
2597,The fact that school is out.,School,1,work
2598,The fact that the Coronavirus has left me without work.,Work,1,work
2599,The fact that we are out of work because of Corona,Work,1,work
2600,the fact that we just opened a new shop for the business and there's still bugs that nee,Work,1,work
2601,the final results of a court case involving my grand kids.,Family Issues,2,family
2602,The global pandemic has been at the top of my stressors.,"Health, Fatigue, or Physical Pain",3,health
2603,The global pandemic has been stressing me out.,"Health, Fatigue, or Physical Pain",3,health
2604,The global pandemic involving the coronavirus has been stressing me out.,Other,6,unknown
2605,the grading system for my classes this semester is really harsh.,School,1,work
2606,"The grocery store has become stressful lately,  the lines first then empty shelves",Other,6,unknown
2607,The grocery store is out of a lot of the items I need to purchase.,Everyday Decision Making,6,unknown
2608,The health pandemic that is effecting everyone. To health and financial its horrible.,Financial Problem,5,finance
2609,the holiday dinner and my family fighting over time and location.,Family Issues,2,family
2610,the holidays are coming up,Other,6,unknown
2611,the holidays coming up lol you?,School,1,work
2612,The house is such a mess.,Other,6,unknown
2613,the impeachment hearings are stressing me out.  i am mostly stressed out how mean people,Other,6,unknown
2614,the insecurity of not having an adequate income.,Financial Problem,5,finance
2615,The kids being home all the time. Everyone being hone all day is driving each other craz,Family Issues,2,family
2616,the kids being home from school for winter break,Social Relationships,4,friends
2617,the kids have been behaving badly,Family Issues,2,family
2618,the lack of leadership at work.,Work,1,work
2619,the lack of qualified clients.,Work,1,work
2620,the lack of rapport with my co-worker since our falling out and or disagreement.,Work,1,work
2621,The latest flu.,"Health, Fatigue, or Physical Pain",3,health
2622,the lisd said they would find alternative placement for abie and i havent heard from th,Family Issues,2,family
2623,the lost of my job,Work,1,work
2624,the main thing is my boss' inconsistency in telling us what to do.,Work,1,work
2626,the management at work is causing a lot of stress on me.,Work,1,work
2627,the management of my work place insults my new idea about a project,Work,1,work
2628,the managers at the bakery are treating me unfairly after i helped open it.,Work,1,work
2629,the money i need for my mortgage closing,Financial Problem,5,finance
2630,the most recent situation stressing me has been my job,Work,1,work
2631,the most recent thing that has been stressing me out would have to be school,School,1,work
2632,the most stressful thing in my life is usually work related.,Work,1,work
2633,the mother fucking military,Everyday Decision Making,6,unknown
2634,the need to move out of state.,Other,6,unknown
2635,the new assistant at the lab is not really helpful,Work,1,work
2637,the only reason i have a place to stay is because of my friend.,Social Relationships,4,friends
2638,the other day i messed something up at work and it sucked,Work,1,work
2639,the overwhelming thought of being at home during COVID-19,Emotional Turmoil,6,unknown
2640,The pandemic,"Health, Fatigue, or Physical Pain",3,health
2641,the pandemic and work,Work,1,work
2642,The pandemic in the world,"Health, Fatigue, or Physical Pain",3,health
2643,The pandemic is causing me a great deal of stress.,"Health, Fatigue, or Physical Pain",3,health
2644,The pandemic situation of covid-19 is really stressing me out. i cant go out,Social Relationships,4,friends
2645,"The pandemic, hoarding, stupidity of people","Health, Fatigue, or Physical Pain",3,health
2646,"The pandemic, it is making me very anxious",Other,6,unknown
2647,the paper i need to write before school semester ends this year.,School,1,work
2648,"the political situation in america is pretty stressful, i can't wait until november 2020",Other,6,unknown
2649,the political situation right now.,Other,6,unknown
2650,the postdoc in my lab is creepy,Social Relationships,4,friends
2651,the ppl at work are driving me nuts,Work,1,work
2652,The projection of the Coronavirus on the U.S. and the world. I need to work.,Work,1,work
2653,The punk Postmaster (33 years old) making more than twice my wages and just sitting!,Work,1,work
2654,THE RAPID SPREAD OF CORONOVIRUS,"Health, Fatigue, or Physical Pain",3,health
2655,The recent coronavirus outbreak is stressing me out.,"Health, Fatigue, or Physical Pain",3,health
2656,The recent COVID-19 situation is stressing me out.,"Health, Fatigue, or Physical Pain",3,health
2657,The recent outbreak of COVID-19 has put a lot of stress on me. I'm not sure what to do.,"Health, Fatigue, or Physical Pain",3,health
2658,the recent situation stressing me is my finances.,Financial Problem,5,finance
2659,"the recent talks of war and conflict, and the economic turmoil from that.",Financial Problem,5,finance
2660,the recent things that have been stressing about is moving.,Everyday Decision Making,6,unknown
2661,the recent things that have been stressing me out is my health and the health of my fami,"Health, Fatigue, or Physical Pain",3,health
2662,The relationship stuff going on with Nathan.,Social Relationships,4,friends
2663,the sale of my house is making lose sleep.,Financial Problem,5,finance
2664,the shelter in place,Other,6,unknown
2665,The shelves being empty and not being able to find things we need because of coronaviru.,Other,6,unknown
2666,the shooting that happened today,Emotional Turmoil,6,unknown
2667,"The shutdown is stressing me out, it has changed my school and work schedule.",Financial Problem,5,finance
2668,the situation about the coronavirous,"Health, Fatigue, or Physical Pain",3,health
2669,The situation i been stressing out about is the COVID-19 virus,"Health, Fatigue, or Physical Pain",3,health
2670,the situation in the middle east. im worried about my husband potentially being deploy.,Social Relationships,4,friends
2671,THE SITUATION OF A LOT OF PEOPLE BECOMING SICK ALL AROUND THE WORLD AND ME FINDING THE M,"Health, Fatigue, or Physical Pain",3,health
2672,the situation that has been stressing me out is work it's crazy,Work,1,work
2673,The situation that the world is in now with this Covid 19 virus running rampant.,"Health, Fatigue, or Physical Pain",3,health
2674,The situation with coronavirus has been very stressful lately.,Emotional Turmoil,6,unknown
2675,the situation with iran had me stressed out the other day.,Other,6,unknown
2676,The spread of covid-19 is crazy,"Health, Fatigue, or Physical Pain",3,health
2677,The spread of the coronavirus is really scary.,"Health, Fatigue, or Physical Pain",3,health
2678,the state of our country,Other,6,unknown
2679,The stay at home order due to covid 19 virus,"Health, Fatigue, or Physical Pain",3,health
2680,The stupid COVID outbreak,"Health, Fatigue, or Physical Pain",3,health
2681,the stupid problems at work. a lot going on. it's so fast paced. i'm not sure i'll make,Work,1,work
2682,the stupid virus and the people around me who do not take this serious!,Emotional Turmoil,6,unknown
2683,the teacher didn' want to receive my homework because i was 3 minutes late to his class,School,1,work
2684,the thing that stressed me out the most has been my follow up doctor's appointment,"Health, Fatigue, or Physical Pain",3,health
2685,the things that has been stressing me out is trying to be able to live on my own.,Financial Problem,5,finance
2686,the traffic was so bad.,Other,6,unknown
2687,the trump corruption and impeachment with new controversies every day is exhausting,Other,6,unknown
2688,The uncertainty about my workload over the next couple months is stressing me out.,Work,1,work
2689,the uncertainty of my relationship is stressing me out.,Emotional Turmoil,6,unknown
2690,The uncertainty of the current global crisis has me deeply concerned.,Emotional Turmoil,6,unknown
2691,The uncertainty of when work for school is due.,School,1,work
2692,the upcoming spring college semester.,School,1,work
2693,"the usual kids, husband's job, and house",Everyday Decision Making,6,unknown
2694,"the usual, family work, my health",Family Issues,2,family
2695,"the usual, kids, doctors, money, too much of everything.",Family Issues,2,family
2696,The virus going around,"Health, Fatigue, or Physical Pain",3,health
2697,"The virus has been on my mind quite a bit, but not too stressful!",Other,6,unknown
2698,the virus has been stressing me out!,"Health, Fatigue, or Physical Pain",3,health
2699,The virus outbreak and aftermath have made it hard to find another job.,Work,1,work
2700,The virus situation is way out of hand.,Emotional Turmoil,6,unknown
2701,"The virus situation, I'm not sure when I'll be able to work again",Work,1,work
2702,The virus spreading the world,"Health, Fatigue, or Physical Pain",3,health
2703,The virus that is spreading.,Other,6,unknown
2704,the washing machine is broken and i'm really behind on laundry.,Everyday Decision Making,6,unknown
2705,the weather is crazy,Other,6,unknown
2706,the whole  corona  situation stresses me,"Health, Fatigue, or Physical Pain",3,health
2707,the whole covid 19 situation,"Health, Fatigue, or Physical Pain",3,health
2708,The whole COVID-19 thing,Everyday Decision Making,6,unknown
2709,the whole decision to leave my job in six months.,Financial Problem,5,finance
2710,The whole world right now. Covid Politics,Financial Problem,5,finance
2711,The work here is overwhelming,Work,1,work
2712,THE WORK LOAD HAS GROWN significantly,Work,1,work
2713,The world as it is right now.,Other,6,unknown
2714,The world is involved in a global pandemic and we have been told to isolate ourselves,"Health, Fatigue, or Physical Pain",3,health
2715,there are a few situations that are stressing me out.,Other,6,unknown
2716,there are a lot of projects at work weighing on me,Work,1,work
2717,there has been some passive-aggressive behavior from my boss.,Work,1,work
2718,There have a lots of bad new on the television,Other,6,unknown
2719,there is a coworker who is behaving rudely towards me at work.,Work,1,work
2720,"there is a lot going on in the news about iran, i pray that our troops are safe.",Emotional Turmoil,6,unknown
2721,There is a pandemic and it is dangerous to leave the house.,"Health, Fatigue, or Physical Pain",3,health
2722,there is hardly any work at mechanical turk the past week.,Work,1,work
2723,there is not enough coverage at work and i have been doing the work of 2,Work,1,work
2724,there is not enough time in the day for both work and errands.,Work,1,work
2725,there is not enough to do around here i am worried that i might lose my job,Work,1,work
2726,theres a situation at work,Work,1,work
2727,there's just a lot going on and i don't know what to do.,Everyday Decision Making,6,unknown
2728,there's just so much going on at work.,Work,1,work
2729,there's not enough time in the day for all i need to do.,Everyday Decision Making,6,unknown
2730,there's nothing to make for dinner and i'm starving.,Everyday Decision Making,6,unknown
2731,there's the one guy who keeps calling the desk every few minutes all night.,Work,1,work
2732,there's this thing going on at work...,Work,1,work
2733,theres too many people and home and not enough space,Family Issues,2,family
2734,there's too much to do at work and having the kids home from school is a pain,Family Issues,2,family
2735,these kids are driving me crazy,Family Issues,2,family
2736,These kids drive me crazy and I need to get to the store,Family Issues,2,family
2737,these people do not care about their workers. they do not want to pay us.,Work,1,work
2738,They cut my hours at work,Work,1,work
2739,they have predicted severe weather for today.,Other,6,unknown
2740,Things are tight around here money wise and trying to get a job is difficult,Work,1,work
2741,things at work has been getting a little crazy.,Work,1,work
2742,Things at work have been hectic and this virus is crazy,Work,1,work
2743,things just keep piling up politically.,Other,6,unknown
2745,things with my kids have been hard,Family Issues,2,family
2746,things with work have been stressing me out,Work,1,work
2747,thinking about the holidays and getting together with family,Family Issues,2,family
2748,thinking about this new move that is coming up.,Everyday Decision Making,6,unknown
2749,thinking about work i should be doing,Work,1,work
2750,this bumper to bumper traffic is driving me nuts. will it ever move?,Everyday Decision Making,6,unknown
2751,This caronavirus that is affecting America,"Health, Fatigue, or Physical Pain",3,health
2753,this corona virus has really stressed me out. im sick of not working.,Work,1,work
2754,This corona virus pandemic has been stressing me out.,Emotional Turmoil,6,unknown
2755,This corona virus thing has me worried sick,Emotional Turmoil,6,unknown
2756,This corona virus thing is so crazy! How are you and the family holding up?,Social Relationships,4,friends
2757,"This corona virus, with the kids being out of school.  We are now going onto our 3 week.","Health, Fatigue, or Physical Pain",3,health
2758,this coronavirus has cut my hours at work and I'm going crazy staying home,Work,1,work
2759,"This coronavirus is freaking me out, man.  I am very scared.",Emotional Turmoil,6,unknown
2760,This coronavirus is kind of stressful because you never know how long it's going to last,"Health, Fatigue, or Physical Pain",3,health
2761,This coronavirus lockdown and scare has me somewhat stressed out.,"Health, Fatigue, or Physical Pain",3,health
2762,This coronavirus might wipe out the human race!,Other,6,unknown
2763,This coronavirus outbreak and having to leave work has me stressed out.,Work,1,work
2764,This coronavirus pandemic has been driving me crazy,Emotional Turmoil,6,unknown
2765,This Coronavirus thing has really got me worried.,"Health, Fatigue, or Physical Pain",3,health
2766,"This coronavirus. I mean, how long will it last? What do I do?",Emotional Turmoil,6,unknown
2767,This coronovirus pandemic and all these jobs that are being lost. It's scary !,Work,1,work
2768,"This COVID bullshit, man",Emotional Turmoil,6,unknown
2769,This COVID mess in the world,Other,6,unknown
2770,This COVID-19 is stressing me because of the amount of people who are infected.,"Health, Fatigue, or Physical Pain",3,health
2771,This Covid19 pandemic is stressing me out with the kids being home from school,School,1,work
2772,This COVID-19 shutdown is really making life difficult.,Emotional Turmoil,6,unknown
2773,This damn COVID 19!,Emotional Turmoil,6,unknown
2774,this dang corona virus has me stressed,"Health, Fatigue, or Physical Pain",3,health
2775,This goddamn quarrantine man.,Other,6,unknown
2776,this house remodel. it's a lot to take on alone,Social Relationships,4,friends
2777,this is thing at work...,Work,1,work
2778,This issue about Covid-19 is very stressful to me!,"Health, Fatigue, or Physical Pain",3,health
2779,this job hunt is killing me man.,Work,1,work
2780,this morning was stressful my son wouldn't listen. he ended up being late to school eff!,Family Issues,2,family
2781,this osha audit has me wanting to scream.,Work,1,work
2782,this overseas move and trying to figure out how we will move the dogs.,Family Issues,2,family
2783,this person i work with is driving me crazy.,Social Relationships,4,friends
2784,this problem at work has been driving me crazy if you have a minute,Work,1,work
2786,This quarantine is stressing me out.,"Health, Fatigue, or Physical Pain",3,health
2787,this stupid girl that likes my boyfriend has been stressing me out,Social Relationships,4,friends
2788,this supervisor is getting on my last nerve!,Work,1,work
2789,This virus is stressing me out.,"Health, Fatigue, or Physical Pain",3,health
2790,This virus is stripping away all my freedom and it's driving me insane.,Other,6,unknown
2791,This virus isolation thing,"Health, Fatigue, or Physical Pain",3,health
2792,This virus that's going around.  Finding an apartment is hard.  Everything Is expensive,Financial Problem,5,finance
2793,This whole Corona Virus and self quarentine at home situation plaus no work is stressful,Emotional Turmoil,6,unknown
2794,This whole Corona Virus situation!,Emotional Turmoil,6,unknown
2795,This whole corona virus thing has me pretty stressed,"Health, Fatigue, or Physical Pain",3,health
2796,"This whole coronavirus mess is stressing me out, not sure whats going to happen",Everyday Decision Making,6,unknown
2797,"This whole Coronavirus pandemic is stressing me out, I lost my job.",Work,1,work
2798,This whole coronavirus sitation.,"Health, Fatigue, or Physical Pain",3,health
2799,This whole Coronavirus thing and being forced to go to work has me very stressed.,Work,1,work
2800,This whole coronavirus thing.,"Health, Fatigue, or Physical Pain",3,health
2801,This whole COVID thing really sucks!,Emotional Turmoil,6,unknown
2802,This whole COVID thing. I can't do anything right now!,"Health, Fatigue, or Physical Pain",3,health
2803,this whole ivf proces,"Health, Fatigue, or Physical Pain",3,health
2804,This whole pandemic crisis is stressful and very concerning,"Health, Fatigue, or Physical Pain",3,health
2805,This whole stay at home got me f'd up man,Other,6,unknown
2806,This whole thing with the coronavirus. The unknonwn and people dying.,Emotional Turmoil,6,unknown
2807,this whole virus thing,"Health, Fatigue, or Physical Pain",3,health
2808,tim has been working late,Other,6,unknown
2809,time management,Everyday Decision Making,6,unknown
2810,"Tired of work, been trying to leave my job.",Work,1,work
2811,tires,Other,6,unknown
2812,Today has been rough with my kids fighting back and forth.,Family Issues,2,family
2813,today i suddenly facing a road accident.,Other,6,unknown
2814,todd and i are both miserable and i know know how to fix our relationship.,Social Relationships,4,friends
2815,too many interruptions all day,Everyday Decision Making,6,unknown
2816,too many tasks at work,Work,1,work
2817,too many unexpected and unavoidable expenses this past week.,Financial Problem,5,finance
2818,too much paperwork interfering with actual work,Work,1,work
2819,too much to do around the house and not enough time,Everyday Decision Making,6,unknown
2820,"too much to do in general, too busy",Everyday Decision Making,6,unknown
2821,too much work time not enough me time,Work,1,work
2822,too much work to do,Work,1,work
2824,traffic!,Emotional Turmoil,6,unknown
2827,trump trying to start ww3,Other,6,unknown
2828,trump's trade war,Other,6,unknown
2830,trying to afford all these christmas presents.,Financial Problem,5,finance
2831,"Trying to balance my work with the house and kids, plus my husband being home",Family Issues,2,family
2832,"Trying to be a teacher, parent, and girl friend is stressful!",Financial Problem,5,finance
2833,trying to beat my addiction that i been battling for 4 years very hard to beat,"Health, Fatigue, or Physical Pain",3,health
2834,trying to best discipline my children.,Family Issues,2,family
2835,Trying to buy groceries yet avoid people.,Everyday Decision Making,6,unknown
2836,trying to catch up on my school work and work full-time,Work,1,work
2837,trying to communicate with my wife,Social Relationships,4,friends
2838,trying to divorce as soon as possible,Family Issues,2,family
2839,trying to earn a little extra cash to pay bills.,Financial Problem,5,finance
2840,trying to figure out a budget for the month.,Financial Problem,5,finance
2841,trying to figure out how to grow my business.,Work,1,work
2842,Trying to figure out how to make ends meet,Financial Problem,5,finance
2844,trying to find a better job,Work,1,work
2845,trying to find a job,Financial Problem,5,finance
2846,trying to find a new job is hard. bills do not stop.,Work,1,work
2847,Trying to find a new roommate.,Social Relationships,4,friends
2848,trying to find a simple part time job is stressing me out.,Work,1,work
2849,trying to find more clients to support the business so i can afford my own place.,Financial Problem,5,finance
2850,trying to get a raise,Work,1,work
2851,Trying to get a Refund $79.93  from hughesnet - hughesnet has been blocking it.,Financial Problem,5,finance
2852,Trying to get Easton to do more school work and less wanting to play!,Family Issues,2,family
2853,trying to get everyone where they need to be on time.,Everyday Decision Making,6,unknown
2854,"trying to get into a position at work so i can advance, but having a hard time.",Work,1,work
2855,trying to get my work finished so i can go home/,Work,1,work
2856,trying to get my youtube channel up and running.,Other,6,unknown
2857,trying to get this house set up,Everyday Decision Making,6,unknown
2858,trying to get this work from home thing going and not going as quickly. .,Work,1,work
2859,Trying to homeschool my son is really stressing me out,Family Issues,2,family
2860,trying to keep a roof over our heads,Financial Problem,5,finance
2861,trying to keep up and pay down my credit card debts.,Financial Problem,5,finance
2862,trying to keep up with my research schedule.,School,1,work
2863,trying to make everyone happy at work.,Work,1,work
2864,trying to make more money has me stressed out.,Financial Problem,5,finance
2865,trying to make the extra money for xmas gifts,Financial Problem,5,finance
2866,trying to manage my debt,Financial Problem,5,finance
2867,trying to mesh two households: mine and my senior mom who we will be taking care of.,Family Issues,2,family
2868,trying to pay off my debt,Financial Problem,5,finance
2869,trying to pay off my student loan debt,Financial Problem,5,finance
2870,trying to save for a down payment on a house,Financial Problem,5,finance
2871,"trying to speed up at work, especially with tires.",Work,1,work
2872,trying to stay above water in bills,Financial Problem,5,finance
2873,trying to teach and work from home is more work. It sucks.,Work,1,work
2874,tryiong to figure out how to make more money to support my family,Financial Problem,5,finance
2875,two co workers did not show up and that left us very shorthanded.,Work,1,work
2877,ugh im fucking stressed,Emotional Turmoil,6,unknown
2878,ugh let me tell you,Other,6,unknown
2879,ugh life has been stressful lately,Other,6,unknown
2880,ugh paying my medical bills for this month,Financial Problem,5,finance
2881,"ugh, just work stress. maybe will help to sleep on it.",Work,1,work
2882,"ugh, lately work has been pissing me off.  like, why does such a simple job have to suck",Work,1,work
2883,"ugh, my boss and entire team is changing.",Work,1,work
2884,"ugh, work really sucks right now.  i'm so stressed out.",Work,1,work
2885,"ugh.  it's so slow at work, so i'm not making much money.",Financial Problem,5,finance
2886,ugh. lots of stuff. work has been rough. boss is being a jerk.,Work,1,work
2887,Ughhh....the people I have been working with!,Work,1,work
2888,UM WELL THE MAUJOR CANT DECIDE WEATHER  OGDEN CITY WILL GO ON LOCKE DOWN OR NOT THTAS ST,Other,6,unknown
2889,uncertainty at work has stressed me out lately,Work,1,work
2890,Uncertainty of the future of my current position at work.,Work,1,work
2891,upcoming court hearing is stressing me out,Emotional Turmoil,6,unknown
2892,upcoming exams for school is stressing me out.,School,1,work
2893,upcoming follow up visit to doctors,"Health, Fatigue, or Physical Pain",3,health
2894,upcoming trip,Other,6,unknown
2895,Upper management just won't listen to my ideas to make things better.,Work,1,work
2896,upset today. tell me something to relax,Emotional Turmoil,6,unknown
2897,very stress,Other,6,unknown
2898,very upset. need to relax,Emotional Turmoil,6,unknown
2899,waiting on hip replacement surgery for a year has really stressed me out,"Health, Fatigue, or Physical Pain",3,health
2900,way too much overtime,Work,1,work
2901,"we are being asked to record so much data, and no time to do it!",Work,1,work
2902,we are having a difficult time financially.,Financial Problem,5,finance
2903,we are not in good terms wish my dad since last week.,Family Issues,2,family
2904,we are short staffed at work.,Work,1,work
2905,we don't have enough money to fix the house.,Financial Problem,5,finance
2906,we got a new guy at work and he is not experienced at all,Work,1,work
2907,we have been really short-staffed at work recently.,Work,1,work
2908,we have been stressing over how we will pay our phone bill next week,Financial Problem,5,finance
2909,we have been struggling paying our bills so much that i can not even go to the doctor,Financial Problem,5,finance
2910,we have some big changes going on at work with our email and it is not going very well.,Work,1,work
2911,We havent left the house in 2 weeks,Other,6,unknown
2912,we just bought a house and now i am stressing about moving.,Everyday Decision Making,6,unknown
2913,we just found out my dad has terminal brain cancer.,Family Issues,2,family
2914,we might not get all the data entered by the deadline,Work,1,work
2915,"we were so short staffed at work today, i didn't get a break at all.",Work,1,work
2916,"well everything lol moming a toddler, being unemployed, and just life all around",Family Issues,2,family
2917,well i am broke homeless and struggling with a bad habit,Financial Problem,5,finance
2919,well i just found out my soon to be exhusband just had another baby,Family Issues,2,family
2920,Well i need a new car soon and it's going to be expensive.,Financial Problem,5,finance
2921,well i recently got by a truck and cnnot work.,"Health, Fatigue, or Physical Pain",3,health
2922,well i was at work and i been stressed out becuase theres alot of people coming at,Work,1,work
2923,Well lately I have been unable to go to the grocery store as usual.,Everyday Decision Making,6,unknown
2924,"well my credit cards are ruining my credit, i need to pay them off to get a new place",Financial Problem,5,finance
2925,WELL OF COURSE IT WOULD ONLY BE THE CORONUS VIRUS SITUATION GOING ON. BEING SEPARATED FR,"Health, Fatigue, or Physical Pain",3,health
2926,well the stress of choosing what to eat. i wake up int the morning and find it difficult,Everyday Decision Making,6,unknown
2927,Well this whole coronavirus thing is pretty stressful!,"Health, Fatigue, or Physical Pain",3,health
2928,well we are still trying to get funding before we don't make payroll,Financial Problem,5,finance
2929,Well you know my father who has dementia has entered a new stage with this disease.,Family Issues,2,family
2930,"Well, at times, when I text my supposedly BFF in NY, I get very frustrated...",Social Relationships,4,friends
2931,"well, i applied for a master's degree and got denied :(",School,1,work
2932,"well, i have a bunch of tests for school coming up.",School,1,work
2933,"well, i just took a test i did not study for.",School,1,work
2934,"well, i tried getting my car to start, and it won't!",Other,6,unknown
2936,"Well, it has been difficult staying at home.",Emotional Turmoil,6,unknown
2937,"Well, it's my work.  It has been so hectic lately due to deadlines.",Work,1,work
2938,"well, money's been a little tight, but it'll be fine.  just a temporary issue.",Financial Problem,5,finance
2939,"Well, my research is not going well.",Work,1,work
2940,"well, we're expecting a new baby soon so that will mean some adjusting for everyone.",Family Issues,2,family
2941,"well, work has just been so frustrating lately. i just need to vent.",Work,1,work
2942,"well, you know how busy the christmas season has been... so much to do!!",Everyday Decision Making,6,unknown
2943,well... my job is very stressful and i feel like i need to find a new one right away.,Work,1,work
2944,"went to grocery for tgiving meal, and totally forgot turkey",Other,6,unknown
2945,we're broke!,Financial Problem,5,finance
2946,we're gearing up for a big move and there's so much to do!,Everyday Decision Making,6,unknown
2947,We're on lockdown and my husband is overbearing.,Social Relationships,4,friends
2948,We're overloaded at work with a bunch of cases to file within a month.,Work,1,work
2949,We've been stressing alot about school for the kids,Family Issues,2,family
2950,we've been struggling financially for awhile.,Financial Problem,5,finance
2951,what a stressful day with my co-worker!  shes so annoying!,Work,1,work
2952,what do you do with people who give you conflicting information or keep changing information?,Social Relationships,4,friends
2954,"What else, the Global Pandemic!","Health, Fatigue, or Physical Pain",3,health
2955,what has stressed me out was trying to get a certain amount of turk done.,Work,1,work
2956,What hasn't been stressing me out?,Emotional Turmoil,6,unknown
2957,what hasn't? mostly a sick pet though. it hurts to see his pain.,Emotional Turmoil,6,unknown
2958,what i am going to cook for dinner and if i have enough time to cook the full meal,Other,6,unknown
2960,what to cook,Everyday Decision Making,6,unknown
2962,what to work on,Work,1,work
2963,When I caught a person talking bad about me,Social Relationships,4,friends
2964,when i had to finish my annual report last week.,Work,1,work
2966,when my friend freaks out on me for no good reason,Social Relationships,4,friends
2967,When my supervisor quit this morning. I was stressed like crazy,Work,1,work
2969,whether or not i am going to be paid,Financial Problem,5,finance
2970,whether or not i put enough money in savings.,Financial Problem,5,finance
2972,which surgeon should i go to for the surgery on my shoulder?,"Health, Fatigue, or Physical Pain",3,health
2975,why she stop talking to me? lv done nothing to her,Social Relationships,4,friends
2977,wishing i had more time to work to save money for a home.,Financial Problem,5,finance
2978,Wondering if my food stamps are gonna stretch until we get more.,Financial Problem,5,finance
2979,Wondering whether my projects will be permanently cancelled,Work,1,work
2980,work,Work,1,work
2981,Work,Work,1,work
2982,"work , i have this new manager who doest know much .",Work,1,work
2983,work always stresses me out; let's talk about it some more.,Work,1,work
2984,Work and Bills,Work,1,work
2985,work and family,Family Issues,2,family
2986,work and family balance,Work,1,work
2987,work and money. it is that simple.,Other,6,unknown
2988,work and school have been insane lately,Work,1,work
2989,work and the corona-virus pandemic,Work,1,work
2990,work and the wedding,Work,1,work
2991,work and things at home,Work,1,work
2992,work had been stressing me out because my boss might leave,Work,1,work
2993,"work has bee rough, we are short staffed and busy.",Work,1,work
2994,Work has been a handful lately,Work,1,work
2995,work has been awful lately and I really want to quit,Work,1,work
2996,work has been crazy busy and i don't feel like i have as much influence as i would like.,Work,1,work
2997,"work has been crazy lately, they fired my co worker.",Work,1,work
2998,work has been crazy lately.,Work,1,work
2999,work has been crazy!,Work,1,work
3000,work has been crazy! we have had to make some organizational changes in my department.,Work,1,work
3001,work has been difficult. lots of issues with a project.,Work,1,work
3002,work has been giving me a pain in teh neck with this upcoming intl night performance,Work,1,work
3003,"work has been giving me fewer new leads until friday, limiting my earning capacity.",Work,1,work
3004,work has been insanely busy and i am exhausted,Work,1,work
3005,work has been kinda crazy lately,Work,1,work
3006,work has been making me upset because of the crazy workload and lack of assistance.,Work,1,work
3007,Work has been pretty crazy lately,Work,1,work
3008,work has been pretty stressful.,Work,1,work
3009,work has been really difficult lately.,Work,1,work
3010,work has been really stressful,Work,1,work
3011,Work has been really stressful lately.,Work,1,work
3012,"work has been really stressful lately. so much work, so little time",Work,1,work
3013,work has been really taking a toll on me lately,Work,1,work
3014,work has been rough,Work,1,work
3015,"work has been rough, my coworkers are not doing all of their job.",Work,1,work
3016,work has been slow and that is taking a toll on the bills lately.,Work,1,work
3017,work has been so bad lately,Work,1,work
3018,work has been so busy and i have so many deadlines!,Work,1,work
3019,work has been so busy and it's making me tired and stressed.,Work,1,work
3020,work has been so crazy busy,Work,1,work
3021,work has been so stressful,Work,1,work
3022,Work has been so stressful because my boss expects too much.,Work,1,work
3023,work has been so stressful lately. i have been the only one on the unit for 3 days now.,Work,1,work
3024,work has been stressful,Work,1,work
3025,"work has been stressful lately, my boss has been riding me.",Work,1,work
3026,work has been stressful with a lot of stock trading.,Work,1,work
3027,work has been stressful.very political always watching my back.always have my guard up.,Work,1,work
3028,work has been stressing me out,Work,1,work
3029,work has been stressing me out and family,Work,1,work
3030,Work has been stressing me out lately due to having to deal with sick customers/,Work,1,work
3031,work has been stressing me out lately.,Work,1,work
3032,work has been stressing me out lately. i just don't know how to deal with the situation.,Work,1,work
3033,work has been stressing me out.,Work,1,work
3034,work has been stressing me out. at the deadlines for a lot of projects!,Work,1,work
3035,Work has been stressing me out. I am scared I will loose my job and not work,Work,1,work
3036,work has been stressing me out. i want to quit my job so badly.,Work,1,work
3037,Work has been stressing me out. There is alot of drama.,Work,1,work
3038,work has been super busy and i can't keep up,Work,1,work
3039,Work has been super stressful,Work,1,work
3040,work has been tiring me out.,Work,1,work
3041,Work has been too crazy. The deadlines are too short and the pressure is high,Work,1,work
3042,work has been tough lately.,Work,1,work
3043,work has been very busy.,Work,1,work
3044,work has been wearing on me a lot lately,Work,1,work
3045,"Work has ben rough, I'm worried the corona mite come though the drive thru.",Work,1,work
3046,work has me stressed out due to the schedule from the holidays,Work,1,work
3047,Work has me stressed!,Work,1,work
3048,work has slowed down so i am nervous about money.,Financial Problem,5,finance
3049,work in general and searching the real estate market.,Work,1,work
3050,"work in general has been stressful, there are just a lot of pending things.",Work,1,work
3051,work is a lot hectic today...i really need a break,Work,1,work
3052,work is busy and i'm not getting it done on time,Work,1,work
3053,work is difficult right now,Work,1,work
3054,work is doing my head in,Work,1,work
3055,Work is driving me crazy!,Work,1,work
3056,work is driving me nuts. just a lot of last minute stuff,Work,1,work
3057,Work is forcing us to work random shifts.,Work,1,work
3058,work is getting me down,Work,1,work
3059,Work is just being annoying rn,Work,1,work
3060,work is just really hectic lately,Work,1,work
3061,work is killing me,Work,1,work
3062,work is killing me!,Work,1,work
3063,work is really getting me down.,Work,1,work
3064,work is really getting to me,Work,1,work
3065,work is really getting to me.,Work,1,work
3066,work is so ridiculously busy and we have little direction.,Work,1,work
3067,"work is starting to pile up, and i am too easliy distracted.",Work,1,work
3068,Work is straight up killing me,Work,1,work
3069,work is stressful and planning for the upcoming wedding next year!,Work,1,work
3070,Work is stressing me out mostly,Work,1,work
3071,work is stressing me out!,Work,1,work
3072,work is stressing me out.,Work,1,work
3073,Work is stressing me out.,Work,1,work
3074,work is very exhausting i need a break or need a vacation,Work,1,work
3075,"Work is very stressful, I'm ready for the weekend!",Work,1,work
3076,work is way too stressful,Work,1,work
3077,Work life balance is killing me,Work,1,work
3078,work life has not improved only getting worse,Work,1,work
3079,work of course - it's less busy but still weird,Work,1,work
3080,Work pressure in my current project,Work,1,work
3081,work projects and timelines,Work,1,work
3082,work school life you know,Work,1,work
3083,work still,Work,1,work
3084,work stress,Work,1,work
3085,work stress...my computer has a virus or something and is locking up. :(,Work,1,work
3086,work stresses me out because i am in review for a promotion.,Work,1,work
3087,work sucks! boring and not satisfying,Work,1,work
3088,work sucks.. i work long hours for little pay,Work,1,work
3089,"work was bullshit today, man",Work,1,work
3090,Work was stressful today,Work,1,work
3091,work!,Other,6,unknown
3092,work! i have too much too do at work! help!,Work,1,work
3093,work! it has me running every which way!!,Work,1,work
3094,work! people don't respect each other's roles.,Work,1,work
3095,work! we are short handed and so all the work gets dumped on me,Work,1,work
3096,"work, can't stand these lazy kids i work with.",Work,1,work
3097,"Work, dealing with this covid has been NUTS!",Work,1,work
3098,"work, it has been a stressful week! hope it gets better",Work,1,work
3099,"work, stupid people, money..you?",Work,1,work
3100,"work, too much to do and not enough hours in the day to accomplish everything",Work,1,work
3101,work.  i hate it and wish i could do something else :-/,Work,1,work
3102,Work.  It makes no sense how little the boss cares for her staff.,Work,1,work
3103,work. my new boss has limited technical ability.,Work,1,work
3104,work. we have a huge going on,Work,1,work
3105,work. work is so stressful. the principal seems to have it out for the staff.,Work,1,work
3106,worked has really gotten busy and over loaded me.,Work,1,work
3107,Working at home with the kids 24/7!!!,Family Issues,2,family
3108,Working from home has been driving me crazy.,Work,1,work
3109,Working from home is impossible with kids,Work,1,work
3110,working from home with kids currently,Work,1,work
3111,working long hours with hardly any sleep,Work,1,work
3113,working part time job,Work,1,work
3114,working wiht our hoa to get all the documents we need.,Other,6,unknown
3115,working with patients and worrying about bringing the coronavirus home to my family,Emotional Turmoil,6,unknown
3116,Working with people who are sick,Work,1,work
3117,works been hard for me,Work,1,work
3118,"work's been pretty tough lately, the manager has been giving me a lot lately.",Work,1,work
3119,work's been really hard. im not making enough,Work,1,work
3120,works cutting back everyones hours its driving me crazy this time of year i need $$,Work,1,work
3121,worried about being laid off from my job,Work,1,work
3122,Worried about getting the family sick,"Health, Fatigue, or Physical Pain",3,health
3123,worried about my deadlines.,Work,1,work
3124,worried about my folks and this virius.,Social Relationships,4,friends
3125,worried about my granny right now,Family Issues,2,family
3126,Worried about my hours being cut,Work,1,work
3127,Worried about not being able to find a job after college,Financial Problem,5,finance
3128,worried about paying bills on time,Financial Problem,5,finance
3129,Worried about whether the work will hold up when things get bad.,Work,1,work
3130,Worrying about being able to afford basic necessities like toilet paper.,Financial Problem,5,finance
3131,WORRYING ABOUT EXPOSURE TO COVID AT THE HOSPITAL WHERE I WORK,Work,1,work
3132,worrying about meeting financial obligations and paying bills,Financial Problem,5,finance
3133,worrying about money and either i can pay my bills,Financial Problem,5,finance
3134,worrying about my daughter being  sick at college and not there to take care of,Family Issues,2,family
3135,worrying about my ddaughter getting into school,Family Issues,2,family
3136,worrying about my high risk family getting sick with the covid 19 virus,Family Issues,2,family
3137,Worrying about my parents getting sick,Family Issues,2,family
3138,worrying about my son finding a job,Family Issues,2,family
3139,worrying about some pain in the ribs,"Health, Fatigue, or Physical Pain",3,health
3140,Worrying about the future due to the COVID-19 virus.,Emotional Turmoil,6,unknown
3141,Wow how did you know. My job let me go because of COVID-19,Work,1,work
3142,Wow!! Today was so crazy you would not believe.,Other,6,unknown
3143,wow. thanks for asking. i have been stressing out about my student loan.,Financial Problem,5,finance
3144,yeah finding a job that earns more $$$$,Work,1,work
3145,"yes i have a problem because of my family, my  financial situation is very worst",Financial Problem,5,finance
3146,yesterday i had a stressful situation at my work place.,Work,1,work
3147,Yo I'm hate my job right now,Work,1,work
3148,yo! heavy workload this wk!,Work,1,work
3149,you are what has been stressing me out friend,Social Relationships,4,friends
3150,You know my daughter lives in NYC and I m concerned about her.,Family Issues,2,family
3151,"You know, current events... the world is crazy right now",Other,6,unknown
3152,you need to keep going. do not give up.,Other,6,unknown
3153,you texting me too much.,Social Relationships,4,friends
3154,My stomach hurts when I get stressed.,"Health, Fatigue, or Physical Pain",3,health
3155,Stomach aches stress me out.,"Health, Fatigue, or Physical Pain",3,health
3156,"Back hurts, stomach hurts, I have a stomach ache.","Health, Fatigue, or Physical Pain",3,health
3157,"my stomach still hurts to bad. along with my head, and chest pains.","Health, Fatigue, or Physical Pain",3,health
3158,My stomach hurts and I have a headache.,"Health, Fatigue, or Physical Pain",3,health
3159,My stomach hurts a lot from stress.,"Health, Fatigue, or Physical Pain",3,health
3160,So I'm feeling sick and have bad back cramps. Plus,"Health, Fatigue, or Physical Pain",3,health
3161,its making me stressed and that leads to my stomache hurting.,"Health, Fatigue, or Physical Pain",3,health
3163,"Ok, I've been up on too little sleep too long, and the Bad Influence is telling me to get to bed.","Health, Fatigue, or Physical Pain",3,health
3164,"However, napping now makes me stay up late, sleep in late, not get to the library with enough time to get any work done, blah blah blah.",Other,6,unknown
3165,I either sleep too much or I'm up all night like I am now trying to find a way to make myself tired.,"Health, Fatigue, or Physical Pain",3,health
3168,I'm tired and not sleeping great.,"Health, Fatigue, or Physical Pain",3,health
3169,It's like I'm not sleeping too well.,"Health, Fatigue, or Physical Pain",3,health
3170,The downside is that I haven't been sleeping well.,"Health, Fatigue, or Physical Pain",3,health
3172,"I don't handle stress very well, I think.",Emotional Turmoil,6,unknown
3173,The problem is that I don't sleep very well.,"Health, Fatigue, or Physical Pain",3,health
3174,His health isn't so great.,"Health, Fatigue, or Physical Pain",3,health
3175,"Ah, nothing, I just don't feel that well, im pretty tired.","Health, Fatigue, or Physical Pain",3,health
3176,but I didn't sleep very well.,"Health, Fatigue, or Physical Pain",3,health
3177,"I am sore, and I am tired.","Health, Fatigue, or Physical Pain",3,health
3178,So yeah I'm tired and sore.,"Health, Fatigue, or Physical Pain",3,health
3179,I'm tired and I'm sore.,"Health, Fatigue, or Physical Pain",3,health
3180,"i'm tired. tired mentally, emotionally and physically",Emotional Turmoil,6,unknown
3181,I was tired and sore.,"Health, Fatigue, or Physical Pain",3,health
3182,"but yeah, now I am feeling way tired, a bit on the sore side and fatigued.","Health, Fatigue, or Physical Pain",3,health
3183,"Now I feel sick, my back hurts badly, and I have a terrible headache.","Health, Fatigue, or Physical Pain",3,health
3184,I have a terrible headache.,"Health, Fatigue, or Physical Pain",3,health
3185,LOL I have a terrible headache.,"Health, Fatigue, or Physical Pain",3,health
3186,I feel like a bad person XD And I am sore and tired and I have a headache,"Health, Fatigue, or Physical Pain",3,health
3187,"My neck and back are aching, and I have a horrible headache.","Health, Fatigue, or Physical Pain",3,health
3188,So bad that i now have a massive headache!!!!!,"Health, Fatigue, or Physical Pain",3,health
3189,"i feel like hell. my neck is thick with knots, and i have a tension headache. i`m tired and stuffed up with allergies. and those are merely the physical problems.","Health, Fatigue, or Physical Pain",3,health
3190,Problem with me feeling better is that it's harder and harder to convince myself I need to eat healthy.,"Health, Fatigue, or Physical Pain",3,health
3191,"He needs to start eating, though, and his lack of appetite is discouraging.",Social Relationships,4,friends
3192,I do my best to eat leftovers before things spoil but my appetite flucuates so much now that I may not be able to.,Other,6,unknown
3193,"food sounds so gross right now, but my stoamch hurts, so i think i have to find something to eat.","Health, Fatigue, or Physical Pain",3,health
3194,i'm hungry but my stomach is thinking differently ughh gnite.,"Health, Fatigue, or Physical Pain",3,health
3195,"i'm hungry, but when i try to eat, i start feeling all sick.","Health, Fatigue, or Physical Pain",3,health
3196,I am extremely tired today I can not seem to stay awake. I need to eat some good food.,"Health, Fatigue, or Physical Pain",3,health
3197,"It's weird though, like I think I feel hungry then the thought of food makes me feel like throwing up.","Health, Fatigue, or Physical Pain",3,health
3198,"My arms, shoulders, legs and ass muscles are sore.","Health, Fatigue, or Physical Pain",3,health
3199,Working makes my back hurt.,Work,1,work
3200,"My back aches, my chest, my legs, my arms.","Health, Fatigue, or Physical Pain",3,health
3201,my back muscles now ache from the overuse.,"Health, Fatigue, or Physical Pain",3,health
3202,my muscles are sore today.,"Health, Fatigue, or Physical Pain",3,health
3203,"You may suffer from low energy, allergies, or some kind of chronic health problem.","Health, Fatigue, or Physical Pain",3,health
3204,I may have broken my foot.,"Health, Fatigue, or Physical Pain",3,health
3205,I think I might end up spraining it if I don't get a brace for it or something.,"Health, Fatigue, or Physical Pain",3,health
3206,"A hurt ankle on one leg, the other might have shin splints, a sore arm, and a smashed finger which is bruised and looks really gross.","Health, Fatigue, or Physical Pain",3,health
3207,"Stressed out, and can't sleep.","Health, Fatigue, or Physical Pain",3,health
3208,"In pain, muscles refusing to work.","Health, Fatigue, or Physical Pain",3,health
3209,my head hurts and im tired and i cant sleep.,"Health, Fatigue, or Physical Pain",3,health
3210,"im tired tho, dont know if ill be able to stay awake.","Health, Fatigue, or Physical Pain",3,health
3212,"i cant sleep and im soo tired. not just physically, but mentally.","Health, Fatigue, or Physical Pain",3,health
3213,"And then when I'm not working or on the go I get so exhausted, that I can hardly move.","Health, Fatigue, or Physical Pain",3,health
3214,"Simply because when you're tired you don't think and feel straight, right?","Health, Fatigue, or Physical Pain",3,health
3215,I am so tired I like can't wake myself up.,"Health, Fatigue, or Physical Pain",3,health
3216,Once I get into work we have all sorts of problems that keep me tied up until noon.,Work,1,work
3217,so today i'm like massively tired which sucks cause i'm working and i need to be able to consentrate especailly in the mornings cause it's very busy!!,"Health, Fatigue, or Physical Pain",3,health
3218,im guna be busy all day today and first of all im fucking tired as shit and its after 12 30.,Other,6,unknown
3219,If I get my body used to waking up at noon it's just going to make getting up and going to work on Sunday even more painful.,"Health, Fatigue, or Physical Pain",3,health
3220,"If I do land a job, it's going to be a harsh reality, waking up before noon.",Everyday Decision Making,6,unknown
3221,"Honestly, I have been having a headache all day so I'm guessing that is why. I have to work in cacique tomorrow!!!","Health, Fatigue, or Physical Pain",3,health
3222,tired frustration is not a good feeling.,"Health, Fatigue, or Physical Pain",3,health
3223,Tired eyes and a sore heart.,"Health, Fatigue, or Physical Pain",3,health
3224,Im so tired or being sick.,"Health, Fatigue, or Physical Pain",3,health
3225,i am tired and not feeling well.,"Health, Fatigue, or Physical Pain",3,health
3226,"I'm tired, and not feeling very well.","Health, Fatigue, or Physical Pain",3,health
3227,He didn't feel good and he was tired.,"Health, Fatigue, or Physical Pain",3,health
3228,"When your really hurting, the brain doesn't really work very well.","Health, Fatigue, or Physical Pain",3,health
3229,well i managed to sprain my foot and it hurts alot.,"Health, Fatigue, or Physical Pain",3,health
3230,Then I got injured my foot.,"Health, Fatigue, or Physical Pain",3,health
3231,"Well, today, my foot started hurting.","Health, Fatigue, or Physical Pain",3,health
3232,I stepped on a thingy and now my foot hurts.,"Health, Fatigue, or Physical Pain",3,health
3233,my foot got stepped on and is now bruised.,"Health, Fatigue, or Physical Pain",3,health
3234,"First of all, I hurt my feet when I was moving.","Health, Fatigue, or Physical Pain",3,health
3235,"yesterday i felt sorta sick, headache and tummy ache.","Health, Fatigue, or Physical Pain",3,health
3236,"the past few days, without fail, i have woke up with severe back pain.","Health, Fatigue, or Physical Pain",3,health
3237,"My body, especially my back, shoulders, and neck are really sore.","Health, Fatigue, or Physical Pain",3,health
3238,"My legs are aching, my back is aching and my aches are aching.","Health, Fatigue, or Physical Pain",3,health
3239,"! I'm in major pain, via my back.","Health, Fatigue, or Physical Pain",3,health
3240,Top tha toff with being in severe pain.,"Health, Fatigue, or Physical Pain",3,health
3241,Also my family health is not very good right now.,"Health, Fatigue, or Physical Pain",3,health
3242,"I'm not making the money I could, I'm not in good health.","Health, Fatigue, or Physical Pain",3,health
3243,I am so tired and I am not in a good mood.,"Health, Fatigue, or Physical Pain",3,health
3244,"Because of this, I am not in a good mood today.",Other,6,unknown
3245,I'm not having a real good day today. I feel depressed.,Emotional Turmoil,6,unknown
3246,"That made my brain hurt, and my brain isn't even working that well today.",Other,6,unknown
3247,Agggh I'm so tired. and not in a very good mood.,"Health, Fatigue, or Physical Pain",3,health
3248,"The fever, the headache, now the toothache which all leads to heart ache.","Health, Fatigue, or Physical Pain",3,health
3249,"i had a head ache, back ache and tooth ache.","Health, Fatigue, or Physical Pain",3,health
3250,I'm a bit frustrated about how long it is taking me to lose weight.,"Health, Fatigue, or Physical Pain",3,health
3251,"I decided I need to lose weight again, and I haven't had much of an appetite.","Health, Fatigue, or Physical Pain",3,health
3252,"Suki is losing weight again, and I don't know what to do.",Social Relationships,4,friends
3253,"I think I've lost weight this week, its not healthy.","Health, Fatigue, or Physical Pain",3,health
3254,"Ive been trying to look for a job, but my current health issues poses a problem.","Health, Fatigue, or Physical Pain",3,health
3255,She has some kind of health issue and I don't know what it is.,"Health, Fatigue, or Physical Pain",3,health
3256,I have a chronic medical problem that can't currently be cured.,"Health, Fatigue, or Physical Pain",3,health
3257,"In other news, I'm not really sure what's going on with me health wise.","Health, Fatigue, or Physical Pain",3,health
3258,"So, I'm stressed out and I don't really know where to go or who to talk to so I can figure this out.",Emotional Turmoil,6,unknown
3259,I'm starting to worry about my health more and more.,"Health, Fatigue, or Physical Pain",3,health
3260,"Days where I feel weak, or where I feel like something happened that I can't or don't want to handle?",Emotional Turmoil,6,unknown
3261,i'm just not sure if i can handle it all because i'm stressing out just thinking about it.,Emotional Turmoil,6,unknown
3262,Also I'm going to the doctor because my knee and back really hurt too.,"Health, Fatigue, or Physical Pain",3,health
3263,"And now, if you'll excuse me, I need to go make an appointment to get my back checked out, because it's still in pain.","Health, Fatigue, or Physical Pain",3,health
3264,He's having trouble with his hand and leg right now so after the doctors appointment he'll give Jimmie an answer.,"Health, Fatigue, or Physical Pain",3,health
3265,"After speaking with the doctor, they've decided I strained a back muscle, which apparently is causing these weird symptoms.","Health, Fatigue, or Physical Pain",3,health
3266,also my mom went to the doctor cause she's still having pain.,Family Issues,2,family
3267,"i'm still having this unexplained pain, so Dr is going to do more test.","Health, Fatigue, or Physical Pain",3,health
3269,"I'm physically exhausted, and feeling this way is taking a toll on my mental wellbeing.","Health, Fatigue, or Physical Pain",3,health
3270,Yes I have bad habits and yes my weight needs help.,"Health, Fatigue, or Physical Pain",3,health
3271,I guess stress put the pounds on and I have been emotionally eating because of it.,"Health, Fatigue, or Physical Pain",3,health
3272,It has been suggested to me that the source of the muscle spasms and pains that I have been having lately is due to stress.,"Health, Fatigue, or Physical Pain",3,health
3273,i'm so tired of being sick.,"Health, Fatigue, or Physical Pain",3,health
3274,I am so tired of being sick.,"Health, Fatigue, or Physical Pain",3,health
3275,"I'm tired, and I am tired of being sick and vice versa.","Health, Fatigue, or Physical Pain",3,health
3276,"Im just so tired from everything and i think im getting sick, but what can ya do?","Health, Fatigue, or Physical Pain",3,health
3277,I'm so friggin' tired of being sick.,"Health, Fatigue, or Physical Pain",3,health
3278,"Today, I am sick and tired of being so sick and tired.",Emotional Turmoil,6,unknown
3279,"Plus I was in the ""wellness center"" today and it brought back painful memories.",Emotional Turmoil,6,unknown
3280,"As usual, she's very worried about my health and work.",Work,1,work
3281,"i still have fever and a horrible cough it blows, i really need to go to the doc,","Health, Fatigue, or Physical Pain",3,health
3282,"I've gotten sick dizzy panic attacks and overheated so im scared and nervous, but i want this.","Health, Fatigue, or Physical Pain",3,health
3283,"The nausea and so on I'm gonna have to say is from lack of sleep, stress and being a bit sick.","Health, Fatigue, or Physical Pain",3,health
3284,"Things have been hectic recently and I was in a mental slump from the physical setbacks of a sinus infection, if that makes any sense.",Emotional Turmoil,6,unknown
3285,"I know that sounds really horrible, but because I've been lacking in that, my health is suffering.","Health, Fatigue, or Physical Pain",3,health
3286,"Major depression is likely to interfere significantly with everyday activity, with symptoms including insomnia, irritability, weight loss, and a lack of interest in outside events.",Emotional Turmoil,6,unknown
3287,I'm just in an extremely fragile state of mind because I'm stressed about my orals.,School,1,work
3288,My baby is sick and I feel bad that he is less than comfortable due to his health.,"Health, Fatigue, or Physical Pain",3,health
3289,Got a headache from stress and not eating.,"Health, Fatigue, or Physical Pain",3,health
3290,"im suddenly ill with an aching body a sore throat and ears and i just dont feel good today. figures, its my day off and i had plans.","Health, Fatigue, or Physical Pain",3,health
3291,"So now i'm very tired, and i don't cope well with lack of sleep, it makes me sad.","Health, Fatigue, or Physical Pain",3,health
3292,what sucks though is i have a huge head ache. probably due to lack of sleep,"Health, Fatigue, or Physical Pain",3,health
3293,The combination of the lack of sleep and the massive disappointment in myself is causing me to become emotionally unstable.,Emotional Turmoil,6,unknown
3294,"It's a real pain when you're trying to rest or sleep, and it's quite disconcerting, they just won't hold still!","Health, Fatigue, or Physical Pain",3,health
3295,"And as a result of my interrupted sleep and anger over the situation, I'm quite tired.","Health, Fatigue, or Physical Pain",3,health
3296,"Something's been giving me severe sleeping troubles, and a tired me is not a nice me.","Health, Fatigue, or Physical Pain",3,health
3297,"My thoughts are spinning out of control, my head hurts, my heart aches, my eyes swollen from tears, and im tired, so frucking tired, but who has time to sleep.","Health, Fatigue, or Physical Pain",3,health
3298,maybe it was because i am still in lots of pain and couldn't get comfortable.,"Health, Fatigue, or Physical Pain",3,health
3299,My body aches from lack of sleep and shitty bed.,"Health, Fatigue, or Physical Pain",3,health
3300,Q. You've been having trouble going to sleep.,"Health, Fatigue, or Physical Pain",3,health
3301,I'm having a hard time sleeping again.,"Health, Fatigue, or Physical Pain",3,health
3302,I think i have a sleeping problem. I cannot seem to get to sleep.. stress?,"Health, Fatigue, or Physical Pain",3,health
3303,My back hurts and I am having trouble sleeping.,"Health, Fatigue, or Physical Pain",3,health
3304,P.S. I've been having trouble sleeping.,"Health, Fatigue, or Physical Pain",3,health
3305,I'm having problems sleeping again.,"Health, Fatigue, or Physical Pain",3,health
3306,My body aches from sleep inefficiency.,"Health, Fatigue, or Physical Pain",3,health
3307,"How come there is just never enough time! I need more sleep, but I can't seem to accomplish that goal.","Health, Fatigue, or Physical Pain",3,health
3308,"And now I'm exhausted and ready for another nap, but I can't do that yet","Health, Fatigue, or Physical Pain",3,health
3309,"i still gotta headache , i need 2 lay down but i dont feel like it.","Health, Fatigue, or Physical Pain",3,health
3310,"A little nauseated, I want to go back to sleep but I have too much else to do.","Health, Fatigue, or Physical Pain",3,health
3311,I NEED MORE SLEEP!!Im so sleep deprived it seems.but im not.but I need and want more sleep.. im out.ttyl xoxo byee,"Health, Fatigue, or Physical Pain",3,health
3312,"I'm so tired though, I wanna sleep but I don't.","Health, Fatigue, or Physical Pain",3,health
3313,"On the other hand I want to be able to sleep, and the laste hours we hold don't comply with the human need for it.","Health, Fatigue, or Physical Pain",3,health
3314,I want to sleep but I know I can't because I have so much hw to do!,School,1,work
3315,"Wish I could get a good night's sleep, but even when I find time I can't find the peace I need to settle down.","Health, Fatigue, or Physical Pain",3,health
3316,"i need to go home and get some sleep, but i can't seem to relax.","Health, Fatigue, or Physical Pain",3,health
3317,I haven't had a good night's sleep in i dont know how long i feel drained because i haven't been able to sleep..,"Health, Fatigue, or Physical Pain",3,health
3318,I haven't been sleeping well lately for worry.,"Health, Fatigue, or Physical Pain",3,health
3319,"I've been so, so stressed lately that I haven't really been able to concentrate on much of anything.",Emotional Turmoil,6,unknown
3320,"I'm so tired, I haven't gotten much sleep lately.","Health, Fatigue, or Physical Pain",3,health
3321,"For some reason, I haven't been able to get to sleep at any reasonable time this week.","Health, Fatigue, or Physical Pain",3,health
3322,I haven't been getting any sleep lately and I am very tired.,"Health, Fatigue, or Physical Pain",3,health
3323,"Haha, ive been all fuckedu p lately so i havent been really getting the proper amounts of sleep.","Health, Fatigue, or Physical Pain",3,health
3324,"So, as I'm trying to go to sleep at night my mind starts to wonder until it is tired.","Health, Fatigue, or Physical Pain",3,health
3325,It hurt when I would wake up from sleeping last night.,"Health, Fatigue, or Physical Pain",3,health
3326,That's probably one of the reasons I had so much trouble sleeping last night.,"Health, Fatigue, or Physical Pain",3,health
3327,"It almost seems to be hurting more and more, but I think that is because I have started sleeping on it in the middle of the night.","Health, Fatigue, or Physical Pain",3,health
3328,I need a nap though. I had a nightmare last night.,"Health, Fatigue, or Physical Pain",3,health
3330,i worried what would happen to me late at night when everyone else is sleeping.if i could just sleep i could handle this.,"Health, Fatigue, or Physical Pain",3,health
3331,"""As I was trying to sleep last night, I realized that, actually, it's creepy.""",Other,6,unknown
3332,"I think it was I wasn't getting enough sleep and then I got some sleep last night, so my body is like in overload.","Health, Fatigue, or Physical Pain",3,health
3333,"Yeah, I've been really busy, and really super stressed out lately. .",Emotional Turmoil,6,unknown
3334,"I've been really busy, and overly stressed.","Health, Fatigue, or Physical Pain",3,health
3335,When we get so tied up in so many things we often get tired and overly stressed!,Everyday Decision Making,6,unknown
3336,the past couple weeks have been ultra busy and stressfull.,Work,1,work
3337,I've been so busy lately and now I'm tired and achey to boot.,"Health, Fatigue, or Physical Pain",3,health
3338,"Lets see i have been working like crazy, and this week it has been really stressful.",Work,1,work
3339,i've been a huge stress case lately.,Emotional Turmoil,6,unknown
3340,"It's a very hectic, crazy, busy, stressful time for me.. Running through thousands of emotions due ot various recent situations.",Emotional Turmoil,6,unknown
3341,"She's working very hard, loads of hours, and she just seems so stressed.",Work,1,work
3342,"It has been your experience that once you lose control to indulgent habits, for example, smoking, drinking, or emotional outbursts, it is very difficult to retain control.",Emotional Turmoil,6,unknown
3343,"I'm thirsty, but I worry that drinking too much water will just make me sick.","Health, Fatigue, or Physical Pain",3,health
3344,"So we'll probably end up drinking way too much and both getting sick, which is usually what happens.","Health, Fatigue, or Physical Pain",3,health
3345,ill drink too much and something is just going to set me off and ill be a bawling mess.,Emotional Turmoil,6,unknown
3346,"Mad depression is really, really bad and makes me want to drink.","Health, Fatigue, or Physical Pain",3,health
3348,while taking those drink so much alcohol so then there has to be something that will happen to me and then maybe he'll feel bad. here,Other,6,unknown
3349,"My surgeon had warned me that I'd be very tired for the next several weeks, but wow, I had no idea just how tired he meant.","Health, Fatigue, or Physical Pain",3,health
3350,"Between Tom's surgery last week, a sick wife and a sick kid over the past week, and my mom's surgery this Thursday, I'm dangerous to be around.",Family Issues,2,family
3351,"I've been claiming I've wanted to do this for over a year, but scanning is just such a major pain in the butt and general time filler.",Other,6,unknown
3352,"Being a hypochondriac and also because I was sick on Monday, I've been worried about my health all week","Health, Fatigue, or Physical Pain",3,health
3353,My grandma went to see a doctor this week because she's been having a lot of pain and swelling in her lower legs lately.,"Health, Fatigue, or Physical Pain",3,health
3354,"All the first week of my trip I had been having searing headaches, and I thought it might be because of the time change and lack of sleep and everything.","Health, Fatigue, or Physical Pain",3,health
3355,"To make things worse, I'm four weeks out of knee surgery and long periods of standing can be quite painful.","Health, Fatigue, or Physical Pain",3,health
3356,"Not only did it hurt like hell, but now I have to wait an entire week to find out the results of the biopsy.","Health, Fatigue, or Physical Pain",3,health
3357,"The ensuing conversation I am about to recount prevented me from sleeping for a full two days, and has permanently and irreversibly scarred me.",Emotional Turmoil,6,unknown
3358,"One may think we're doing fine but if I had to lay it on the line, we're losing ground with every passing day, we're not okay.",Emotional Turmoil,6,unknown
3359,His health began to rapidly deteriorate when well intentioned but overbearing regulations were set in place.,"Health, Fatigue, or Physical Pain",3,health
3360,"I know the irregular sleeping schedule I keep does much to harm my health and as I'm getting older, I lose valuable time towards fixing that.","Health, Fatigue, or Physical Pain",3,health
3361,His health had been on the decline in recent years.,"Health, Fatigue, or Physical Pain",3,health
3362,"Too long from home has worn away at my morale, and fatigue has eroded my writing skills.","Health, Fatigue, or Physical Pain",3,health
3363,My health has been so bad lately that I just couldn't do it.,"Health, Fatigue, or Physical Pain",3,health
3364,"Every time I see them, though, they've declined in health even more.","Health, Fatigue, or Physical Pain",3,health
3365,Obviously I haven't been in the best of moods lately and my work so obviously suffered because of it.,Work,1,work
3366,"I'm really tired and have been feeling kinda bummed lately, and my lesson wasn't that great either.",Emotional Turmoil,6,unknown
3367,My health has been questionable as of late and I don't rest as well as I used to.,"Health, Fatigue, or Physical Pain",3,health
3368,"My nutritional levels plummeted, my liver was on the verge of failing, and my heart rate and blood pressure were still at dangerous levels.","Health, Fatigue, or Physical Pain",3,health
3369,This job is hazardous to my health.,Work,1,work
3370,"I'm tired and I am sick, both physically and mentally.","Health, Fatigue, or Physical Pain",3,health
3371,But now I'm tired..and my back hurts for some reason.,"Health, Fatigue, or Physical Pain",3,health
3372,i'm sore. my body aches.,"Health, Fatigue, or Physical Pain",3,health
3373,so yeah i am tired and i have to go to the doctor today oh joy!,"Health, Fatigue, or Physical Pain",3,health
3374,I told him about the therapist visits and that I was still totally stressed about work.,Work,1,work
3375,"finally today the headache, fever, swollen glands, sore throat, achy muscle crap started.","Health, Fatigue, or Physical Pain",3,health
3376,"I seriously rocked out hard core until I had a huge headache, and felt like I was gonna pass out.","Health, Fatigue, or Physical Pain",3,health
3377,"Alrighty, so I'm a hypochondriac and I've recently been very very scared for my health.","Health, Fatigue, or Physical Pain",3,health
3378,"I woke up today with this pulsating, pounding, thrushing migraine that I thought was nearly going to kill me.","Health, Fatigue, or Physical Pain",3,health
3379,"i just started my birth control today, and now have sucha bad stomach ache, and my chest pains are terrible.","Health, Fatigue, or Physical Pain",3,health
3380,I am so bothered by this I have a bad headache I THINK my fever just came back and my throat and jaw are so painful,"Health, Fatigue, or Physical Pain",3,health
3381,I'm tired. I'm tired all the time and I don't know why.,"Health, Fatigue, or Physical Pain",3,health
3382,"today i was tired all day, like every day and it sucks i'm worried i have a disease or something i can't explain my exhaustion.","Health, Fatigue, or Physical Pain",3,health
3383,It's probably no wonder I feel so tired all the time.,"Health, Fatigue, or Physical Pain",3,health
3384,"So, I have decided that the reason for my bad moods is because I'm always tired.","Health, Fatigue, or Physical Pain",3,health
3385,"While that may have contributed, the primary reason is I was just flat tired of being tired, of always getting tired so goddamn fast.","Health, Fatigue, or Physical Pain",3,health
3386,"uh, i'm definatly tired but i feel tired pretty much all the time.","Health, Fatigue, or Physical Pain",3,health
3387,I am frustrated and I want to talk about doctors.,"Health, Fatigue, or Physical Pain",3,health
3388,Then I was thinking about how worried I am about not finishing the MS Walk due to pain.,"Health, Fatigue, or Physical Pain",3,health
3389,My head hurts and i have to read about lean logistics.,"Health, Fatigue, or Physical Pain",3,health
3390,And that I wake up with an upset stomach and a headache when I think about going to work.,"Health, Fatigue, or Physical Pain",3,health
3391,i'm pretty damn worried about the exam.,School,1,work
3392,My ankle has been bothering each time I stand on it so I think I also have a sprained ankle.,"Health, Fatigue, or Physical Pain",3,health
3393,"I still got problems with my sholders, ankles, neck and ankles, but I can't deal with the constant pain in my knee.","Health, Fatigue, or Physical Pain",3,health
3394,so my ankle still hurts.,"Health, Fatigue, or Physical Pain",3,health
3395,My ankle is still sore.,"Health, Fatigue, or Physical Pain",3,health
3396,My ankle still hurts like a bitch.,"Health, Fatigue, or Physical Pain",3,health
3397,"My ankle's been bugging me, too.","Health, Fatigue, or Physical Pain",3,health
3398,My thumb still aches at times from the dislocation I did.,"Health, Fatigue, or Physical Pain",3,health
3399,My knee still really hurts.,"Health, Fatigue, or Physical Pain",3,health
3400,"no movie, or song, or anything can cheer me up.",Emotional Turmoil,6,unknown
3401,i have no where to go. and nothing to soothe my nerves. and no REAL work to actually bury my nose in that i care about.,Other,6,unknown
3402,"They have no holiday pay, 401k plans, medical, dental or anything.",Work,1,work
3403,"There's been no letter, no phone call, nothing, which means I have no way to show people that yes, I AM FUCKING DISABLED.","Health, Fatigue, or Physical Pain",3,health
3404,"There will be no work for me, no lab, no registration talk or correspondences with those on either side of this still very volatile issue.",Work,1,work
3405,"But I can't talk to my dad about anything, not about God, or emotions or anything like that.",Family Issues,2,family
3406,I dont even get any medicine to take away the pain.,"Health, Fatigue, or Physical Pain",3,health
3407,She never meets with me to process our work and doesn't delegate or give very good advice.,Work,1,work
3408,"Haven't had the energy for blogging, or beads, or astrology, or anything.","Health, Fatigue, or Physical Pain",3,health
3409,No one is able or willing to give me a ride to get my shit.,Social Relationships,4,friends
3410,"Will I always hate working?Because of all this stress, I can't seem to gain any weight and subsequently I hate my body.",Work,1,work
3411,If I dont take the asprin and allergy meds i feel miserabe and can't concentrate in my classes because I feel so horrible.,"Health, Fatigue, or Physical Pain",3,health
3412,i really didnt want to go back in cuz i never feel good at church and i had the worst headache and i was about to throw up. THEN!!,"Health, Fatigue, or Physical Pain",3,health
3413,I hate how Buffi and JJ freak out everytime I get sick and think i need to go to the hospital.,Social Relationships,4,friends
3414,I hate that I can't loose weight because of this fucking disease.,"Health, Fatigue, or Physical Pain",3,health
3415,"im sick of being sick, sick and tired of being in the hospital cause i cant stop throwing up, im loosing weight, and i dont know what to do, 4.","Health, Fatigue, or Physical Pain",3,health
3416,"I fucking hate gaining weight, I hate being bloated, and tired all the freaking time, I hate this.","Health, Fatigue, or Physical Pain",3,health
3417,i could use some therapy on my back..it's been killing me for about 3 years.,"Health, Fatigue, or Physical Pain",3,health
3418,"I've had a nagging lower backache for about three days now, and finally started blasting it with ibuprofen.","Health, Fatigue, or Physical Pain",3,health
3419,"soooooo for the last couple of days, i was trying to quit smoking.",Other,6,unknown
3420,I admitted to my smoking relapse the last 3 weeks.,Everyday Decision Making,6,unknown
3421,Worst week ever. Feels like my dog died all over again.,Emotional Turmoil,6,unknown
3422,"Our family dog suddenly started battling health problems and before we knew it, she had died.",Emotional Turmoil,6,unknown
3423,"Oh man, I was sick as a dog these last couple days.","Health, Fatigue, or Physical Pain",3,health
3424,I think the dog I am babysitting is dying.,Emotional Turmoil,6,unknown
3425,i think my dog is dying.,Emotional Turmoil,6,unknown
3426,They traumatized my poor old dog.,Other,6,unknown
3427,"In other news my dog is going senile, my grandfather is real sick and I'm getting closer and closer to moving out.",Family Issues,2,family
3428,i've been having a real hard time sleeping without him next to me.,Social Relationships,4,friends
3429,I am really having a hard time getting to sleep.,"Health, Fatigue, or Physical Pain",3,health
3430,i've been having a lot of trouble doing that sleep thing lately. or staying asleep.,"Health, Fatigue, or Physical Pain",3,health
3431,I had a hard time getting to sleep I'll admit.,"Health, Fatigue, or Physical Pain",3,health
3432,i have been soooo tired and no matter what i just can't seem to get the sleep i need.,"Health, Fatigue, or Physical Pain",3,health
3433,"As of late, you have been experiencing untold stress and this is a result of continuous frustration.",Emotional Turmoil,6,unknown
3434,My folks have really been grating on my nerves lately.,Family Issues,2,family
3435,"In the meantime it's all been STRESS STRESS STRESS! Both due to the long trip, and yet MORE health problems with my grandma.","Health, Fatigue, or Physical Pain",3,health
3436,I've been hurting or sick lately and its getting tough to keep doing everything.,"Health, Fatigue, or Physical Pain",3,health
3437,"The lead up to it these last few days have been amazingly stressful, it's the waiting that kills you.",Emotional Turmoil,6,unknown
3438,I struggled through the whole day of a stressful headache and I got tired of it.,"Health, Fatigue, or Physical Pain",3,health
3439,"Crew is hard work and I've basically been sad lately, which is very tiring if you think about it.",Work,1,work
3440,I have been so tired lately though with working and classes and illnesses!,School,1,work
3441,I have a stress headache and sore neck from work.,"Health, Fatigue, or Physical Pain",3,health
3442,I'm dealing with a big bout of mental tiredness and hurt.,"Health, Fatigue, or Physical Pain",3,health
3443,"For some reason I've been feeling ill again, and that would explain why I've been so tired lately.","Health, Fatigue, or Physical Pain",3,health
3444,I have one of those exhaustion headaches and my back is hurting me.,"Health, Fatigue, or Physical Pain",3,health
3445,My health I think is doing worse.,"Health, Fatigue, or Physical Pain",3,health
3446,so my sickness has proceedingly gotten worse.,"Health, Fatigue, or Physical Pain",3,health
3447,on the note of my back i think it is getting worse.,"Health, Fatigue, or Physical Pain",3,health
3448,When my emotional and mental health were really bad.,Emotional Turmoil,6,unknown
3449,i feel like my groin strain is getting worse.,"Health, Fatigue, or Physical Pain",3,health
3450,The doctor said it's getting worse because of stress.,"Health, Fatigue, or Physical Pain",3,health
3451,"On a bad day I assume it's brought on by frustration, depression, angst and a sense of futility.",Emotional Turmoil,6,unknown
3452,When he leaves i am gonna become clinically depressed.,Emotional Turmoil,6,unknown
3453,My stomach has been hurting a lot worse lately.,"Health, Fatigue, or Physical Pain",3,health
3454,"man, my stomach has been hurting so bad lately.","Health, Fatigue, or Physical Pain",3,health
3455,"My cold has got worse, and I'm all tired and headachey.","Health, Fatigue, or Physical Pain",3,health
3456,I because I was still suffering the sore throat and he because he's a little sick and a lot exhausted.,"Health, Fatigue, or Physical Pain",3,health
3457,You've hurt and been hurt and now you're just sick and tired.,"Health, Fatigue, or Physical Pain",3,health
3458,"In bad news, my pain levels suck, I'm getting worse again, and job stress and depression have really hit me hard.","Health, Fatigue, or Physical Pain",3,health
3459,but my throat hurts and i have a headache and my tummy is sad. but,"Health, Fatigue, or Physical Pain",3,health
3460,"He's in constant pain, and can't even take enough pain medication to relieve it.","Health, Fatigue, or Physical Pain",3,health
3461,"Ok. I am officially frustrated with being here, and sick and tired of doctors not listening to me and not even communicating with each other.","Health, Fatigue, or Physical Pain",3,health
3462,"Work has been getting pretty stressful, no one seems to be getting along, everyone is getting annoyed with the other and no work is being done!",Work,1,work
3463,"They live in massive confusion, in panic, under constant stress, because they do not comprehend what they have ever done to deserve such a fate.",Emotional Turmoil,6,unknown
3464,"Its always the worse when you are so sad, so lost, that there are no words to help convey the matter.",Emotional Turmoil,6,unknown
3465,it hurts our relationship because it's always serious and he's never in a good mood.,Social Relationships,4,friends
3466,Both of us were sick that day and we were fussy and frustrated as we didn't know what to do and expect.,"Health, Fatigue, or Physical Pain",3,health
3467,"He was constantly in pain, not even the high dose of medicine the hospital would give him would even do anything.","Health, Fatigue, or Physical Pain",3,health
3468,"I started getting sick, couldn't get any homework done, and was driving myself insane with anxiety.","Health, Fatigue, or Physical Pain",3,health
3469,"I feel your pain Keita, I'm also experiencing much stress and may be experiencing IBS as well as ADD so yes, I feel your pain.","Health, Fatigue, or Physical Pain",3,health
3470,Recently you have been experiencing considerable mental anguish and turmoil.,Emotional Turmoil,6,unknown
3471,"I'm in a lot of body pain right now, oddly.","Health, Fatigue, or Physical Pain",3,health
3472,"Anxiety and a restless dissatisfaction, either with circumstances or with unfulfilled physical or emotional needs are producing considerable stress.","Health, Fatigue, or Physical Pain",3,health
3474,I think I'm gaining weight tho.,"Health, Fatigue, or Physical Pain",3,health
3476,"i gained weight, i think.","Health, Fatigue, or Physical Pain",3,health
3477,"Well, obviously, I gained some weight in the middle.",Other,6,unknown
3478,I've been putting on a little bit of weight as well.,"Health, Fatigue, or Physical Pain",3,health
3479,Facing everything I put behind me and being on this medication is really making my body freak out.,"Health, Fatigue, or Physical Pain",3,health
3480,"Midterm can be quite stressful, especially when doctors get involved.",School,1,work
3481,"First of all, I am overwhelmed with school in general because of my constant sicknesses and I don't appreciate being hounded by you or Mrs. Cutler because of that.",School,1,work
3482,"I hate that feeling when you know you have to get up, but you're so tired and it's so cold outside.","Health, Fatigue, or Physical Pain",3,health
3483,"I've got a crappy cold, and with colds comes irritability and muscle pain.","Health, Fatigue, or Physical Pain",3,health
3484,"The whole 'winter' thing is kinda putting a cramp on my style though, damn you short days and freezing cold steel.",Other,6,unknown
3485,It's getting cold enough already that my hands are aching.,"Health, Fatigue, or Physical Pain",3,health
3486,"I had to, the cold weather makes my bones ache.","Health, Fatigue, or Physical Pain",3,health
3487,"I am a little sad because it is cold, it is windy, I don't have a warm enough coat, and it's later then I wanted it to be.",Other,6,unknown
3489,I still wrestled with back pain and a toothache.,"Health, Fatigue, or Physical Pain",3,health
3490,"My sleeping schedule is alll fucked up, and it looks like I'm sick now too.","Health, Fatigue, or Physical Pain",3,health
3491,My sleep paralysis has become especially annoying and painful lately.,"Health, Fatigue, or Physical Pain",3,health
3492,i've been losing my touch with reality and everyday is just getting worse and worse.,Emotional Turmoil,6,unknown
3493,But then I tried to sleep and my throat just kept getting worse and worse.,"Health, Fatigue, or Physical Pain",3,health
3494,"Anyways, my lows are the more worriesome where i fall into a depression so badly that its hard to even get out of bed.",Emotional Turmoil,6,unknown
3495,MY CONTRACTIONS BIG TIME BUT I'VE BEEN STRESSING ABOUT THE DECISION,Everyday Decision Making,6,unknown
3496,and i'm trying to get off the medication i've been on for FOUR YEARS and i'm scared shitless. actually beyond shitless.,"Health, Fatigue, or Physical Pain",3,health
3497,It's taken me almost 4 months of agonizing and relentless stress and fears to finally come to this decision.,Everyday Decision Making,6,unknown
3498,I have bugged out so much that now my knee starts hurting me whenever I'm scared.,"Health, Fatigue, or Physical Pain",3,health
3499,My knee's a goddamn mess and I've been struggling too much with this binge shit to do it.,"Health, Fatigue, or Physical Pain",3,health
3500,"I'm upset because Bell has has his high ankle sprain injury, so he will most likely sit out.","Health, Fatigue, or Physical Pain",3,health
3501,I'm sick and I'm tired and I've been trying so hard to keep it all together.,Emotional Turmoil,6,unknown
3502,Used to be I'd do that and then be in so much pain I'd wince every time I moved.,"Health, Fatigue, or Physical Pain",3,health
3503,He said that i lost too much weight and i need to eat but the problem is i feel sick when i go to eat when im hungry.,"Health, Fatigue, or Physical Pain",3,health
3504,now that this journal entry is more than half about food i have really begun to worry about myself and need to go.,Emotional Turmoil,6,unknown
3505,Today I had a horrible headache and body ache and finally don't feel it anymore!!!,"Health, Fatigue, or Physical Pain",3,health
3506,Today I got nothing accomplished due to how sick I'm feeling and the headache I've been beating off all day.,"Health, Fatigue, or Physical Pain",3,health
3507,When she woke up she had a splitting headache and she couldn't remember anything.,"Health, Fatigue, or Physical Pain",3,health
3508,"Unfortunately I had a crappy day, and I have a headache, and I'm tired, and I'm just in no mood to write.","Health, Fatigue, or Physical Pain",3,health
3509,"Anyway I have been having some fucked up days, I have been having some really bad headaches and I never get them.","Health, Fatigue, or Physical Pain",3,health
3510,i've a headache that's lingered for several days. goodnight.,"Health, Fatigue, or Physical Pain",3,health
3511,I have had a headache for almost a week.,"Health, Fatigue, or Physical Pain",3,health
3512,i've had a headache almost all week.,"Health, Fatigue, or Physical Pain",3,health
3513,I've been getting painful headaches these past couple of weeks.,"Health, Fatigue, or Physical Pain",3,health
3514,I have gotten headaches from it for days now.,"Health, Fatigue, or Physical Pain",3,health
3515,i've had a headache for a week straight.,"Health, Fatigue, or Physical Pain",3,health
3516,uhh im tired and i've had a headache for three days now.,"Health, Fatigue, or Physical Pain",3,health
3517,He said if my weight is still unstable and I'm still having trouble eating he'll refer me to a nutritionalist.,"Health, Fatigue, or Physical Pain",3,health
3518,"I've not been home in awhile,..so most of my food had gotten sad.",Other,6,unknown
3519,My stomach has definitely shrank on the inside in the past few weeks from my lack of hunger and thus irregular eating.,"Health, Fatigue, or Physical Pain",3,health
3520,"I think its a combination of hormones, lack of exercise and not eating healthy for the past week.","Health, Fatigue, or Physical Pain",3,health
3521,i have a cold and my stomach has hurt every time i eat for over a week now. not good.,"Health, Fatigue, or Physical Pain",3,health
3522,have been in a bad mood this past day and a half. mostly on account of sickness. but is that really an excuse?,Emotional Turmoil,6,unknown
3523,"As I mentioned, this is extremely frustrating when I've been waiting all week, as have my friends, to do some serious RPing.",Social Relationships,4,friends
3524,My mind has been working overtime for a week and I've been having some strange dreams.,Emotional Turmoil,6,unknown
3525,I've been trying to reach Jessica for a week and its just not working out!,Social Relationships,4,friends
3526,"He's been fighting himself this past week, each time saying it's over, then extending the deadline by a week.",Other,6,unknown
3529,"It seems like I have been waiting forever, this week is going to be hard.",Emotional Turmoil,6,unknown
3530,He's been up for a couple of hours and has been chastising me for writing this long before I started it.,Family Issues,2,family
3531,"When the friends leave the son asks, ""Dad, you are dying of cancer.","Health, Fatigue, or Physical Pain",3,health
3532,A father tells a story about his son sick with cancer.,"Health, Fatigue, or Physical Pain",3,health
3533,My dad was diagnosed with Rectal Cancer.,"Health, Fatigue, or Physical Pain",3,health
3534,I got the news today that one of my parents' neighbours has passed away due to cancer.,Social Relationships,4,friends
3535,"Then, I got a call that my friend Lou had lost his father to cancer.",Social Relationships,4,friends
3536,My mom just told me my dad has cancer.,Family Issues,2,family
3537,"Today I had to write a get well card to my grandpa, who's been diagnosed with cancer.",Emotional Turmoil,6,unknown
3538,My dad has out of control swelling in his remaining leg.,"Health, Fatigue, or Physical Pain",3,health
3539,My grandfather was hospitalized because he was having heart problems.,Family Issues,2,family
3540,My dad's brother suffers from weight related diabetes and heart condition.,Family Issues,2,family
3541,"She's been sick, and I'm worried that she's worried about a ton of things.","Health, Fatigue, or Physical Pain",3,health
3542,"Speaking of my mom, she's been real sick lately and it's had me worried.","Health, Fatigue, or Physical Pain",3,health
3543,She told she's scared and worried about me and my health.,"Health, Fatigue, or Physical Pain",3,health
3544,Then my mum started complaining about feeling sick.,Family Issues,2,family
3545,she was cring about how Maranda is sick and how her mom does not treat her right and all that cal.,Family Issues,2,family
3546,Her daughter is sick and freaking out about the grandmother.,Family Issues,2,family
3547,I miss my girlfriend..she's been sick.,Social Relationships,4,friends
3548,"Like my mom, for example, she has breast surgery and now she has a headache and is somewhat depressed, and I just feel very bad for her.",Family Issues,2,family
3549,"She made my mom sick, who which in turn, made me sick while I was helping her.","Health, Fatigue, or Physical Pain",3,health
3550,All my friends here had the flu.,"Health, Fatigue, or Physical Pain",3,health
3551,"The constant pain bothered me and considering that several coworkers have been sick with flu, swine flu, and strep throat, I thought that maybe I had something.","Health, Fatigue, or Physical Pain",3,health
3552,Many sleepless nights had weakened my own body after this ongoing bout with severe dehydration complicated by my first ever case of constipation.,"Health, Fatigue, or Physical Pain",3,health
3553,"It'll be close to three weeks since the purchase and I'm growing increasingly stiff and sore just from sleeping, on top of the constant pain from Insanity.","Health, Fatigue, or Physical Pain",3,health
3554,I'm actually sore from so much coughing and I'm tired of sleeping all day.,"Health, Fatigue, or Physical Pain",3,health
3555,i'm really veryvery tired from the week of insufficient sleep every night.,"Health, Fatigue, or Physical Pain",3,health
3556,Ever since last week I've noticed so many flaws about myself that it's just frustrating just laying down and resting.,Emotional Turmoil,6,unknown
3557,"My sleeping schedule is horrible, It has been months since I have had a steady sleeping routine.","Health, Fatigue, or Physical Pain",3,health
3558,"yeah, i got into an accident yesturday.",Other,6,unknown
3559,I got in an accident.,"Health, Fatigue, or Physical Pain",3,health
3560,I was involved in an accident today.,Other,6,unknown
3561,I think it is because I have been sick for four days so I have not been able to workout.,"Health, Fatigue, or Physical Pain",3,health
3562,"I had been going twice a week for a long time, but with the hip pain, haven't managed to get to class in weeks.","Health, Fatigue, or Physical Pain",3,health
3563,I have not driven a car in four years because my last accident still gives me the shakes.,Emotional Turmoil,6,unknown
3564,Wanted to ride 4x a week but I'm injured so I can't ride for a while.,"Health, Fatigue, or Physical Pain",3,health
3565,But now my lower back hurts from standing for 4 hours.,"Health, Fatigue, or Physical Pain",3,health
3566,"I had only had 2 beers, but I had been sick for 4 days, hadn't really slept, and was under a lot of stress.","Health, Fatigue, or Physical Pain",3,health
3567,"I've been with Namco for 4 years now, and I still don't get health since I'm not full time.",Work,1,work
3568,"It's been nearly four months since Castiel let Dean use his body, still shaking from his encounter with famine and Sam's screams as he detoxed.","Health, Fatigue, or Physical Pain",3,health
3569,"i puked all over dads bathroom, i felt horrible. now. the worst part!!!","Health, Fatigue, or Physical Pain",3,health
3570,A few hours later dog breaks with FOUL smelling bloody diarrhea and vomiting.,Family Issues,2,family
3571,I then ran to the bathroom and puked as poor Dave held back my hair and rubbed my back.,"Health, Fatigue, or Physical Pain",3,health
3572,just as the moovie started i bolted it too the bathroom and ended up puking.,"Health, Fatigue, or Physical Pain",3,health
3573,"I limped around work on a swollen knee, sneezed my head off and choked on icky wood shavings and broke up a really NASTY fight between two dogs.","Health, Fatigue, or Physical Pain",3,health
3576,"So tired, weary, and weak.","Health, Fatigue, or Physical Pain",3,health
3577,I feel weak and tired.,"Health, Fatigue, or Physical Pain",3,health
3578,I feel like such a weak person.,Emotional Turmoil,6,unknown
3579,"I feel so weak, tired, I'm shaking.","Health, Fatigue, or Physical Pain",3,health
3580,"I feel tired, weak and mite grumpy.","Health, Fatigue, or Physical Pain",3,health
3581,He's been sick for a long time and in the hospital for the last several months.,Social Relationships,4,friends
3582,"She was in the hospital for about a month, was home for 3 weeks or so, and is back in the hospital for more treatment.","Health, Fatigue, or Physical Pain",3,health
3583,"During the past few weeks his condition has worsened immensely, and he has spent several weeks in the hospital.","Health, Fatigue, or Physical Pain",3,health
3584,I was hooked up in the hospital for at least a week.,"Health, Fatigue, or Physical Pain",3,health
3585,The list of things I need to do is rather overwhelming because I'm so tired right now and possibly getting sick.,"Health, Fatigue, or Physical Pain",3,health
3586,It the constant stomach problems that are currently really starting to aggravate me.,"Health, Fatigue, or Physical Pain",3,health
3587,i think my sleeping habits are wretched.,"Health, Fatigue, or Physical Pain",3,health
3588,when i sleep on a retarded schedule i tend to get depressed.,"Health, Fatigue, or Physical Pain",3,health
3589,"scary! got a headache, possibly from sleep deprivation. and","Health, Fatigue, or Physical Pain",3,health
3590,Already my sleeping habits are screwed up.,"Health, Fatigue, or Physical Pain",3,health
3591,i'm on such a bad sleeping schedule.,"Health, Fatigue, or Physical Pain",3,health
3592,I have a problem sleeping and thats annoying.,"Health, Fatigue, or Physical Pain",3,health
3593,"This week has been really rough, for some reason I'm super stressed at work and my jaw hurts from unconsciously clenching it all the time.","Health, Fatigue, or Physical Pain",3,health
3594,"My tooth is still killing me, and that means a trip to the denist, for some severly overpriced dental work.","Health, Fatigue, or Physical Pain",3,health
3595,I need to go to the dentist because my wisdome teeth hurt so bad I can't sleep.,"Health, Fatigue, or Physical Pain",3,health
3596,"Or, worse yet, one of us gets injured.","Health, Fatigue, or Physical Pain",3,health
3597,Buddy the dog is sick.,Emotional Turmoil,6,unknown
3598,I think my dog is sick. or something's wrong with him.,Other,6,unknown
3599,My dog is sick again.,Emotional Turmoil,6,unknown
3600,"and I guess my dog is having major problems, that makes me sad.",Emotional Turmoil,6,unknown
3601,"Anyway, I'm still swollen, I'm in pain from the waist down, and my head feels like it will explode from all of the pressure within my sinus cavities.","Health, Fatigue, or Physical Pain",3,health
3602,"My ass hurts, my arms hurt, and I have yet, another headache.","Health, Fatigue, or Physical Pain",3,health
3603,Like I had a headache and my throat hurts I can feel my glands swollen.,"Health, Fatigue, or Physical Pain",3,health
3604,"My sinuses hurt, my head hurts, my nose is runny, my throat hurts, breathing is feeling more and more like a chore, and my back hurts.","Health, Fatigue, or Physical Pain",3,health
3605,"On the darker side of the news, I'm having severe problems with those muscle spasms again.","Health, Fatigue, or Physical Pain",3,health
3606,The swelling is pushing against my ill defined sphincter and making me tres uncomfortable.,"Health, Fatigue, or Physical Pain",3,health
3607,Although I was in agonizing pain becuz my tear duct in my eye was throbbing.,"Health, Fatigue, or Physical Pain",3,health
3608,"Its not easy work, and my back hurts.","Health, Fatigue, or Physical Pain",3,health
3609,She's been having a lot of health issues lately.,"Health, Fatigue, or Physical Pain",3,health
3610,Then she complaints of having pain on her shoulder and all.,"Health, Fatigue, or Physical Pain",3,health
3611,she's had a raft of health things that have been causing her problems all along.,"Health, Fatigue, or Physical Pain",3,health
3612,"it's been days. as you can see all the things i eat, no wonder my stomach hurts.","Health, Fatigue, or Physical Pain",3,health
3613,"Speaking of eating, though, I've been feeling ooky after some meals for the past week and, unfortunately, the common denominator has been cheese.","Health, Fatigue, or Physical Pain",3,health
3615,i've been sick all week.,"Health, Fatigue, or Physical Pain",3,health
3616,i got insanely sick somewhere around wednesday. and was a pain in the ass complainer the rest of the week.,"Health, Fatigue, or Physical Pain",3,health
3617,ive been sick this whole week.,"Health, Fatigue, or Physical Pain",3,health
3618,Particularly getting sick in the middle of the week.,"Health, Fatigue, or Physical Pain",3,health
3619,"I've been very sick for a week, mostly homebound.","Health, Fatigue, or Physical Pain",3,health
3620,"First of all, I've been sick all week.","Health, Fatigue, or Physical Pain",3,health
3621,I'm in pain almost every day of the week!,"Health, Fatigue, or Physical Pain",3,health
3622,I went to work and I found out that Kasey is sick and has been sick for several weeks.,Social Relationships,4,friends
3623,But I've been getting a lot of sore throats lately and getting sickish every other week or so it seems.,"Health, Fatigue, or Physical Pain",3,health
3624,"Lately, I haven't been feeling good and have not been in the best of moods.",Emotional Turmoil,6,unknown
3625,I didn't sleep well or long enough and my back is kinda sore.,"Health, Fatigue, or Physical Pain",3,health
3626,"But even when I was there, she wasn't doing too well physically.","Health, Fatigue, or Physical Pain",3,health
3627,I haven't been feeling too well lately.,"Health, Fatigue, or Physical Pain",3,health
3628,I've not been feeling very well again today.,"Health, Fatigue, or Physical Pain",3,health
3629,He wasn't in the best of shape when it all went down.,Emotional Turmoil,6,unknown
3630,I wasnt feeling so good towards the end of practice.,"Health, Fatigue, or Physical Pain",3,health
3631,I'm tired and I don't feel good.,"Health, Fatigue, or Physical Pain",3,health
3632,I'm not feeling too well today.,"Health, Fatigue, or Physical Pain",3,health
3633,I'm uncomfortable and haven't been feeling well.,"Health, Fatigue, or Physical Pain",3,health
3634,I'm really tired and I do not feel very well.,"Health, Fatigue, or Physical Pain",3,health
3636,"Work is beastly, I'm really struggling to have any enthusiasm for my job anymore.",Work,1,work
3637,I have some other stuff on my mind but I don't feel like sharing. I'm stressed because I need a new job.,Emotional Turmoil,6,unknown
3638,I can't sleep anymore and I know it's a problem I need to fix but I can't seem to be able to.,"Health, Fatigue, or Physical Pain",3,health
3639,"im trying very hard to straighten things in my life out, but for some that doesn't seem to be good enough and that is making me sad.",Emotional Turmoil,6,unknown
3641,I need an event planner in my life because I am too tired and stressed to plan and think and think and ah think.,Everyday Decision Making,6,unknown
3642,"My throat is sore too, and that makes it increasingly difficult to sleep.","Health, Fatigue, or Physical Pain",3,health
3643,"i am having some insane insamnia or something, i am so tired, however, i cant seem to go to sleep!!!!!","Health, Fatigue, or Physical Pain",3,health
3644,I am often physically and emotionally exhausted. Stands to reason that lack of sleep might be a proximate cause.,"Health, Fatigue, or Physical Pain",3,health
3645,I'm tired and my head hurts. I'm confused and worried about so much going on in my life.,"Health, Fatigue, or Physical Pain",3,health
3646,im just super tired and trying to stay awake while on this call but it is not easy.,"Health, Fatigue, or Physical Pain",3,health
3647,"I had a lot of trouble getting to sleep, despite my being extremely tired.","Health, Fatigue, or Physical Pain",3,health
3648,"So the opening supervisor at work has, for the last two weeks, been sick or some shit that prevents her from working.",Work,1,work
3649,My boss had been sick for a couple of days and got hammered with other appointments.,Work,1,work
3650,"my mom was sick basically all last week so i had to help take care of her, and on top of that i was sick again too.",Family Issues,2,family
3651,"The roomie was sick yesterday, and we're not sure what with.","Health, Fatigue, or Physical Pain",3,health
3652,"Like I said, I haven't been sleeping well lately.","Health, Fatigue, or Physical Pain",3,health
3653,I haven't been sleeping well lately.,"Health, Fatigue, or Physical Pain",3,health
3654,i havent been sleeping well lately.,"Health, Fatigue, or Physical Pain",3,health
3655,Lately I really haven't been sleeping well.,"Health, Fatigue, or Physical Pain",3,health
3656,It's especially difficult when one works nights because I'm asleep during the day when things are open and chores can be done.,Work,1,work
3657,You have agonizing nightmares that wake you up every night because you no longer feel secure in slumber.,"Health, Fatigue, or Physical Pain",3,health
3659,Wayyyyy too many late nights and sleeping untill i have to go to work.,Work,1,work
3660,"My body aches from tossing and turning all nightm waking up, falling asleep, waking up, falling asleep, when i finally slept i had more of those lucid nightmares.","Health, Fatigue, or Physical Pain",3,health
3661,I have to work at night often because I couldn't focus enough due to pain interrupting my day.,"Health, Fatigue, or Physical Pain",3,health
3662,"Sitting alone is quite hard for me, so my practice suffers and I suffer with it.",Everyday Decision Making,6,unknown
3663,"i'm sick and tired of working long hours and not getting enough pay, this is shitless!",Work,1,work
3664,I'm getting really tired of working shitty jobs.,Work,1,work
3665,"I know that sounds bad, but I am just sick and tired of the everyday routine of working and hearing bullshit",Work,1,work
3666,My work productivity and such has been degrading greatly as of late because of too much work and a lot of unstructured life things.,Work,1,work
3667,"my back,feet, and legs hurt pretty bad and im not getting paid enough for that shite.","Health, Fatigue, or Physical Pain",3,health
3668,Work sucked too because Byron was giving me a hard time with the crew.,Work,1,work
3669,"I came back very ill, and haven't really been back to work due to illness.","Health, Fatigue, or Physical Pain",3,health
3670,Kira was sick and dying today so she couldnt make it.,"Health, Fatigue, or Physical Pain",3,health
3671,One in particular has been sick a lot and he never covers his mouth when he coughs.,"Health, Fatigue, or Physical Pain",3,health
3672,"Pain so bad that I couldn't eat, sleep, pee, walk, etc.","Health, Fatigue, or Physical Pain",3,health
3673,Since then he has had a major infection in his hand and been unable to work.,"Health, Fatigue, or Physical Pain",3,health
3674,So then I was still sick on tuesday and I couldn't eat or drink or anything because I was just so sick feeling and tired and drained.,"Health, Fatigue, or Physical Pain",3,health
3675,Laura has not been able to let me drive because she has been very sick and in the hospital even.,Social Relationships,4,friends
3676,my poor baby didnt eat for days and was sick and depressed,Family Issues,2,family
3677,"Currently, I'm down with bad flu. Urgh!My bad that I was unable to update my journal.","Health, Fatigue, or Physical Pain",3,health
3678,"The protests and now rioting assoicated with those protests, all say EXTREME danger.",Other,6,unknown
3679,I am so stressed that I lost my job.,Work,1,work
3680,I am stressing about school finals.,School,1,work
3681,It has just been really hard and it is frustrating not having a solution.,Everyday Decision Making,6,unknown
3682,I've been worrying a lot about coronavirus lately and vulnerable family members,Family Issues,2,family
3683,I didn't receive my paycheck.in the mail today.,Financial Problem,5,finance
3684,COVID-19,"Health, Fatigue, or Physical Pain",3,health
3685,The uncertainty of the COVID19 pandemic and how there is no vaccine or cure.,"Health, Fatigue, or Physical Pain",3,health
3686,hi man thanks for being there for me and calling me now i feel so stressed and want to s,Social Relationships,4,friends
3688,Alex still hasn't caught up on all his missed school work from last quarter.,School,1,work
3689,i am stressed out with my work,Work,1,work
3690,My lack of workout time.,"Health, Fatigue, or Physical Pain",3,health
3691,I just have been trying to work and its hard to find any,Emotional Turmoil,6,unknown
3692,I have been trying to get my 3 year old grandson to finally finish his potty training.,Family Issues,2,family
3693,"I have an upcoming medical procedure, and I am worried about it.","Health, Fatigue, or Physical Pain",3,health
3694,"the COVID-19 pandemic is bothering me a lot, when will it pass my God","Health, Fatigue, or Physical Pain",3,health
3695,i have been laid off,Emotional Turmoil,6,unknown
3696,The riots in the lower-48. They are out of control,Emotional Turmoil,6,unknown
3697,"We are short staffed at work, and the long hours are draining.",Work,1,work
3698,I've been feeling iffy about my graduation. I think I might be missing something.,School,1,work
3699,"This COVID-19 has me stressed. I'm dealing w/the baby, keeping house clean & hub-B.",Family Issues,2,family
3700,My work has been stressing me lately. I now have to work from home,Work,1,work
3701,Just stressed about being furloughed and our upcoming move,Work,1,work
3702,I've been having trouble sleeping at night,Emotional Turmoil,6,unknown
3703,I have been really stressed about juggling work and home while under quarantine,Work,1,work
3704,having a pile of laundry to do,Other,6,unknown
3705,That I'll be graduating and having to find a job next semester.,Work,1,work
3706,hours cut at work,Work,1,work
3707,I would say all of the protests and worrying about my own safety now.,Emotional Turmoil,6,unknown
3708,My fajitas came out burnt!,Social Relationships,4,friends
3709,People arent taking the virus serious anymore,"Health, Fatigue, or Physical Pain",3,health
3710,I need to move in August and am worried about doing so with covid,Emotional Turmoil,6,unknown
3712,My husband's new job doesn't have benefits and I need health insurance,"Health, Fatigue, or Physical Pain",3,health
3713,simply planing a meal,Everyday Decision Making,6,unknown
3714,my income is not proper and its difficult for me to run a normal life with specific need,Financial Problem,5,finance
3715,I am stressing about money currently.,Financial Problem,5,finance
3716,I feel like this corona virus situation is going to last forever.,Emotional Turmoil,6,unknown
3717,"I quarelled with my boyfriend , im so stressed out, he will be moving out.",Social Relationships,4,friends
3718,Hey! This whole covid situation is really messing me up right now.,Emotional Turmoil,6,unknown
3719,i found out my friend has covid-19,"Health, Fatigue, or Physical Pain",3,health
3720,My reduced hour at work due to this pandemic crisis.,Work,1,work
3721,"I'm not working due to Covid, so everything feels stressful",Work,1,work
3722,Trying to find things that are sold out at stores.,Other,6,unknown
3723,I'm really stressed about moving. I'm scared,Emotional Turmoil,6,unknown
3724,Not being able to get my daughter to let my grand kids come over.,Emotional Turmoil,6,unknown
3725,Well I am not enjoying my work at the time because things are slow and layoffs may come.,Work,1,work
3726,Money,Financial Problem,5,finance
3727,covid 19 pandemic disease,"Health, Fatigue, or Physical Pain",3,health
3728,Just a problem I'm having,Other,6,unknown
3729,I'm worried my beliefs and morals conflict with my employers.,Work,1,work
3730,this darn covid has been stressing me out. people don't listen!,"Health, Fatigue, or Physical Pain",3,health
3731,"m job is really stressing me up because it is like there is a likelihood of loosing it,",Work,1,work
3732,the treat of martial law.,Other,6,unknown
3735,I am stressed out because the gym has been closed for months.,Emotional Turmoil,6,unknown
3736,I just miss seeing my friends because of coronavirus,Social Relationships,4,friends
3737,Work has been super stressfull lately,Work,1,work
3738,hey dude evening free,Other,6,unknown
3739,Not knowing if I will get a teaching position in August!,Work,1,work
3740,The riot and vandalism on our street last Sunday night.,Other,6,unknown
3741,I've been thinking about the future a lot so it's been hard for me to manage the stress.,Other,6,unknown
3742,My appetite is through the roof! I can't stop eating.,"Health, Fatigue, or Physical Pain",3,health
3743,Finding a job! It's been so draining.,Work,1,work
3744,i have urgent some work unable come on time,Work,1,work
3745,Hi dear am not comfortable with my boyfriend,Social Relationships,4,friends
3746,Well lately I've been trying to email a company and they don't answer,Financial Problem,5,finance
3747,I have been having a problem in cooking pizza buddy. I kindly need your help.,Other,6,unknown
3748,I have been stressing about my work situation.,Work,1,work
3749,"in this strees will affected for workplace,school,coolege,shopping,purchasing",Work,1,work
3750,No time to myself,Social Relationships,4,friends
3751,My son has been so angry lately.,Emotional Turmoil,6,unknown
3753,I am stressed about whether or not I will be attending school in person.,School,1,work
3754,"Covid 19, and my fight with Social Security to get disability started.",Financial Problem,5,finance
3755,just had to spend a ton of money fixing our plumbing,Financial Problem,5,finance
3756,I've had to work more hours,Work,1,work
3757,I cant stand not having work to do,Work,1,work
3758,I am really stressed about the state of the government and coronavirus,"Health, Fatigue, or Physical Pain",3,health
3759,Moving and getting the next step of my life going.,Everyday Decision Making,6,unknown
3760,This covid-19 thing has got me stressed bad,Emotional Turmoil,6,unknown
3761,I've been stressed about coronavirus,"Health, Fatigue, or Physical Pain",3,health
3762,The stock market is tanking and its killing my retirement!,Financial Problem,5,finance
3764,The protests within my local area.,Other,6,unknown
3765,Finances. The reduced hours at work have me scrambling for cash.,Work,1,work
3766,"I really want to plan a vacation, but COVID has made me question whether travel is safe",Emotional Turmoil,6,unknown
3767,Working from home at this point in the year.,Work,1,work
3768,The uncertainty of the economy,Other,6,unknown
3769,Getting ready for upcoming hospital procedure - very stressful.,"Health, Fatigue, or Physical Pain",3,health
3770,Work is expecting me back and I feel unsafe going back,Work,1,work
3771,the skin issue on my face,"Health, Fatigue, or Physical Pain",3,health
3772,Money has been on my mind a lot and really stressing about income.,Financial Problem,5,finance
3773,I don't feel like I'm making any progress.,Everyday Decision Making,6,unknown
3774,I have been stressing over grocery shopping Iam all must running out of grocery,Everyday Decision Making,6,unknown
3775,I wanted to be happy,Emotional Turmoil,6,unknown
3777,my puppy getting her shots,Emotional Turmoil,6,unknown
3778,Finding childcare has been hard!,Family Issues,2,family
3780,mt criminal charges,Everyday Decision Making,6,unknown
3781,Just not knowing the future and whether or not i will be able to work,Work,1,work
3782,I have been stressed out about moving.,Other,6,unknown
3783,"I haven't been making as much money as I need, and I'm working hard.",Financial Problem,5,finance
3784,My mom and I have been arguing.,Family Issues,2,family
3785,I am stressed about returning to work when we are not yet prepared.,Work,1,work
3786,I've been having a hard time getting enough sleep.,"Health, Fatigue, or Physical Pain",3,health
3787,Classes have been super stressful lately,School,1,work
3788,I am really stressed about my pups kidney disease.  It is getting worse.,Emotional Turmoil,6,unknown
3789,"HEY, THANKS FOR REPLYING. I LOST MY JOB RECENTLY AND MY GIRLFRIEND, CHLOE LEFT ME",Work,1,work
3790,I am not having any luck with my job search.,Work,1,work
3791,I been stressing about not being able to work because of the Covid 19.,Work,1,work
3792,"Doing well, a recent situation that's been stressing me out for sure Covid-19","Health, Fatigue, or Physical Pain",3,health
3793,"My roommate has lost his job, and isn't able to pay full rent.",Financial Problem,5,finance
3794,Thinking about the virus,Social Relationships,4,friends
3795,I guess moving in and trying to find work during a hiring freeze,Financial Problem,5,finance
3796,Fighting with my racist family,Emotional Turmoil,6,unknown
3797,I'm greatly concerned about defunding Police.,Other,6,unknown
3798,Trying to complete these reports before the deadline.,Work,1,work
3800,I have a huge paper due in school,School,1,work
3801,I am concerned about the job market as a recent graduate during the pandemic,Work,1,work
3802,' my work I'm ready to go back,Work,1,work
3803,my flights for my upcoming vacation were cancelled!,Other,6,unknown
3804,all the crap with marissa,Social Relationships,4,friends
3805,COVID,"Health, Fatigue, or Physical Pain",3,health
3806,I've been furloughed so I'm not sure if my job is going to be safe.,Work,1,work
3808,Definitely how bad police brutality has gotten since the protests started,Other,6,unknown
3809,Trump's reaction to everything is making me crazy,Other,6,unknown
3810,I am stressed about my finalgrade,School,1,work
3811,I've been having a lot of schoolwork that I have to finish each day.,School,1,work
3812,Work has me so stressed you wouldn't believe! It's a nightmare.,Work,1,work
3813,"Alex's position as an airline pilot worries me, the planes aren't flying often anymore.",Work,1,work
3814,I have been having pain in my left foot,"Health, Fatigue, or Physical Pain",3,health
3815,I am so stressed. I dont know what to make for dinner tonight and we have guests coming.,Social Relationships,4,friends
3816,My relationship with my boyfriend's son.,Family Issues,2,family
3817,I have been stressed about my health and fear of COVID-19.,Emotional Turmoil,6,unknown
3818,Trying to navigate my state's unemployment website!,Financial Problem,5,finance
3819,im stressed about losing my job,Work,1,work
3821,my inlaws are crazy,Family Issues,2,family
3822,How I am going to pay off all my debt is stressing me out.,Financial Problem,5,finance
3823,Work and what's going on around the world.,Emotional Turmoil,6,unknown
3824,I would say that the coronavirus has been the number one stresser.,"Health, Fatigue, or Physical Pain",3,health
3825,im afraid of catching covid19. I still have to work and im putting my self and my family,"Health, Fatigue, or Physical Pain",3,health
3826,I'm homeschooling my son and he's struggling to stay focuses,School,1,work
3827,The world is a disaster right now.,Other,6,unknown
3828,i am really confused and frankly quite frusterated with parts of my life.,Financial Problem,5,finance
3829,I'm tired of not having my mother. what happened,Family Issues,2,family
3830,To switch gears....in retrospect: I regret many things about this year and this semester,School,1,work
3831,"every time I think I'm getting over the whole work thing, something brings me down.",Work,1,work
3832,"I kept losing track of how that last one goes, and trying to write it up was a serious pain.",Other,6,unknown
3833,that's forgotten all you taught me -persephone Life's been exhausting lately.,"Health, Fatigue, or Physical Pain",3,health
3834,"after all this, i'm bitching about having a job.",Work,1,work
3835,"my life is still so fucked up right now, i dont know when i'll be going back.",Emotional Turmoil,6,unknown
3836,"I dunno, things are just changing lately- and it's as if me and my roommate did something wrong?",Social Relationships,4,friends
3837,so anyways today sucked....sometimes i don't understand myself.... when my life sucks so much why do i even try??,Emotional Turmoil,6,unknown
3839,"Hmm... Life has just been feeling alittle monotonous lately, i need spontinaity.",Emotional Turmoil,6,unknown
3840,I get annoyed when I don't get to finish telling a story.,Other,6,unknown
3841,"There's always some reason to feel not good enough, and it's hard at the end of the day.",Emotional Turmoil,6,unknown
3842,a lot of things have been bothering me and i dont know what to do anymore..oh well this is life.,Everyday Decision Making,6,unknown
3843,A stressful aspect to this all is that I have to finish my week out there.,Emotional Turmoil,6,unknown
3845,"After missing so much school, things are really starting to get crazy with assignments.",School,1,work
3846,after that megan just dropped us off and now i'm tired and my stomach hurts.,"Health, Fatigue, or Physical Pain",3,health
3847,Ahh I've been feeling really down lately because I have all this shit going on.,Other,6,unknown
3848,i had to go to work feeling crappy.,Work,1,work
3849,what's happening after this school year is scaring me.,School,1,work
3850,lately I've been getting really sad when I think about not being with mom.,Family Issues,2,family
3851,"I need to start going to classes again, i have been slacking real bad!",School,1,work
3852,Apparently work hours are all messed up.,Work,1,work
3853,"I have been frustrated lately, the idea doesn't come as easy.",Other,6,unknown
3854,"By the time I got home, I was depressed.",Emotional Turmoil,6,unknown
3855,I don't feel right when you're gone away 'Cause I'm broken when I'm open,Social Relationships,4,friends
3856,i'm so frustrated w/ the people in my life.,Social Relationships,4,friends
3858,"to top it all off, now I'm worried about my dreams because they've started to become inconsistent.",Emotional Turmoil,6,unknown
3859,"truthfully, it's hard to get into that mindset again, especially since I am so upset at the net.",Emotional Turmoil,6,unknown
3860,"when i look back on my life, it was extremely difficult.",Other,6,unknown
3861,another Satuday has come and I'm really dreading work ......,Work,1,work
3862,Any clarity I had found is piled under stress and unwanted responsibilities at the moment.,Other,6,unknown
3863,"was pretty frustrated right now, so I thought I'd bring it up to someone/something.",Emotional Turmoil,6,unknown
3864,"ive been really stressed out lately, im not really sure which way my life is going.",Emotional Turmoil,6,unknown
3865,"As far as being alone goes, that has been bothering me the most lately.",Emotional Turmoil,6,unknown
3866,As for today..I'm frustrated and on my last nerve.,Emotional Turmoil,6,unknown
3867,"As soon as I came back to work, I am miserable.",Work,1,work
3868,it's really making me worry about the future of my family.,Family Issues,2,family
3869," whenever I think I've made progress, something always comes back to me feel insecure...",Emotional Turmoil,6,unknown
3870, I'm sick of forever being worried about them.,Other,6,unknown
3871,"Being so busy I feel like I have lost my spiritual sense, or a sense of myself.",Emotional Turmoil,6,unknown
3872,"Both me and my mom had to work, so that sucked.",Work,1,work
3873,"I dunno lah, my whole cycle seems to be screwed up.. from this jobhunting stress I think! Sheesh..",Work,1,work
3874,"I find myself, worrying and getting all stressed out over the littlest of things.",Emotional Turmoil,6,unknown
3875,it made me VERY ill on my way back home.,"Health, Fatigue, or Physical Pain",3,health
3876,it still bothers me...... I've just had a frustrating day.,Emotional Turmoil,6,unknown
3877," Ive thought about it a lot, and I just can't afford it this time around.",Financial Problem,5,finance
3878,living with my parents for now calls for a perilous commute.,Family Issues,2,family
3879,my constant absenteeism is starting to become a problem.,Everyday Decision Making,6,unknown
3880,now i'm sad because i have to work on my final........,School,1,work
3881,"now that the time for leaving is drawing near, I'm starting to feel sad.",Emotional Turmoil,6,unknown
3882,"on my days off, I just feel like I'm wasting time.",Everyday Decision Making,6,unknown
3883,the goodbye was really difficult for me.,Social Relationships,4,friends
3884,yeah. I'm still very worried about my tryout.,Other,6,unknown
3885,yes...now i'm sad because i have to work.,Work,1,work
3886,bwahahaha first part of practice was really frustrating for me.,Other,6,unknown
3887,By the time I got home I was feeling real pain.,"Health, Fatigue, or Physical Pain",3,health
3888,By the time I was ready to go into work I was feeling pretty shitty.,Work,1,work
3889,College and work have been killing me.,Work,1,work
3890,"Considering my recent projects, this is INCREDIBLY frustrating.",Work,1,work
3891,"Conversation on the way home from Gville made me pretty frustrated, I don't know.",Social Relationships,4,friends
3892,"Coupled with constant writer's block and feeling uncreative, I got stressed out early.",Work,1,work
3893,"Dammit distance, that seems to be the problem of my life.",Other,6,unknown
3894,"dang well my cermaics final is over, and dude it was kinda hard!",School,1,work
3895,dude i just lost a really important entry and i'm not happy.,Emotional Turmoil,6,unknown
3896,Due to screw up with my schedule.,Work,1,work
3897,"Each time I have to tell someone I don't have a job yet, I feel that much more defeated.",Work,1,work
3898,"Finally, I am irritated that I couldn't remember everything I wanted to post....",Other,6,unknown
3899,For some reason I've been really tired lately (Did I complain about this already?) and it's driving me nuts.,"Health, Fatigue, or Physical Pain",3,health
3900,Frustrated and I've sold myself out down the road with time growing old I've got to change.,Emotional Turmoil,6,unknown
3901,"Going back to work SUCKED... I still can't seem to get back into the swing of things, haha...",Work,1,work
3902,Got to work and now I'm in a bad mood.,Work,1,work
3903,Grr..some reason when I got home today I was depressed AGAIN.,Emotional Turmoil,6,unknown
3904,haha leaving school was sooo difficult for me.,Other,6,unknown
3905,Have I mentioned lately that work really sucks now?,Work,1,work
3906,he doesnt have enough time with me cuzz oh oh he has to go back to work.,Social Relationships,4,friends
3907,"hes like ""i was starting to get worried... were not gonna have much time to practice.""",Other,6,unknown
3908,Hypochondriac:: I don't feel so good right now... Insecure:: When I'm having an off day this usually shows up.,Emotional Turmoil,6,unknown
3909,I ahve been thinking alot about work lately and Im starting to think that maybe Im not so happy here.,Work,1,work
3910,I already paid these exhorbitant costs at my current school and I'm reluctant to pay them again.,Financial Problem,5,finance
3911,I am all stressed from school and work.,Work,1,work
3912,I am frustrated with an aspect of my job.,Other,6,unknown
3913,"I am going out of my mind with work, but i'll ""git errrr dunnnnn"" hahah.",Work,1,work
3914,I am having issues with my parents.,Family Issues,2,family
3915,I am having trouble motivating myself this semester.,School,1,work
3916,I am sad that I won't have that class anymore.,School,1,work
3917,I am so depressed lately and it's making me what to say goodbye to everyone ... I don't want that.,Emotional Turmoil,6,unknown
3918,I am SO sick of this past year for some reason.,Everyday Decision Making,6,unknown
3919,"I am so so so so tired but I need to do my work that I have neglected, blah.",Work,1,work
3920,I am still having a terrible time working myself up to doing this assignment.,School,1,work
3921,I am tired and I only barely did the work I was supposed to do and I feel nasty.,Work,1,work
3922,"i am tired, nervous, hungry, and to top it all off i have my period. today sucks.","Health, Fatigue, or Physical Pain",3,health
3923,I am upset about work.,Work,1,work
3924,I became so reclusive at this point that I know my mom was worried.,Family Issues,2,family
3925,I been worrying about too many things out of my control lately and ive really gotta stop.,Emotional Turmoil,6,unknown
3926,I began to feel worse as soon as I got home.,"Health, Fatigue, or Physical Pain",3,health
3927,I bitch about my job and my lack of a nicer one.,Work,1,work
3928,i called out of work and i am feeling very guilty about it.,Work,1,work
3929,"i can't take the way i feel everyday... about school, about mom and dad, about hurting myself, about letting go.",Family Issues,2,family
3930,"i can't tell wither there real or not. i've recently become impatient,",Other,6,unknown
3931,I don't normally feel like this and am ashamed to admit I've spent the day mounting my little Una.,Emotional Turmoil,6,unknown
3932,I dunno it's just something I've been kind of upset about lately.,Emotional Turmoil,6,unknown
3933,I feel a bit bad as i ahve been putting off catching up with her for a while.,Social Relationships,4,friends
3934,I feel bad about not updating...but I have been busy and tired.,"Health, Fatigue, or Physical Pain",3,health
3935,"I feel bad for myself, having to move there.. it's sooo complicated with all of that stuff.",Emotional Turmoil,6,unknown
3936,i feel bad i didn't get to stay around longer on thrusday.,Other,6,unknown
3938,I feel frustrated because at times I honestly just flat out struggle with dealing with a lot of this stuff.,Everyday Decision Making,6,unknown
3939,I feel frustrated by how long it is taking to finish household tasks. 2.,Other,6,unknown
3940,I feel like a bad person. I need to get away for a day.,Other,6,unknown
3941,"I feel like I did before we started going out, i'm discontent, i'm tired.",Other,6,unknown
3942,I feel like my life is one bad decision after the next.,Everyday Decision Making,6,unknown
3944,I feel so bad having to turn down everything that I am offered because I have to work.,Work,1,work
3945,I feel stressed. I am looking into jobs for after I graduate.,Work,1,work
3946,"I find it really hard to ask for things, and I feel so bad because my parents are so busy.",Family Issues,2,family
3947,I got really scared becasue this happened on the way home.,Emotional Turmoil,6,unknown
3948,I got really worried cause I dont have anymore practices until the meet.,Other,6,unknown
3949,"I guess i have been very stressed out lately, cheques and etc...",Financial Problem,5,finance
3950,I guess I've just been so busy lately. Yah... that and stressed.,Everyday Decision Making,6,unknown
3951,I guess that's one of my things... I need to realize I can't be there for everyboday all the time.,Social Relationships,4,friends
3952,I had a clash of interest with some GCN people in the last day or two... and it sucks.,Other,6,unknown
3953,I had a nightmare about being back at work.,Work,1,work
3954,"i had things to say, and they were pretty important... but i'm so effing tired, i just forgot.",Emotional Turmoil,6,unknown
3955,I had to call out of work yesteraday to finish my project which I sucked at ne ways.,Work,1,work
3956,"I happen to be starting the preliminary stages of finding a job, which is a pretty stressful event.",Work,1,work
3957,i hate my schedule it's one midterm after another.,School,1,work
3958,I hate waiting...it seems like i've been doing a lot of that.,Everyday Decision Making,6,unknown
3959,I have a presentation this week that I'm afraid to look over for fear of realizing how under-prepared I am.,Work,1,work
3960,I have been feeling really bad about the way that things have been going on lately.,Emotional Turmoil,6,unknown
3961,"I have been frustrated, trying to sort things out.",Everyday Decision Making,6,unknown
3962,I have been having some $$$ issues as of late and it has just been really stressful.,Financial Problem,5,finance
3963,I have been looking for another job b/c I'm in so much debt.,Work,1,work
3964,I have been majorly stressed about shit lately.,Emotional Turmoil,6,unknown
3965,"I have been putting it off, which isn't good cuz i need to do well in that class",School,1,work
3966,I have been really stressed trying to get all my shit together for finals etc.,School,1,work
3967,i have been so frustrated lately and i don't kno why.,Emotional Turmoil,6,unknown
3968,I have been so stressed out from work..so does that mean I have problems?,Work,1,work
3969,I have been very confused as of late with the direction my life is heading.,Emotional Turmoil,6,unknown
3970,"I have felt out of balance for weeks, and really needing some kind of something to clear the fuzzy energy.","Health, Fatigue, or Physical Pain",3,health
3971,I have had a tough time updating here lately.,Everyday Decision Making,6,unknown
3972,i have no idea why i'm always so emo.. i guess it just seems to be bothering me alot lately.,Emotional Turmoil,6,unknown
3973,I have procrastinated too long and I'm going to be struggling to do stuff in the fall.,Other,6,unknown
3974,I have recently been at a loss for words which is weird because i have a lot on my mind.,Emotional Turmoil,6,unknown
3975,I have shit I need to get done and I've been REALLY bad at that lately.,Work,1,work
3976,I have stress and worry about my future and I have made mistakes.,Everyday Decision Making,6,unknown
3977,I have to be a student again and I don't like it.,School,1,work
3978,"I have to go to work now and really, that's kind of sad.",Work,1,work
3979,I have to go to work...me am not too happy about that.,Work,1,work
3980,"I have to work today, and I am horribly unenthused about this.",Work,1,work
3981,i havent written in a while becuz ive been busy but im really sad about something rite now so yea.,Emotional Turmoil,6,unknown
3982,I just don't know what's up with me lately... I'm so torn from day to day.,Emotional Turmoil,6,unknown
3983,"I just feel generally melacholy about my life, and i don't know exactly how to face up to the day.",Everyday Decision Making,6,unknown
3984,I just have been feeling this frustration about how to prioritize.,Everyday Decision Making,6,unknown
3985,i just kinda miss a lot of things lately and i find my self pondering the what if's haha.,Emotional Turmoil,6,unknown
3986,I keep getting sad when I think about Cordelia leaving.,Social Relationships,4,friends
3987,I loose track of all but this: the very definition of my very dysfunctional family relationships are changing.,Family Issues,2,family
3988,"I mean, it sucked while I was stressed, thinking I'd never get it done on time.",Other,6,unknown
3989,"I must be more tired than I thought, though - I'm constantly fucking things up today.",Everyday Decision Making,6,unknown
3990,"I need a lot of looking after, and I get quite anxious when my mum isn't around.",Family Issues,2,family
3991,"i need like, a rehab for it or something because i cant carry on my days like this.","Health, Fatigue, or Physical Pain",3,health
3992,I need to find a job like now.. bc im starting to get depressed from not having one.,Work,1,work
3993,I really feel like I am failing here because I can't take the time off to cover the whole time.,Everyday Decision Making,6,unknown
3994,i refused to care for so long.but yah now its starting to bother me.,Emotional Turmoil,6,unknown
3995,I seem discontent with my life as a whole lately.,Emotional Turmoil,6,unknown
3996,I should sort myself out but I just haven't been in the mood to work this year.,Work,1,work
3997,I spend so much of my time feeling as though I'm not doing enough with my life.,Everyday Decision Making,6,unknown
3998,I suppose my biggest problem in my life at the moment is my sheer lack of proper Time Management.,Other,6,unknown
4000,i think i might reconnect it.... im sick of not having a job....,Work,1,work
4001,I think I'm getting worn out with the schedule i have.,"Health, Fatigue, or Physical Pain",3,health
4002,i think i'm going to have an issue w/ scheduling... i have hardly any time to schedule lessons.,School,1,work
4003,I think im just frustrated with a lot of the stuff that has been going on in my life.,Emotional Turmoil,6,unknown
4004,I think that's one of the reasons I have such a hard time with my schedule right now.,Everyday Decision Making,6,unknown
4005,I think the deadline is what's stressing me out the most.,Work,1,work
4006,I think this because things weren't easy when I left work.,Work,1,work
4007,"I understand that, but what has changed it so now I'm cursed with not being able to make true friends.",Social Relationships,4,friends
4008,i was almost late for work and then work just sucks in general.,Work,1,work
4009,I was already stressed from just... my life.,Everyday Decision Making,6,unknown
4010,I was complaining about school and I was tired.,School,1,work
4011,I was dissatisfied with what I'd just spent ages planning.,Everyday Decision Making,6,unknown
4012,I was feeling bad and distracted when I was already leave the place.,Emotional Turmoil,6,unknown
4013,i was frustrated about passing out a lot.,"Health, Fatigue, or Physical Pain",3,health
4014,"I was getting frustrated today with it so, I stopped for a little bit.",Everyday Decision Making,6,unknown
4015,I was getting too uptight about work.,Work,1,work
4016,"i was having another ""one of those days"" and was quite frustrated with the way i was feeling.",Emotional Turmoil,6,unknown
4017,I was so upset about work.,Work,1,work
4018,"i was supposed to work, and i wasn't feeling good.",Work,1,work
4019,I was very stressed about Nanny though.,Family Issues,2,family
4020,"I was worried and stressed, another expense we can't afford, needing to find a ride to work, etc.",Financial Problem,5,finance
4021,"I was worried for a while, since I was really starting to feel like I was running out of material.",Other,6,unknown
4022,"I was worried, like a stupid human, about my needs in life.",Everyday Decision Making,6,unknown
4023,i wasnt before but now im just getting sick of all this work.,Work,1,work
4024,I went back after work and it had gotten scary.,Work,1,work
4025,"I won't always be able to post this many times in one day, but I'm bored and now I'm pissed.",Other,6,unknown
4026,"If I don't call, or spend time with them, I feel guilty.",Social Relationships,4,friends
4027,if we dont have the stuff ready by then i'll be very frustrated.,Other,6,unknown
4028,im a bit freaked out about paying for school now.. sick to my stomach type stuff..,Financial Problem,5,finance
4029,"I'm a fuckin complication to the staff, and it is difficult for me to cope with that.",Work,1,work
4030,I'm a lil scared about finding all of my classes.,School,1,work
4031,I'm a little stressed about work as well.,Work,1,work
4032,I'm also upset over not getting a day off.,Work,1,work
4033,"i'm becoming nervous simply thinking about the ordeal. that ""day"" which has",Other,6,unknown
4034,i'm becoming very depressed about not getting a job.,Work,1,work
4035,I'm concerned about the coming week's running plan as I haven't sorted out my schedule in detail.,Everyday Decision Making,6,unknown
4036,"I'm contemplating whether to wuit my job or not, becuz i have so much crap going on.",Work,1,work
4037,I'm debilitated by my midterms and Dennis and I haven't been on the same page lately.,School,1,work
4038,I'm depressed because there is someone going in tomorrow's group that I absolutely can't stand.,Emotional Turmoil,6,unknown
4039,I'm feeling conflicted about doing Melissa's pictures this week.,Everyday Decision Making,6,unknown
4040,I'm feeling like my life is one big waste lately.,Emotional Turmoil,6,unknown
4041,I'm feeling so lost in life is my biggest problem.,Emotional Turmoil,6,unknown
4042,i'm frustrated about school and about getting where i want to be.,School,1,work
4043,I'm getting a bit sick of working at the moment.,Work,1,work
4044,"I'm getting a little stressed over it, 'cause its one of the next ones on my schdedule...",Work,1,work
4045,I'm getting behind on my work which isn't cool.,Work,1,work
4047,I'm getting really frustrated that I'm not able to talk to Uni friends enough.,Social Relationships,4,friends
4048,I'm getting really nervous and concerned now about acceptances.,Emotional Turmoil,6,unknown
4049,I'm getting really nervous for when my dad leaves.,Family Issues,2,family
4050,I'm getting sick of babysitting.,Work,1,work
4051,"I'm getting sick of this, because it doesn't seem to be getting better and I have stuff to do.",Everyday Decision Making,6,unknown
4052,I'm getting stressed out at work...,Work,1,work
4053,"I'm getting tired and stuff, so Ill finish here.",Other,6,unknown
4054,I'm getting tired of interviewing and not getting a final answer.,Work,1,work
4055,I'm getting upset that i keep missing Will and Grace!,Other,6,unknown
4056,I'm getting very paranoid after today incident.,Other,6,unknown
4057,I'm gonna be exhausted and I'm workin with someone that I don't like working with.,Work,1,work
4058,i'm having a hard time today working up the interest to do much of anything lately...someone save me from myself...,Emotional Turmoil,6,unknown
4059,"I'm inevitably put into the position of not having money at school, and needing it.",Financial Problem,5,finance
4060,"I'm just a bit stressed about work, anxious about upcoming vacation, and missing Steve.",Work,1,work
4061,"i'm just having growing pains and with those, comes the desperate hope of this being my last day here.",Emotional Turmoil,6,unknown
4062,I'm just kinda fed up with work at the moment so I don't know how much I'll be doing today.,Work,1,work
4063,im just really worried about things lately...idk...,Everyday Decision Making,6,unknown
4064,I'm just so stressed out and there's always something that I have to get done- that I'm just worn out.,Everyday Decision Making,6,unknown
4065,im just worried.. we have been having problems anyway..so whos to say he will wait for me..?,Social Relationships,4,friends
4066,I'm kind of stressed about work.,Work,1,work
4067,I'm kinda sad about working full time,Work,1,work
4068,i'm kinda screwin myself over right now by not studying... but its so hard to get motivated right now.,School,1,work
4069,I'm kinda worried about my job.,Work,1,work
4070,im more sad that i dont have a new job to start.,Work,1,work
4071,"I'm pretty distracted, and kind of anxious about all the shit I have to get done (get done?) today.",Everyday Decision Making,6,unknown
4072,I'm pretty sick of training at this point.,Other,6,unknown
4073,I'm really bad at prioritizing and I need a job ASAP.,Work,1,work
4074,I'm really really in a conundrum about my job.,Work,1,work
4075,I'm really stressed about the end of semester projects.,School,1,work
4076,i'm really worried about the whole moving out thing.,Family Issues,2,family
4078,i'm sad that i have to go to work though.,Work,1,work
4079,I'm sick and tired of always having to defend it.,Emotional Turmoil,6,unknown
4080,I'm sick of acting like my life is hard.,Everyday Decision Making,6,unknown
4081,I'm sick of trying to keep together and everything just going to shit in my hands.,Everyday Decision Making,6,unknown
4082,I'm sick of working and planning and long-term goals.,Work,1,work
4084,I'm so confused about what to do lately I hate being so stressed out and run down.,Emotional Turmoil,6,unknown
4085,I'm so fed up with aol not working right.,Other,6,unknown
4086,I'm so fed up with stuff in my life.,Emotional Turmoil,6,unknown
4087,I'm so frustrated with my job right now.,Work,1,work
4088,I'm SO mad about not being able to get that job.,Work,1,work
4089,im so stressed out w/ my parents and their opinions about things,Family Issues,2,family
4090,"i'm so stressed, getting ready for college is awful.",School,1,work
4091,I'm so tired of having to explain myself.,Emotional Turmoil,6,unknown
4092,I'm so tired of not knowing what I want to do.,Other,6,unknown
4093,I'm so very upset lately about my job situation!,Work,1,work
4094,I'm starting to get really discouraged about finding a real job and also more and more angry about shutters.,Work,1,work
4095,im starting to get really fed up with shit not getting done as far as our living arrangements are concerned.,Other,6,unknown
4096,im starting to get really frustrated with this school again.,School,1,work
4097,I'm starting to not even like my job.,Work,1,work
4098,I'm still sick! I fear work may not happen tomorrow.,Work,1,work
4099,I'm stressed right now trying to get the last bit of school stuff taken care of.,School,1,work
4100,I'm tired of being unsure about things going on in my life.,Everyday Decision Making,6,unknown
4101,I'm tired of stressing about school.,School,1,work
4102,I'm tired of them not knowing whatever that has been happening to me.,Family Issues,2,family
4103,i'm tired of thinking. what the fuck am i accomplishing in my life at this moment.,Emotional Turmoil,6,unknown
4104,I'm tired of worrying about school.,School,1,work
4105,I'm tired of: not getting paid by res life9.,Work,1,work
4106,i'm trying to decide what i wanna do in life..and after niamh's entry..i'm even more frustrated.,Everyday Decision Making,6,unknown
4107,I'm trying to finish a load now and it's just not working out.,Work,1,work
4108,I'm upset with the thought of moving on.,Emotional Turmoil,6,unknown
4109,I'm very bored... and I'm already getting anxious about my new job.,Work,1,work
4110,I'm very nervous about the project and I need to just get it over with.,School,1,work
4111,I'm very stressed in general about life.,Everyday Decision Making,6,unknown
4112,"I'm way behind, the last 2 days have been kind of crazy, I'm trying to get stuff back in order.",Everyday Decision Making,6,unknown
4113,I'm whiney right now and I'm sure its not going to get better when I get to work.,Work,1,work
4114,In other news I am highly frustrated with my tour guide job.,Work,1,work
4115,Invariably of late it seems that being myself has caused problems and hurt feelings.,Emotional Turmoil,6,unknown
4116,It exhausts me when that's all I seem to deal with lately.,Other,6,unknown
4117,"It has been so hard to live upto my own expectations, so now i will take a fall.",Emotional Turmoil,6,unknown
4118,It is a tumultuous time for my family right now,Family Issues,2,family
4119,"It is becoming very difficult to maintain contact, though; as they sign off before I can message them....",Social Relationships,4,friends
4120,it is extremely frustrating being stuck at my current place of employment until i find something else.,Work,1,work
4121,It is sad to think a new week is coming up and there are new things to worry about!,Everyday Decision Making,6,unknown
4122,it kinda upsets me. just going over everything that sucked during my day.,Other,6,unknown
4123,"It made me worry about her, and I also had a tendency to second-guess myself...without an editor, things were difficult.",Work,1,work
4124,It seems like everything I've worked for lately is just falling apart.,Everyday Decision Making,6,unknown
4125,It seems like my whole life is falling apart ... again ... and I need to get shit straightened out.,Emotional Turmoil,6,unknown
4126,"It seems that I've lost the will to do anything lately, and that scares me.",Emotional Turmoil,6,unknown
4127,"It starts where I have to work, and I didn't like that idea.",Work,1,work
4128,It was stressful UP TO THE LAST MINUTE (with getting it printed and whatnot). .,Other,6,unknown
4129,It was tough and I'm scared to get my grade back.,School,1,work
4130,It's going to really bother me until I get another job.,Work,1,work
4131,"It's ""I messed things up, and am having a difficult year starting to put things together.""",Other,6,unknown
4132,It's a good kind of busy except I've been bringing work home and I think it's hurting my relationship. Craps!,Social Relationships,4,friends
4133,It's been hell just trying to get a ride to work... ...and I'm not feeling 100% to boot.,Work,1,work
4134,"It's been oh-so hectic lately.. so much to do, so much to plan.. plus work, and I'm sick..",Work,1,work
4135,it's getting reallyt hard to keep this chin up day after day after fucked up day.,Emotional Turmoil,6,unknown
4136,"It's hard though, I'm going through withdrawl already.","Health, Fatigue, or Physical Pain",3,health
4137,Its just every day it seems i curse myself for wanting to be something that is so difficult.,Everyday Decision Making,6,unknown
4138,It's just gotten to the point where I can't live there anymore because of the stress it's causing me.,Emotional Turmoil,6,unknown
4139,it's just i feel school is being too hard on me.,School,1,work
4140,It's just that I stressed out if I couldn't fix them.,Other,6,unknown
4141,its like lately it's been hitting me pritty hard that they are gone and it sucks!,Social Relationships,4,friends
4142,it's like life doesn't stay good for long with me.,Other,6,unknown
4143,"It's nearing the end, so I'm becoming really anxious.",Other,6,unknown
4144,its not looking too easy right now with all the crap that i need to do to actualy graduate.,School,1,work
4145,it's really hard for me to write now since i'm so tired... i had a meet today.,Work,1,work
4146,"Its really hard to balance out my time, and my friends.",Social Relationships,4,friends
4147,It's the routine after I get home that I have issues with.,Other,6,unknown
4148,It's tough living with my parents again.,Family Issues,2,family
4149,"I've become so apathetic with my work lately, it's kind of scary.",Work,1,work
4151,I've been being extremely bad in that department lately...and I've stalled..imagine that! ;),Other,6,unknown
4152,"I've been bummed out lately at work, mostly by my own inability to get motivated and self-manage.",Work,1,work
4153,I've been cutting back on rping and stuff because rl is getting stressful.,Other,6,unknown
4154,I've been doubting myself and my decision to come here like mad this week.,Emotional Turmoil,6,unknown
4155,I've been feeling really self consious about myself lately.,Emotional Turmoil,6,unknown
4156,I've been feeling so overwhelmed and insecure lately that I wonder whether it isn't better to just start over.,Emotional Turmoil,6,unknown
4157,ive been getting too stressed lately and i feel like im just gonna lose it.,Emotional Turmoil,6,unknown
4158,i've been having a serious upon serious case of artist's block lately and i most definately do NOT like it.,Work,1,work
4159,I've been having trouble concentrating on work lately.,Work,1,work
4160,I've been missing too much work.,Work,1,work
4161,I've been neglecting my schoolwork too much.,School,1,work
4162,i've been pretty busy lately and it sucks bacause i can never remember what i've been doing.,Everyday Decision Making,6,unknown
4163,I've been pretty frustrated with myself lately... in a lot of ways.,Emotional Turmoil,6,unknown
4164,I've been really stressed and cranky and mood-swingy lately just trying to get things figured out.,Emotional Turmoil,6,unknown
4165,"I've been really stressed out lately, if you haven't noticed. =/",Emotional Turmoil,6,unknown
4166,I've been shaking from making an awful decision.,Everyday Decision Making,6,unknown
4167,ive been so bored lately and i need people to entertain me.,Other,6,unknown
4168,i've been so busy trying to get my life together that i forgot to take care of myself emotionally.,Emotional Turmoil,6,unknown
4169,I've been sort of frustrated at work lately.,Work,1,work
4170,I've been stressed out lately though because I live in the house of transition and co-worker stress.,Work,1,work
4171,I've been stressed to the near breaking point over this move.,Everyday Decision Making,6,unknown
4172,I've been stressing over so much lately that I finally lost it.,Emotional Turmoil,6,unknown
4173,I've been terrible about keeping this updated since coming back to PA.,Other,6,unknown
4174,I've been trying to keep my head up saying that the past few days just weren't good.,Emotional Turmoil,6,unknown
4175,I've been upset over that...my life is LITERALLY ....,Emotional Turmoil,6,unknown
4176,I've been very bad lately about leaving work early.,Work,1,work
4177,"I've been very busy lately? I dunno, I just didn't feel like typing...",Everyday Decision Making,6,unknown
4178,ive been very confused about everything lately in my life and what ive wanted and what i need.,Emotional Turmoil,6,unknown
4179,I've been worried sick about having to deal with one or both of those situations on top of everything else.,Everyday Decision Making,6,unknown
4180,I've felt like I'm just going through the motions of life and it's just not good enough.,Emotional Turmoil,6,unknown
4181,"I've had some sort of expressive block lately, and I don't like it!",Emotional Turmoil,6,unknown
4182,"I've just been doing a lot of thinking lately, and that's never good.","Health, Fatigue, or Physical Pain",3,health
4183,i've lost a lot of important things that i can't redo and it sucks royally.,Other,6,unknown
4184,"I've spent the last couple of days second guessing myself, and beating myself up about making that decision.",Everyday Decision Making,6,unknown
4185,Just gonna be some long days of classes i'm not used to.,School,1,work
4186,Just kind of blah. I have to work tonight and for some reason kind of stressed about it.,Work,1,work
4187,Kinda brings my mood down... which isn't good... cause I'm already stressed out over school and trip.,School,1,work
4188,kinda got in trouble with work...,Work,1,work
4191,"Lately I feel like I'm running out of time, and it's really starting to bother me.",Other,6,unknown
4192,Lately I have just been worried about choosing a job.,Work,1,work
4193,"Lately it all seems to be going wrong, oddly enough since I last moved.",Other,6,unknown
4194,Lately I've been feeling like I'm losing touch with myself and the people I love.,Social Relationships,4,friends
4195,Lately I've been frustrated by the day job.,Work,1,work
4196,Lately My parents have been really nagging me.,Family Issues,2,family
4197,Lately theres been so much going on I feel like I've lost who I am.,Emotional Turmoil,6,unknown
4198,Lately work has been really upsetting me.,Work,1,work
4199,"Lately, again hopefully caused by my period, I have been feeling unloved.",Emotional Turmoil,6,unknown
4200,"Lately, some things have been bothering me and when i think about them they get me so down.",Emotional Turmoil,6,unknown
4201,Latley i have been pretty scared about life and where i will end up and stuff.,Emotional Turmoil,6,unknown
4202,"Lay offs are being talked about again, and , of course, I'm antsy about it.",Work,1,work
4203,let the games begin... already i'm stressed about everything i have to do.,Other,6,unknown
4204,Let's just say that the director and I are struggling to work together.,Work,1,work
4205,Life has been a series of expectations and disappointments for me recently.,Other,6,unknown
4206,"Like really, the time that we actually TRY to get together, stuff seriously goes wrong.",Emotional Turmoil,6,unknown
4207,Living Reseda makes me increasingly uncomfortable every time something like this happens.,Other,6,unknown
4208,"LOL Anyhow, it's annoying me and I am tired and Jeff could be wandering in at any moment from work.",Social Relationships,4,friends
4209,longwood is making it especially hard for me to graduate on time.,School,1,work
4210,Major shit is going down between my parents and me currently.,Family Issues,2,family
4211,Makes me weary for the day they inevitably run out of ways to raise the level.,Other,6,unknown
4212,man i must have been really tired becuase i dont see how my spelling could be understood.,"Health, Fatigue, or Physical Pain",3,health
4213,maybe that's why i'm having so much trouble quitting...,Work,1,work
4214,midly dissatisfied with where i am at in my life.,Emotional Turmoil,6,unknown
4215,mom is still mad for some reason.. haven't talk to my friends in awhile.. i have to work.,Family Issues,2,family
4216,money has become such an issue of worry for me (and my parents as well).,Financial Problem,5,finance
4217,My allergies have been going haywire....I've been working alot lately....,"Health, Fatigue, or Physical Pain",3,health
4218,My biggest source of ire is just struggling to remember things.,Other,6,unknown
4219,my classes are going to suck since im registering so late.,School,1,work
4220,"My classes are messed up entirely, and I'm not sure what is going to happen with my classes or me.",School,1,work
4221,My control has been shite over the past couple days. I need to do *something* today to get myself back.,Emotional Turmoil,6,unknown
4222,"my emotions are so up and down lately, i dunno what im gonna do.",Emotional Turmoil,6,unknown
4223,My Ex has been bugging me lately and I was upset...,Social Relationships,4,friends
4224,My family had started arriving and things were getting hectic and out of control.,Family Issues,2,family
4225,My family stresses me out lately and I am a bit of a bitch.,Family Issues,2,family
4227,My focus and concentration at work has just sucked lately.,Work,1,work
4228,My friend situation has been killing me lately.,Social Relationships,4,friends
4229,My friends worry about me; I don't look like myself.,Social Relationships,4,friends
4230,my head hurts & i think i need a day off from school.,School,1,work
4231,my head hurts. now i have to go to work.,"Health, Fatigue, or Physical Pain",3,health
4232,My job has really screwed with me.,Work,1,work
4233,"My job really blows, so I'm looking for a new one....not really working out for me right now.",Work,1,work
4234,My life is getting to be so redundant.,Everyday Decision Making,6,unknown
4235,My life is kind of jumbled and confused and there are some lose ends I need to work out....,Emotional Turmoil,6,unknown
4236,My life is orbiting around things I have no control over and I'm about to crash hard into something.,Emotional Turmoil,6,unknown
4237,My main report is that I just feel so confused lately.,Emotional Turmoil,6,unknown
4238,My money is now a issue and possible being screwed over like my parents are.,Financial Problem,5,finance
4239,My new job is killing me.,Work,1,work
4240,My parents are being all wierd lately.,Family Issues,2,family
4241,My personal goals have changed so much that I've kinda lost track of everything.,Everyday Decision Making,6,unknown
4242,My schedule is all hard classes and I'm not sure how it's going to play out.,School,1,work
4243,My schedule next semester sucks.,School,1,work
4244,My school work is starting to get bad again.,School,1,work
4245,my social life seems to eb failing me lately.,Social Relationships,4,friends
4246,My stepdad seems to have a problem with EVERYTHING I do these days.,Family Issues,2,family
4247,My work for Monday sucks.,Work,1,work
4248,"My work has been treating me awful lately, and it seems like when I'm there- I'm simply wasting my time.",Work,1,work
4249,my work has just really been putting me in a not so happy place.,Work,1,work
4250,"Needless to say, things are about to get hectic for me.",Other,6,unknown
4251,No wonder like I feel like I'm struggling with my identity lately...,Emotional Turmoil,6,unknown
4252,Not sure how to fix that... Definitely feeling like there's something missing from my life.,Emotional Turmoil,6,unknown
4253,"Not to start off sounding bitter, but work really sucks lately and I'm currently trying to find another job.",Work,1,work
4255,"Of course, after I got home, something set me off and I got really depressed.",Emotional Turmoil,6,unknown
4256,"Of course, I bitched about my situation and how difficult it really was getting to further my education.",School,1,work
4257,oh well...maybe next time (I hope)...things have been real shitty lately...I cant get things of my mind...,Other,6,unknown
4258,Ok everytime I try to write something on this thing I get really tired... anybody know why?,Other,6,unknown
4259,Ok I don't know why I even started updating cuz I'm to tired to type.,Other,6,unknown
4260,ok well lately ive been struggling to keep up with my life and responsibilities...... well finally i cracked.,Everyday Decision Making,6,unknown
4261,"Ok, for those of you that don't know, I've been having trouble with a part of my job...",Work,1,work
4262,"Okay, I've been thinking a lot today which is probably bad.",Other,6,unknown
4263,"Okay, I've been wrestling with myself about whether or not to start posting this, as it's another work in progress.",Everyday Decision Making,6,unknown
4264,"on the subject of not affording things, it has been PAINFULLY sloooooow at work.",Other,6,unknown
4265,"On top of that, I'm really depressed feeling/stressed over work and finding a new job.",Work,1,work
4266,once again i'm gonna go on ranting that i have not enough time and theres just so much to do.,Everyday Decision Making,6,unknown
4267,once i think abt the time we had in rg my heart aches.,Emotional Turmoil,6,unknown
4268,One of the things I was most worried about was losing friends,Social Relationships,4,friends
4269,OSAP complications are stressing me out.,Work,1,work
4270,"Oy, I looked at courses for this year and such and am now all stressy.",School,1,work
4271,People have been giving me a hard time lately about my lifestyle... I understand they are just concerned..and thats ok.,Social Relationships,4,friends
4272,I'm all stressed about traveling up there and getting back in time for classes.,School,1,work
4273,"I have been scheduling my GRE, which I am kind of (alot actually) nervous about.",School,1,work
4274,"Pretty much I guess, I was finding it hard getting past all the ra-ra you'd put me through.",Other,6,unknown
4275,"Problem is, I'm now off my game and, worse, having trouble expressing myself to clients.",Work,1,work
4276,randy said that i'm miserable and i need to get a job.,Work,1,work
4277,"Right now, I'm just so stressed about preparations and nervous about how things will be when I get there.",Other,6,unknown
4278,scheduling is stressing me out more than normal this semester.,School,1,work
4279,"School has become a chore- a constant assignment and headache, that I suffer through and try to forget.",School,1,work
4280,school is almost over and i don't know how to handle everything i need to.,School,1,work
4281,school is angering me lately.,School,1,work
4282,school started and now i don't like it.,School,1,work
4283,schools almost over and it scares me.,School,1,work
4284,"Schools almost over, and I'm conflicted about how I feel about that.",School,1,work
4285,school's stressing me out.,School,1,work
4286,"Sigh... but I've been making things hard for myself, recently.",Other,6,unknown
4287,"Since the last time I made a post, life has been extremely challenging.",Everyday Decision Making,6,unknown
4288,"since then, i have dreaded going to work.",Work,1,work
4289,So far my compy has been giving me problems.,Work,1,work
4290,"So I became bitter, wondering WHY my life couldn't just mend itself whenever necssary.",Everyday Decision Making,6,unknown
4291,"So I have to go to work, and I'm really nervous",Work,1,work
4292,"So I have to write it today, and I'm really not in the mood.",Emotional Turmoil,6,unknown
4293,so i'm a bit worried about next semester's schedule.,School,1,work
4294,So I'm frustrated and it takes me back to the drawing board of not really being sure what to do.,Everyday Decision Making,6,unknown
4295,So its seriously time to register for GRE and everything and I realized...I can't afford it.,Financial Problem,5,finance
4296,"so many things have been bothering me lately, and i feel like i am about ready to have a breakdown.",Emotional Turmoil,6,unknown
4297,So much has been going wrong for me lately its time I make things right.,Other,6,unknown
4298,so upset i didn't get to..yeah...today cuz many plans fell thru.,Everyday Decision Making,6,unknown
4299,"So, I've been kind of upset with myself with the way I've been running my life.",Emotional Turmoil,6,unknown
4300,some thoughts from today (wed): 1) how difficult it is for me to work around other people's schedules.,Work,1,work
4301,"Something's gotta give here, it's like I'm scared stiff of work, or something.",Work,1,work
4302,something's just not right....i've got a bad feeling about the next few days.,Emotional Turmoil,6,unknown
4303,"Sometimes I still get frustrated, because I feel like I am getting ditched a lot.",Social Relationships,4,friends
4304,"Sorry I get all depressed on yall so much lately, there has been alot happening.",Emotional Turmoil,6,unknown
4305,"Sorry my entries have been long and depressing lately, but what can you expect?",Emotional Turmoil,6,unknown
4306,"Still, I've been frustrated lately by people that try to force it.",Social Relationships,4,friends
4307,Take into consideration my exhausting semester... but I'm still worried.,School,1,work
4308,That situation with work has gotten more complicated. I now have to go back in for a 're-interview'.,Work,1,work
4309,That's an issue I'm having an extremely difficult time grasping...having a job that doesn't make me happy.,Work,1,work
4310,thats such a weight off marys shoulders cause shes been stressed about how to tell him and when.,Social Relationships,4,friends
4311,That's why I felt so sad because I'm not keeping up with my daily readings.,School,1,work
4312,The adjustment with school and work have been making me insane.,School,1,work
4313,The days following my rejection from Re-Creation things have been weird bewteen Baney and myself.,Social Relationships,4,friends
4314,"The end of the semester projects are starting to pile up, and I can sense myself becoming stressed.",School,1,work
4316,the following are the things that i'm currently stressed about: a) screwing up this week's vacation.,Other,6,unknown
4317,"The next part, the travel-and-exposit part, was really giving me trouble.",Everyday Decision Making,6,unknown
4318,"The problem is, I've missed some of the classes so much (Soc. and World Hist.)",School,1,work
4319,"the roommates are getting fed up with it, and i got what felt like an ultimatum today.",Social Relationships,4,friends
4320,the thing is i'm insanely nervous about the course work.,School,1,work
4321,The times my classes take palce as well is really messed up.,School,1,work
4322,what is my problem? I'm getting sick of my routines lately.,Everyday Decision Making,6,unknown
4323,when i got home i got all stressed out again.,Family Issues,2,family
4325,"right after work, I got all upset again.",Work,1,work
4326,"There seems to be a lot of that going around lately, and I am getting so sick of it.",Other,6,unknown
4327,There will be questions I have no answers to and it seems to be the story of my life lately.,Everyday Decision Making,6,unknown
4328,theres alot going on lately and im kind of stressed.,Everyday Decision Making,6,unknown
4329,"There's always some reason to feel not good enough, and it's hard, at the end of the day.",Emotional Turmoil,6,unknown
4330,They just get frustrated when they have to deal with so much and they dont think they're getting much back.,Everyday Decision Making,6,unknown
4331,They're startin' to get annoyed with me... and now I gotta tell 'em I can't make next week... shit.,Social Relationships,4,friends
4332,Things are weird in my life and I just feel that im being left behind.,Other,6,unknown
4333,things had started to get really stressful and i cant afford to live there anymore anyway.,Financial Problem,5,finance
4334,"Things have been getting so hectic lately, i have to give up a role.",Everyday Decision Making,6,unknown
4335,things have changed alot and i think we have been growing apart and i dont really like it,Social Relationships,4,friends
4336,Things with my family have been insane lately.,Family Issues,2,family
4337,"Thinking some, and realized that Im gonna have a hard time working with my whole situation going on.",Work,1,work
4338,this course selection made me stressed.,School,1,work
4339,this is gonna be so hard today...everytime i start to even think about it my stomach turns.,"Health, Fatigue, or Physical Pain",3,health
4340,This is when I become very weary and desperate about my future.,Emotional Turmoil,6,unknown
4341,This stupid internship is making things very hard for me.,Work,1,work
4342,This time is really hard on her with my dad being gone now.,Family Issues,2,family
4343,Today at work was taxing on my nerves.,Work,1,work
4344,Today has been very taxing for me.,"Health, Fatigue, or Physical Pain",3,health
4345,"Today I finally have to go back and work, and I am not happy about that idea.",Work,1,work
4346,"Today, however, I started thinking about it and I don't like it.",Everyday Decision Making,6,unknown
4347,"Today, I'm sick an tired of looking for ways to get money.",Financial Problem,5,finance
4348,Today's weird. I think I've just been in kind of a rut lately.,Other,6,unknown
4349,Trying to get my schedule right for next year has been hell.,School,1,work
4350,U know it's not a good thing when i'm bored because then i start questioning everything in life.,Emotional Turmoil,6,unknown
4351,"Ummm... once again, livejournaling has become a chore, and I feel that I haven't quite captured the essence of today.",Other,6,unknown
4352,"Until I get to the new place, I always feel such a sense of loss.",Emotional Turmoil,6,unknown
4353,Very nervous about going back to work.,Work,1,work
4354,"we aren't really on speaking terms as of late, and its posing to be quite a problem for me.",Social Relationships,4,friends
4355,We get to depend on them so much that when they cease to work we dont know what to do!,Everyday Decision Making,6,unknown
4356,"We had follies rehearsal today, and needless to say, im a bit frustrated.",Other,6,unknown
4358,"we worked on stalled today as well. and yet, i still feel confused and diluted.",Emotional Turmoil,6,unknown
4359,Well damn... after that last entry I'm begining to worry myself!,Emotional Turmoil,6,unknown
4360,Well I have been having some really hard times at work as of late.,Work,1,work
4362,Well its been awhile so ill update ya on things that have been going on -work sucks right now.,Work,1,work
4363,well uhm....prolly be broken up with cause its so hard for me to do it.,Social Relationships,4,friends
4364,"Well, fer starters getting my shit straitened out for school is being a being a pain.",School,1,work
4365,"well, I need to figure out whats going on cause I'm pretty stressed out lately.",Emotional Turmoil,6,unknown
4366,"well, unfortunately, some hard times came upon my family...",Family Issues,2,family
4367,"what makes me me, and what i should be doing with myself. because i don't feel very productive lately",Emotional Turmoil,6,unknown
4368,"whatever, ive been so stressed about projects.",School,1,work
4369,"When commitment is already made, and prioritiys crash, leaving us bothin in a state of confusion.",Emotional Turmoil,6,unknown
4370,"When I'm all depressed about shit in my life, THIS has to happen.",Emotional Turmoil,6,unknown
4372,"Which I've apparently very nearly missed due to my screwed up mids schedule, is this week.",Other,6,unknown
4373,"While I on my way to my new flat,I started to feel even worse.",Other,6,unknown
4374,"With the stress you gove me, along with school and a baby, I don't think I can do it.",School,1,work
4375,Work and things just have me stressed out I guess!,Work,1,work
4376,Work has actually been pissing me off lately.,Work,1,work
4377,Work has been so exhausting for me lately.,Work,1,work
4378,work has just been crazy lately.,Work,1,work
4379,work is going to wear me out.,Work,1,work
4380,Work sucks and the new people are getting on my nerves... especally when they don't show up.,Work,1,work
4381,Work was going quite badly for me.,Work,1,work
4382,"work was hectic for some reason, barb was out again.",Work,1,work
4383,Working on my resume has gotten me so frustrated.,Work,1,work
4384,"Wow, it seems almost every day I find yet another reason to absolutely loathe my current residence.",Everyday Decision Making,6,unknown
4385,Yeah. + I've been really paranoid about how I talk lately.,Other,6,unknown
4386,Yes I do have immense fears of not succeeding in my courses.,School,1,work
4387,Yet another day I felt like having a breakdown at various points in the day...and I hate it.,Emotional Turmoil,6,unknown
4388,"Life is really busy lately and you know, there just isn't enough time in the world to do everything i want!",Everyday Decision Making,6,unknown
4389,I dread dinner becuase i am forced to eat it and it bothers me a lot.,"Health, Fatigue, or Physical Pain",3,health
4390,"Well, eventually it was time for dinner, but I couldn't eat.",Emotional Turmoil,6,unknown
4391,"This has led to some extreme food bills, as I take it upon myself to eat out whenever I get hungry.",Financial Problem,5,finance
4392,I have so much on my mind lately and I don't know what to do.,Emotional Turmoil,6,unknown
4393,it really sucks when someone you've really been wanting to talk to is busy and doesn't have time especially when you need them most,Emotional Turmoil,6,unknown
4395,So with all the stress and everything going on I worry a lot.,Other,6,unknown
4397,I'm hungry and of course there is nothing in this house to eat.,"Health, Fatigue, or Physical Pain",3,health
4398,"I have too much work to do, and too little time.",Work,1,work
4400,The problem comes when you are constantly thinking about it.,Other,6,unknown
4401,"I mean, I'm starving by this point and my brain is pissed at me and demands food if I refuse it sleep.","Health, Fatigue, or Physical Pain",3,health
4402,Obviously my practice is not strong enough to maintain a momentum.,Other,6,unknown
4403,actually my whole life is one of those hard to explain things. even to myself. lately,Other,6,unknown
4405,"It's so hectic, and I'm always so stressed.",Emotional Turmoil,6,unknown
4406,"Today was sooooo stressful, and I still feel like I could't get everything done if I tried. geuh.",Work,1,work
4407,It was like everything doesn't went smoothly and I screwed myself big time.Woke up in the morning and prepared for work.,Work,1,work
4408,i feel awful cause i dont know what to do. spend time with my mom or with matt cook.,Social Relationships,4,friends
4409,"im so stressed out, i just dont have time for extra work.",Work,1,work
4410,"On top of that, we're starting our house hunt, which is stressful for more reasons than I even have space to mention.",Financial Problem,5,finance
4411,Every serious attempt at dieting I've ever made has crashed and burned.,"Health, Fatigue, or Physical Pain",3,health
4413,I am so SICK of worrying about FOOD all the time.,"Health, Fatigue, or Physical Pain",3,health
4414,i dont think i could sit in this house all day doing nothing.,Other,6,unknown
4415,jeepney rides always mean grilling my head for a possible story.,Other,6,unknown
4416,With all the thoughts that run through my head everyday I just can't sort out my feelings on everything.,Emotional Turmoil,6,unknown
4417,"I've taken time to do a lot of thinking, and a lot of things have changed in my mind. I think it's for the better, but we'll see.",Emotional Turmoil,6,unknown
4418,"unfortunately, I have to go to work today and won't be able to watch it!",Other,6,unknown
4419,"i've just been so busy lately, i'm not even updating this from my house.",Other,6,unknown
4420,I've been planning on cleaning but then stupid stuff like getting my car fixed happens and I'm never there.,Everyday Decision Making,6,unknown
4421,"Please, nobody talk to me about labyrinth camp because I am extremely busy right now as well as stressed out.",Everyday Decision Making,6,unknown
4422,Three tests next week and I am stressing out like crazy.,School,1,work
4423,I am pretty upset about my Thanksgiving plans that keep getting jumbled!,Other,6,unknown
4424,Everything that whole day was like serious and stressful and REAL.,Other,6,unknown
4426,The problem I have with cooking breakfast is that I always seem to burn it.,Everyday Decision Making,6,unknown
4427,"Every day is a challenge, there were no easy days.",Other,6,unknown
4428,"We all have such contrasting schedules, it's kind of hard to find time to practice.",Social Relationships,4,friends
4429,i am already sick and tired of waking up in the morning.,Other,6,unknown
4430,This house doesn't shield me from the world's pain that I believe I feel everyday.,Emotional Turmoil,6,unknown
4431,"It's just too much work to do all that twice a day, or every day even.",Work,1,work
4433,i have too much to do this week and not enough time to do it all.,Everyday Decision Making,6,unknown
4434,"There is so much to do at work, I don't have enough time it seems.",Work,1,work
4435,The daily ups and downs.,Everyday Decision Making,6,unknown
4436,i need to do laundry and i'm not going home this weekend.,Other,6,unknown
4437,"busy crappy days, ya kno. so many things to do, so little time, so little sleep.",Everyday Decision Making,6,unknown
4438,that's actually really stressful cuz that's a lot of work i keep puting off!,Work,1,work
4439,An trying to figure out dinner ideas when your this exhasted and don't want to eat sucks.,"Health, Fatigue, or Physical Pain",3,health
4440,i need to go make a list and start cleaning my hopelessly messy room!,Everyday Decision Making,6,unknown
4441,i spend alot of my time at work worrying about kids like this.,Emotional Turmoil,6,unknown
4442,That was not fun and I am quite glad to have Monday over with.,Emotional Turmoil,6,unknown
4443,everyone is trying to survive on getting more hours.,Work,1,work
4444,"As often happens when I'm upset, I began cleaning my room with a desperate look in my eye.",Everyday Decision Making,6,unknown
4445,I have been having to make a lot of decisions recently and it sucks.,Everyday Decision Making,6,unknown
4446,"It's so odd, driving on my way to work everything that seemed to be so pain staking and huge became frivolous.",Work,1,work
4447,It does become tiresome and we've a long day of work ahead of us,Work,1,work
4449,"So, the mandatory Christmas luncheon at work looms before me and I fear what may come to pass.",Work,1,work
4450,"Of course, any actual productivity is hindered by my perpetual lack of energy and motivation.",Emotional Turmoil,6,unknown
4451,"Everyday that passes by, it gets more and more tough.",Emotional Turmoil,6,unknown
4452,Im nervous about starting work Wednsday.,Work,1,work
4453,"I know that there is a lot going on with the whole house situation, but he seems hard core stressed.",Other,6,unknown
4454,With so many lay off's everybody worried about their jobs.,Work,1,work
4455,we couldnt even sit through dinner without them fighting.,Social Relationships,4,friends
4456,"Its been on my mind a lot today, the suspense is killing me.",Emotional Turmoil,6,unknown
4459,I can't do everything I have lined up on my plate?,Other,6,unknown
4460,"So when that machine has problems, as now, work is impossible.",Work,1,work
4461,"I'm especially conflicted at this point because I don't where to go with my life, especially job related.",Work,1,work
4462,I got into a very irritable mood yesterday.,Emotional Turmoil,6,unknown
4463,The constant milling over this subject has really got to end soon.,Other,6,unknown
4464,"With all the crap I have to deal with at home and work and school, carrying these issues on my shoulder isnt the most comforting thing.",School,1,work
4465,"No more than three hours after finally picking something to major in I'm already getting shit about it. """,School,1,work
4466,It was embarrassing to drive and I was constantly worried about getting a ticket.,Everyday Decision Making,6,unknown
4467,"grandpa took us out to dinner, it was hard.",Family Issues,2,family
4468,Like.. I feel like I absolutely cannot relax if there's something that needs to be done around the house.,Everyday Decision Making,6,unknown
4469,"People came, cooked, ate and left and we still hadn't got ourselves organised.",Other,6,unknown
4470,TOO much work loads and no appetite to eat my dinner at all.,Work,1,work
4471,I seriusly have nothing to eat and I'm too lazy and broke to go out and get something. maybe for dinner.,Financial Problem,5,finance
4472,I got too much shit on my mind and none of the usual way to relieve the stress is working.,Emotional Turmoil,6,unknown
4473,i feel so trapped in my house even though im usually here most of the time.,Emotional Turmoil,6,unknown
4474,Their schedules lately had made it hard for them to get even this small amount of time together.,Other,6,unknown
4475,I just have a hard time letting everyone know what's going on in my life.,Social Relationships,4,friends
4476,"seriously, I look back on the things I HAVE to accomplish each day, and it's insane!",Everyday Decision Making,6,unknown
4477,Same stress and hecticness as always.,Everyday Decision Making,6,unknown
4478,It is so hard to handle all the problems and the situations through my life.,Everyday Decision Making,6,unknown
4479,That's what happens everytime I get stressed.,Other,6,unknown
4480,"Morning sickness, weird food cravings, wired up emotions.","Health, Fatigue, or Physical Pain",3,health
4481,I've been working too much and not spending enough time with my friends.,Work,1,work
4482,Work just is way too time consuming.,Work,1,work
4484,For some reason whenever I start working on this school stuff and looking for an apartment I get in a pissed off mood.,School,1,work
4485,Life is ridiculously crowding me and finding time to eat has even become difficult.,Emotional Turmoil,6,unknown
4486,i realized that i really have no self control when it comes to me finishing food.,"Health, Fatigue, or Physical Pain",3,health
4487,"No matter how hard I try, I just can't get enough time in the day to do everything.",Everyday Decision Making,6,unknown
4489,"Currently, my schedule is really hectic for me.",Everyday Decision Making,6,unknown
4490,"Dinner At The Money Table I've got a day and a reason, Why I should not believe in..anything, anymore.",Emotional Turmoil,6,unknown
4491,"Everything is changing, nothing is stable, nothing makes sense, and I have way Too Much To Do, all the time. AND",Emotional Turmoil,6,unknown
4492,"well, i have to take a shower and then freeze when i get out because it's like in the 'teens outside and really super cold in my house.",Everyday Decision Making,6,unknown
4493,"Either way, my bathroom is still freezing and I dread taking a shower.",Other,6,unknown
4494,There's just way too much on my mind these days and I'm having such a hard time adjusting to change and new situations.,Everyday Decision Making,6,unknown
4496,I can't decide what I want for dinner.,Everyday Decision Making,6,unknown
4497,"Well, this is my stress currently thats goin through my mind every second of everyday sooo far.",Emotional Turmoil,6,unknown
4498,since i have so many things wrong with my computer i cant even get to it.,Other,6,unknown
4499,"decisions, decisions! off to do laundry and clean for a bit, my house is a mess since we had to move things around to put in the flooring.",Everyday Decision Making,6,unknown
4500,i'm cleaning out my closet of a lot of shit that's accumulated over the years and i've lost all amor for.,Other,6,unknown
4501,my contracting journey has been quite stressful.,Work,1,work
4502,its so hard for me to eat or even drink.,"Health, Fatigue, or Physical Pain",3,health
4503,"it sucks because i'm pretty much busy all the time from now on, argh.",Other,6,unknown
4504,"the rest of my day i've spent looking for apartments, all of which seem to be a bit pricey.",Other,6,unknown
4505,"As usual, changing that on checks will be the hardest part.",Other,6,unknown
4506,"Too intelligent to lay around the house all day, they become neurotic if left alone for long periods.",Other,6,unknown
4507,"It's emotionally stressful being sick for this long, not to mention that being stuck at home every day by yourself gets old real fast.","Health, Fatigue, or Physical Pain",3,health
4508,i couldnt handle having to go for hours and hours twice a week.,Other,6,unknown
4509,"Having trouble focusing today, its probably a bit of a problem, work is difficult to focus on with the lack of focus.",Work,1,work
4510,Another stressful factor for my everyday wear and tear.,Everyday Decision Making,6,unknown
4511,"So yeah, our schedules conflict so much, it's gonna be really hard finding time to see each other.",Social Relationships,4,friends
4512,This puts me two full weeks behind already and is a bit stressful.,Other,6,unknown
4513,"I simply don't know how I feel about everything that's happening in my life, making it hard to rationalize and internalize everything.",Emotional Turmoil,6,unknown
4515,I am massively frustrated with just about every aspect of my life from family to school to boys to friends to work to you name it basically.,School,1,work
4516,A lot of shit has happened to me since. I still haven't gotten my car fixed.,Other,6,unknown
4517,I am really stressed about moving and starting my new job.,Work,1,work
4519,Daily grind seems to be getting at me.,Everyday Decision Making,6,unknown
4521,"I already knew I had a hard time making good food choices when I'm lonely or depressed, like skipping meals or eating too much at one meal.",Emotional Turmoil,6,unknown
4522,Work was hectic and crazy for the whole day.,Work,1,work
4523,I always get so darn stressed about things.,Emotional Turmoil,6,unknown
4524,"Lately, I've been feeling like my emotions conflict with my actions a lot.",Emotional Turmoil,6,unknown
4525,"pretty much for the past two weeks, i've been struggling with finding enough time for everything, and stressing out in the process.",Emotional Turmoil,6,unknown
4526,"Everyday is a struggle between what I want to say, and what I should keep to myself.",Social Relationships,4,friends
4527,"It makes me sad that I have to focus and try really hard to finish a meal, and usually I can't even do that.","Health, Fatigue, or Physical Pain",3,health
4528,We had to pack up everything in our living room because we had carpet cleaners coming.,Everyday Decision Making,6,unknown
4529,It has been a very hard week. I have had to admit to my own problems and I have had to set boundaries with my family.,Family Issues,2,family
4530,"He was waiting to meet with Gerard for their weekly 'check up' in the coffee shop, though he was late and Frank had already downed two cups.",Social Relationships,4,friends
4531,Even a phone call away its still crazy to think of all the changes life constantly and consistantly throws at you.,Everyday Decision Making,6,unknown
4532,It's been exhausting trying to maintain a normal day when your mind is consumed with one thought.,Emotional Turmoil,6,unknown
4533,"I've been dragging around the house all weekend, muttering things like, ""Needs more tension.",Other,6,unknown
4534,"My hours prevent me from going at normal, after work, times.",Work,1,work
4535,the thought of food made me feel sick. lately,"Health, Fatigue, or Physical Pain",3,health
4536,I am stress about all the stuff going on in my life.,Other,6,unknown
4537,"Our daily lives can easily become filled with stress, pressure, and confusion.",Everyday Decision Making,6,unknown
4538,"I'm sorry that it freaks me out when I hear you are out to dinner with my mom and my mom only, and no one understands why.",Family Issues,2,family
4539,I worry about getting into college just about everyday now.,School,1,work
4540,"My car still hasn't been fixed, it really sucks.. I've really been missing how my life used to be .. yeah",Other,6,unknown
4541,"Its like, two weeks out of every month I get incredibly upset with life.",Emotional Turmoil,6,unknown
4542,"What and how am I going to do? Seriously, I can't foresee my future and I'm worrying every now and then.",Everyday Decision Making,6,unknown
4543,when i start to stress about work i eat.,Work,1,work
4544,im not gonna accomplish anything in my room all the time.,Other,6,unknown
4545,i think im just stressed out cuz of the all the things i have to do.,Everyday Decision Making,6,unknown
4546,"I've got lots of work, and no motivation to do it.",Work,1,work
4547,I get super stressed up when I can't meet deadlines.. and that happened alot.,Work,1,work
4548,im just getting more and more annoyed at the situation every day.,Everyday Decision Making,6,unknown
4549,"So its hard to take care of them all, since they work and fixing up their freshly built house.",Family Issues,2,family
4552,"now my laptop still isn't working properly, so I have to bring it BACK in, which is becoming a real bitch.",Other,6,unknown
4553,"I'm always having to do something, or I get home so late that all I have time for is dinner before going to bed.","Health, Fatigue, or Physical Pain",3,health
4555,Everyday life is usually too chaotic for you.,Everyday Decision Making,6,unknown
4557,"I've been trying to get ahold of the accountant for our old apartment to pay them, and no one will call me back.",Financial Problem,5,finance
4559,"It was half true, but really I had stuff to do at home that I never got to do because I was working so much.",Work,1,work
4560,Everyday it is harder and harder to wake up because I havent been able to fall into a routine.,Other,6,unknown
4561,"I've got a number of big decisions to make soon, as well as a lot of work that I need to get accomplished.",Everyday Decision Making,6,unknown
4564,I just find it difficult to be motivated about work that I either don't fully understand or just deem to be a waste of time.,Work,1,work
4565,everyday life is so exhausting that i can't control it. only to pick up,Everyday Decision Making,6,unknown
4566,"I really have a lot on my mind, but I can't seem to sort out my thoughts.",Emotional Turmoil,6,unknown
4567,with the encounter looming there was a lot of work to do.,Social Relationships,4,friends
4568,"hm, dinner with christopher the night before last was hard.",Social Relationships,4,friends
4569,work always has to come before relaxation,Work,1,work
4570,all it does is stress me out and i can't get my shit done on time.,School,1,work
4571,"they're holding the house for us to make a decision, which seems to be very difficult.",Other,6,unknown
4572,"I was stressed today, trying to get everything done.",Everyday Decision Making,6,unknown
4573,its hard when i see him every day and i feel like i would expect him to be too many things to me at once.,Social Relationships,4,friends
4574,I'm constantly worrying about what comes after my show closes.,Emotional Turmoil,6,unknown
4575,"iam going to be really busy, working all christmas week..b.l.a.h.",Work,1,work
4576,"Seems like I am pretty stressed lately, eh, I guess I just have a lot on my mind.",Emotional Turmoil,6,unknown
4577,so today i have no plans except for the nagging complaints from my mother that i haven't finished cleaning out my room yet.,Other,6,unknown
4578,its torture turning over everyday.,"Health, Fatigue, or Physical Pain",3,health
4579,Too much to get done too much to deal with.,Everyday Decision Making,6,unknown
4580,"Today I need to clean my room, it's an absolute mess, even by my standards.",Everyday Decision Making,6,unknown
4582,"Today is gonna be crazy, I have so much stuff to do.",Everyday Decision Making,6,unknown
4583,sooooo we went to collina's after having huge debates and fights over what to eat for dinner.,Other,6,unknown
4584,lol i need to start saving Then went to work which was the most boring day at work i have EVER experienced.,Other,6,unknown
4585,Apart of me I can't have a proper meal at work.,Work,1,work
4586,Today was such I stressed out day.,Everyday Decision Making,6,unknown
4587,"Holy cow, band camp is soon and I hate everything associated with it, except the food.",Other,6,unknown
4588,There's just not enough time in the day for me to get stuff done.,Everyday Decision Making,6,unknown
4589,"I was sooo frustrated. Because okay, it's stressful enough to be responsible for finding almost everything all week.",Everyday Decision Making,6,unknown
4591,Posting every day is hard.,Everyday Decision Making,6,unknown
4592,i've been thinking a lot lately and it seems to me that my priorities aren't in the right place.,Everyday Decision Making,6,unknown
4593,No idea what I'm going to cook for dinner.,Other,6,unknown
4594,Life is tough these days and we're all forced to be more serious than we should.,Other,6,unknown
4595,If I'm too busy to update then I always get a mental block when I return.,Other,6,unknown
4596,I just don't ever feel like it's worth getting up to lie around the house all day.,Everyday Decision Making,6,unknown
4597,"SO now I'm stressed as hell, trying to figure out what I'm going to do with the rest of my life.",Everyday Decision Making,6,unknown
4598,my life is starting to get really complicated again and it's beginning to stress me out.,Emotional Turmoil,6,unknown
4599,"given that i need to go home to fix my car get clothes and what not, i dont like being called last minute to be used as the driver.",Everyday Decision Making,6,unknown
4602,i wake up this morning. and my stomach ache is still around and its fucking horrible.,"Health, Fatigue, or Physical Pain",3,health
4604,My parents were driving me insane about their friggin hardwood floor in the living room.,Family Issues,2,family
4605,"I'm busy, and that usually means I don't have time to think.",Everyday Decision Making,6,unknown
4606,"I'm not sure if I'm just this unused to mornings now, or if the meatpuppet is upset about something.",Other,6,unknown
4607,I hate the Y. I always have to work soo much and I never have time to do anything.,Work,1,work
4608,whenever i get really upset or really excited i dont eat.,"Health, Fatigue, or Physical Pain",3,health
4609,I am having trouble lately motivating myself to do the things I have to.,Emotional Turmoil,6,unknown
4611,"I'm not following my ""Whatch what I Eat "" or ""Eat Healthy"" because I didn't Work Out today and Ive been eating a little bit of junk food.",Other,6,unknown
4613,Probably all the pressure at work and worrying about his job.,Work,1,work
4614,"I'm trying very hard not to spend money because I've been spending too much lately, which means eating up the food I already bought and not buying new stuff.",Financial Problem,5,finance
4615,Although I feel bad spending it all on food.,Financial Problem,5,finance
4616,I hate doing laundry since I work with clothes all day.,Work,1,work
4617,the roof was leaking all day at work my job is a life sucking horriblefest and i'm a loser for having been there so long.,Work,1,work
4619,"our friends don't come through, our finances are always wanting, and our appetite is never satisfied.",Financial Problem,5,finance
4620,the problem is my computer is all screwy and it won't let me update from home.,Other,6,unknown
4621,One of the problems with all of this is that we have to struggle with this every day.,Other,6,unknown
4622,"I have 3 months of intense study ahead of me ,I'm looking foward to it emensely.",School,1,work
4624,It seems like things always just shit on you whenever you do anything.,Everyday Decision Making,6,unknown
4625,how I have so much work to do and not enough time. Fuck.,Work,1,work
4627,"Is that allowed? I'm going to need all the hours just to get it to stick together properly, I can see that already.",Other,6,unknown
4628,"i had dinner with pat tonight, but i'll go into detail tomorrow since i'm tired now.",Social Relationships,4,friends
4630,"Not something I'm really looking forward to, but Gerry still hasn't called me back or responded to the emial I sent Wednesday, so whatever. I need money.",Financial Problem,5,finance
4631,It's frustrating when I come home and Brett can't fully understand the choas I go through at work.,Work,1,work
4632,I mean talk about feeling like shit everyday !,"Health, Fatigue, or Physical Pain",3,health
4633,there's no warm bath cause everyday's a cold shower.,Everyday Decision Making,6,unknown
4634,"Oh yeah, and then there is christmas shopping and all that stuff, thats always stressful.",Other,6,unknown
4635,It's because I have far too much work to do and not enough time to do it in.,Work,1,work
4636,i am easily overwhelmed and can't get a goddamn thing done. ya,Emotional Turmoil,6,unknown
4637,It's exhausting thinking every day that this is it.,Other,6,unknown
4639,i'm actually really stressed about finding an apartment because i have to be moved out by dec.,Other,6,unknown
4640,"Moving house, getting married and becoming self employed are scary things.",Social Relationships,4,friends
4641,"Most weekends, the biggest challenge comes with the decision whether to face ""undone"" stuff and a messy house or suffer a lack of true rest.",Other,6,unknown
4642,I'm trying not to go on every day.,Other,6,unknown
4643,Right now I've been sort of scrambling to get everything done on time.,Other,6,unknown
4644,"Schooling hours so long!? Ya, caused of this, I dreaded going home.",School,1,work
4646,Work has been stessful and other stuff has been even more stressful.,Work,1,work
4647,There are so many things I have to do and not enough time to do them.,Everyday Decision Making,6,unknown
4648,"With Christmas coming, everything's been hectic.",Everyday Decision Making,6,unknown
4649,I'm kind of worried about how I'm getting there every day.,Everyday Decision Making,6,unknown
4650,My schedule is really busy. as of right now,Everyday Decision Making,6,unknown
4651,Life is too much stress right now.,Emotional Turmoil,6,unknown
4652,"i've just been thinking about things a lot lately i guess, and it all scares me.",Other,6,unknown
4653,"The growing stress of day to day life is growing explicitly, especially regarding my newfound internship.",Work,1,work
4654,I can't stop feeling anxious and angry that I'm being told I can't do it one I reach my expiry date.,Emotional Turmoil,6,unknown
4655,i struggle with this daily.,Everyday Decision Making,6,unknown
4656,"I was constantly in debt, and still didn't have a car worth driving, or a job that would help any of this.",Financial Problem,5,finance
4657,The plates of food aren't nearly enough to make up for the fact that I have to deal with the family for a day.,Family Issues,2,family
4659,Seriously considering moving in with my friend coz the house situation is getting rather stressful.,Family Issues,2,family
4660,"Our stove is unuseable, so I don't know what to have for dinner.",Everyday Decision Making,6,unknown
4661,"I think because work isn't stressful enough for me, I have to create more of it here at home before I leave for vacation.",Work,1,work
4663,"I work hard, and I do exercises at home every day, but I still can't get my arm to go straight up.","Health, Fatigue, or Physical Pain",3,health
4664,That's the kind of thing that shoots through my mind while I have to make their food.,Other,6,unknown
4665,It seems like everyday just gets harder with out you by my side.,Social Relationships,4,friends
4666,Everytime I have to pick my classes I have major issues with finalizing anything.,School,1,work
4667,gettin this shit together has had me so stressed out lately.,Other,6,unknown
4669,A simple unwillingness to keep up with daily routine.,Everyday Decision Making,6,unknown
4670,"Went to Giant and spent money i didnt have but i didnt care, i needed some food.",Financial Problem,5,finance
4672,"I know my job is not what gives me value, but it's painful going to work every day and feeling like I haven't contributed to anything.",Work,1,work
4673,I've done NOTHING today mostly because there is so much to do here at the house and I have no clue where to start.,Everyday Decision Making,6,unknown
4674,I starting to feel a more or less stress over my assignments and it's kind of like I've completely no space for myself.,School,1,work
4675,We're getting a bunch of work lately and tis STRESSING ME OUT.,Work,1,work
4676,Seeing them talk about the house and where things would go made my day and reminded me why I am killing myself with this schedule this week.,Other,6,unknown
4677,i have a ton things i have to do to outside of class and that sucks.,Other,6,unknown
4678,Spending too much time at work and not enough time at home.,Work,1,work
4679,I can't handle not being organized or having a plan.,Everyday Decision Making,6,unknown
4680,you are so busy worrying about your daily lives that you do not care about the big picture.,Other,6,unknown
4683,i've been thinking about it a lot lately. just picking up and leaving next year for college. away.,School,1,work
4684,"oftentimes i have a lot of work I am doing and i am stressed just like Shane, i just do not say it out loud.",Work,1,work
4685,The usual stressor in my life.,Other,6,unknown
4686,everyday I feel like I have messed something up.,Everyday Decision Making,6,unknown
4687,work is pissing me off more and more everyday.,Work,1,work
4689,i am so stressed about so many things in my life right now.,Emotional Turmoil,6,unknown
4690,"When day passes by each day, I'm feeling the kick of dreading to work.",Work,1,work
4691,everyday is getting harder.,Everyday Decision Making,6,unknown
4692,"We have to move so much shit over to the new house, and my mom is becoming such a bitch.",Family Issues,2,family
4693,"I wasnt even sure about spending dinner with them friday, I think a sleepover is not my first choice of activities while there.",Social Relationships,4,friends
4695,The upkeep on the house is becoming too much for him and it's best to get into assisted living before you need nursing care.,"Health, Fatigue, or Physical Pain",3,health
4696,Needless to say I was very upset yesterday.,Emotional Turmoil,6,unknown
4697,My schedule at work always conflicted with things.,Work,1,work
4698,I know there is so much to do in this house but I just can't sit here and stare at these walls all day long.,Other,6,unknown
4699,"I've not been not eating because I've wanted to lose weight, and I still love awfully unhealthy food, I've just not felt like eating, if I've been hungry I've eaten.","Health, Fatigue, or Physical Pain",3,health
4700,Life has been so exhausting lately.,Everyday Decision Making,6,unknown
4701,I worry about you being cooped up in the house all the time.,Social Relationships,4,friends
4702,i need to work to buy equipt.,Work,1,work
4703,"I worked too much today, and got too stressed out today.",Work,1,work
4704,Suck part is Don is off today with me and i feel stressed already.,Social Relationships,4,friends
4705,Busy is putting of biological needs such as eating and pooing because of a lack of time to devote to them.,"Health, Fatigue, or Physical Pain",3,health
4706,its so busy now cause of christmas.,Work,1,work
4707,I find myself thinking on a day to day basis that it's not the good job or the comfortable stuff.,Work,1,work
4709,"i'm trying to get a grip on things, but when all of my life is a mess it's so damn hard.",Emotional Turmoil,6,unknown
4710,"I am super tired, and I am trying to convince George to cook supper.","Health, Fatigue, or Physical Pain",3,health
4711,Last nite when I was out with Ryan having dinner I kept thinking about how I feel out of place being here in SJ.,Emotional Turmoil,6,unknown
4712,"I suddenly find myself longing for the routine we had in Hawai'i, where our biggest concerns for the day were preparing, consuming and cleaning up meals.",Emotional Turmoil,6,unknown
4713,Hard day at work and kind of tiring.,Work,1,work
4714,"My family is going to Virgina for thanksgiving, and I cant go because I have to fucking work! Sooo..",Work,1,work
4715,"i have to clean my house, between work and this damn outfit, it's a fucking mess.",Everyday Decision Making,6,unknown
4717,"I had a lot of stress at home and school, with the added stress of work, and people that didn't take me seriously, it was just a bad year.",School,1,work
4718,"Like when I said ""I'm stressed, so I'm eating.",Emotional Turmoil,6,unknown
4719,i really dont kno what im going to eat for supper.,Everyday Decision Making,6,unknown
4721,It seems like just about everything in my life requires all this patience and I just don't have it.,Everyday Decision Making,6,unknown
4722,"I'm getting really frusterated with living at home, my family is driving me crazy.",Family Issues,2,family
4723,IM REALLY HUNGRY AND THERES NO FOOD LEFT IN MY HOUSE CAUSE I ATE JUST ABOUT UH..ALL OF IT?,Everyday Decision Making,6,unknown
4724,i've gotten really behind on keeping dishes washed.,Other,6,unknown
4725,i just had this huge projects due and i had to so a speech about it!!,School,1,work
4726,"I have too much to do at work, no interest in it, and not enough direction.",Work,1,work
4727,"other than i miss all my friends.. and my car's brakes really need to be fixed, I'm not really allowed to drive it right now..",Social Relationships,4,friends
4728,"Tony's cooking tonight, and he has absolutely no sense of taste.",Other,6,unknown
4729,I was extremely busy and I can't have lunch with my colleagues.,Work,1,work
4730,I've got so much work ahead of me its pretty scary.,Work,1,work
4731,They tend to keep me late at work so I miss dinner so I need to stock up in my room more!,Work,1,work
4732,i don't know how i am gonna do dinner tonight.,Everyday Decision Making,6,unknown
4733,It's hard to put into words the different emotions and thoughts that run through my head on a daily basis.,Emotional Turmoil,6,unknown
4734,everytime i think something is done with i find out there's another problem to have to deal with.,Everyday Decision Making,6,unknown
4735,"oh yes, I love to make dinner! but the part of my day that made me mad, is that I don't have a license. I feel horrible about it.",Other,6,unknown
4736,I spent an inordinate amount of time on trying to figure out what I want to do with the next three years of my life.,Emotional Turmoil,6,unknown
4737,"Me and Christine's room keeps getting emptier because we've been taking a lot of stuff home, which is sad.",Emotional Turmoil,6,unknown
4739,"I think it's most because of stress from work, because, beleive it or not, my job IS stressful.",Work,1,work
4740,"I get the feeling that no matter where I go next year for college, that I'll have to work my way through college.",School,1,work
4741,ONE WAY just to have dinner with a bunch of people I don't like and my mom and bro?,Social Relationships,4,friends
4743,a lot of stuff has been bothering me lately. one would be my work situation.,Work,1,work
4744,One of my struggles with my new independant lifestyle is making meals.,Everyday Decision Making,6,unknown
4745,I've been having such a hard time concentrating at work since Lauren died and now I've got more on my mind.,Work,1,work
4746,christmas is coming very fast at work and we're so busy all the time and we're still understaffed.,Work,1,work
4747,"This is hard, not being reciprocated and on a regular basis.",Social Relationships,4,friends
4748,You always have a million things to do and never enough time to do them.,Everyday Decision Making,6,unknown
4749,"I don't really like people, so shopping on one of the biggest shopping days of the year doesn't sound like very much fun to me.",Social Relationships,4,friends
4750,Dan started stressing me out about our apartment situation right in the middle of my project doing. DAN!!!!!!,Social Relationships,4,friends
4751,I feel like I exhaust myself every day with the immensely difficult effort I make not to cry.,Emotional Turmoil,6,unknown
4752,Well as i'm frantically trying to prepare my temporary fill in for work when i'm gone i'm realizing how much work I am going to have..,Work,1,work
4754,It wasn't enough that I'm already having difficulties eating meat.,"Health, Fatigue, or Physical Pain",3,health
4755,"My car does not understand ""right of way,"" and neither do my slowed reflexes after a tiresome day at work.",Other,6,unknown
4756,OK big problem with working today..,Work,1,work
4757,"Ecept on of the managers is always asking why I'm not eating and I always say something like ""I had a big breakfast"" or ""I'm going out after work"".",Other,6,unknown
4760,Im a little worried cause I still feel like I have a heap of things to do before I go tomorrow.,Everyday Decision Making,6,unknown
4761,All this talk about cleaning my room is getting me tired already.,Everyday Decision Making,6,unknown
4762,my room is messy and i have to do laundry before work. and,Everyday Decision Making,6,unknown
4763,I have to have dinner with the family tonight and that takes a LONG time.,Family Issues,2,family
4764,"Well, that and the fact that this will be over before I know it since time flies when you're really busy.",Everyday Decision Making,6,unknown
4765,"life in general, is emotionally difficult lately.",Emotional Turmoil,6,unknown
4766,I spent a lot of today being pretty stressed out.,Other,6,unknown
4767,"My phone lost service and we filled the tub with cold water, sticking our feet or hands in it every so often.",Other,6,unknown
4769,im the one makin all the effort for everything all the time and its never good enough for anyone.,Social Relationships,4,friends
4770,i have lots of other things on my mind which i'm trying to get done and everything's just piling up in the next few days..,Everyday Decision Making,6,unknown
4771,I have a crapload of STUFF to do and I can't slack off.,Work,1,work
4772,i've been kinda down lately. and stressed. really stressed. there's just been a lot of stuff going on lately and,Emotional Turmoil,6,unknown
4773,i don't have time to eat dinner tonight.,"Health, Fatigue, or Physical Pain",3,health
4775,Today at work was stressful.,Work,1,work
4776,Been so busy with work and to tired when I get home to do anything.,Work,1,work
4777,"I got a package from mommy and my evening is rounding out nicely, but I haven't seen Andy all day and I think he's still not talking to me.",Social Relationships,4,friends
4778,I've been whatching the food channel and its making me so hungry but we dont have much of anything in the house.,Other,6,unknown
4779,Life has been incredibly stressful lately.,Other,6,unknown
4780,I wasn't going to be able to keep up with all the work I had on my plate.,Work,1,work
4781,I worry all the time about completing my assignments.,School,1,work
4782,There just isn't enough time in the week and the day to work on me.,Work,1,work
4783,i can't wait to be home. all this being on the road nonsense is driving me nuts.,Other,6,unknown
4784,"Tonight, dinner wasn't ready when I got home and I had to make it.",Other,6,unknown
4785,"My parents order so much food when we go out for meals, it kills me.",Family Issues,2,family
4786,It's gonna be hard adjusting to not seeing them every day.,Social Relationships,4,friends
4787,i hate that we have a new one due every two weeks.,School,1,work
4788,thinking too much is tiring and worrisome when you have nothing else to do but work work work. right now,Work,1,work
4789,"Yes, I'm Stressed. I have to pack up an office that's so full of crap that I can hardly get to my wheelie chair.",Work,1,work
4790,"no matter what I was doing in terms of our roaming and eating routine, I was not able to gain a complete control over it.","Health, Fatigue, or Physical Pain",3,health
4791,"Junk food is pretty much all I've been eating, but I don't want that.","Health, Fatigue, or Physical Pain",3,health
4792,"This project has been delayed numerous times, and it's one of the items always brought up against me in meetings.",Work,1,work
4793,"Some things honestly are not worth your energy, nor the time of day of the other person involved.",Social Relationships,4,friends
4794,I feel so stressed out in deciding what to do with my life.,Everyday Decision Making,6,unknown
4795,i didn't get a break and now im starving and i dont wanna fix nothin to eat cuz im a lazy bum.,"Health, Fatigue, or Physical Pain",3,health
4796,it's always those times when you have SO much on your mind that it's hard to write one because you don't know where to start.,Other,6,unknown
4797,"the sad thing is, i'm leaving real soon.",Emotional Turmoil,6,unknown
4801,The mandals are all in a hurry to be ready in time.,Other,6,unknown
4802,We had a lot to do and not enough time to finish it all.,Work,1,work
4803,I'm finding I'm having a lot of trouble carrying that over into my current routine.,Everyday Decision Making,6,unknown
4804,I'm so worried all the time I can't relax.,Everyday Decision Making,6,unknown
4805,"i work too much and when i get out i'm too tired to function, plus everyone always has plans.",Work,1,work
4806,I'm not good at witting down every thing I eat or all the exercising that I do.,Other,6,unknown
4807,There's even just so much to get done in the next two weeks and I'm losing steam.,Other,6,unknown
4808,"I've got so much work to catch up on at home here, and this week is going to be hectic at the job as well.",Work,1,work
4809,"Out of frustration, I can get impatient with this, especially when it happens multiple times a day, every day.",Emotional Turmoil,6,unknown
4810,Life is no fun when you have to be worried about so many things.,Everyday Decision Making,6,unknown
4812,"I'm tired of washing my two little uniforms every other day, and ironing every night to get the required creases in everything, it's such a pain.",Work,1,work
4815,i'm pretty hungry and there's no food at my house.,"Health, Fatigue, or Physical Pain",3,health
4816,"Last night when I got home, mad from work, as seems to be the case lately too often, I asked tsb to make dinner.",Work,1,work
4817,work has been really exhausting lately.,Work,1,work
4818,"i've been really busy at work, and having my monitor at home crap out on me has made things difficult there too.",Work,1,work
4819,"It's annoying because mostly it hits in the middle of the workday, where I can't do a whole fuck of a lot with it. I need to find focus.",Work,1,work
4820,"I've started my period, which is being really weird and I'm eating like crazy.","Health, Fatigue, or Physical Pain",3,health
4821,Something about the repetitive nature of my job leaves me severely lacking in brain capacity by the end of the day.,Work,1,work
4822,"Because of my recent sick days, I have way too much homework and work to do.",School,1,work
4823,My policy of pushing everything back to study for the test last week is really biting me in the butt this week.,School,1,work
4824,I'm finding being back at school quite hard.,School,1,work
4825,I just can't handle learning with the average joe asshole at my school.,School,1,work
4826,I didn't do so well on my math quiz.,School,1,work
4827,the bad thing is that i have to go to school all this week because of this stupid gym crap.,School,1,work
4828,Getting pretty more and more worn out for school and work recently.,School,1,work
4829,"i haven't even finished the one summer reading book, which report's due five days after school starts.",School,1,work
4830,"judging by that, school is going to be REALLY hard.",School,1,work
4831,i've been so busy studying for finals that i haven't had time to update.,School,1,work
4832,school is crazy right now and i am trying to decide what classes i have to take and i am just going crazy!!,School,1,work
4833,i couldnt finish it in time so i just didnt go to school.,School,1,work
4834,I really need to get into school.,School,1,work
4836,Got frustrated while workin on my math cuz well i am so lossed on wat we are doin in that class.,School,1,work
4837,college is a lot of stress.,School,1,work
4838,Sure I'm stressed with schoolwork and shit is always going down with the boyfriend.,School,1,work
4839,i feel so stressed..ugh.. im not gonna be able to get my grades up.,School,1,work
4840,Doing my schoolwork is awful.,School,1,work
4841,I have to get good grades.,School,1,work
4842,"I'm a worrywart. I mean, really. I'm due to take a placement test for the school I hope to get into.",School,1,work
4843,this is very stressful with school etc.,School,1,work
4845,Well this week is going to suck! I am going to spend the whole week reviewing for exams and stuff.,School,1,work
4846,School is very stressful right now.,School,1,work
4847,"Chloe, people at school suck.",School,1,work
4848,school is getting me worried and pissed.,School,1,work
4849,My grades in school weren't the best and I'm terribly afraid of fucking up those classes.,School,1,work
4850,"Now im slipping in everything, math.. i would be studying for my final today i just couldnt concentrate.",School,1,work
4851,omg i need to go back to school!,School,1,work
4852,I am just soooooo worried about school.,School,1,work
4853,Maybe this is because of all the stress I have of thinking about going off to school next month.,School,1,work
4854,"i am getting super stressed out about school, and i do not heart that.",School,1,work
4855,"School was tiring, and I had a TON of homework.",School,1,work
4857,"Today, was one of the worst days I can remember at school.",School,1,work
4858,"It's sad that I've fallen out of touch with SO many people this semester, but college is supposed to be extremely busy, right?",School,1,work
4859,I'm feeling very concerned about my school work right now.,School,1,work
4860,history cause we have a chapter test tomorrow and I haven't yet.,School,1,work
4861,I'm worried now about going back to school.,School,1,work
4862,I'm at school again as my computer is still messed up.,School,1,work
4863,School is fucking killing me.,School,1,work
4864,I look at the homework and I think about the homework and it worries me when I don't do it.,School,1,work
4865,"Usually if I had a test, it meant that I had to go to school.",School,1,work
4866,School is going to be such a bitch to get back into after all this.,School,1,work
4867,"finals are quickly aproaching, and i am seriously worried about my grades for the first time in a very long time.",School,1,work
4868,i still have no idea and it's turning my classes into a burden i can't handle. because i'm not working toward any kind of goal it makes the whole thing,School,1,work
4869,Cuz they take up too much time and i get way to distracted from my homework.,School,1,work
4870,i still haven't looked up what my classes are for the semester and I'm starting school tomorrow.,School,1,work
4871,I've been thinking a lot lately about what I want to do once I graduate.,School,1,work
4872,School has started back up.,School,1,work
4873,"I go into the school that day, and am told that I have RSP class, and that there has been a sub for the last 2 weeks!",School,1,work
4874,School because it's soo boring.,School,1,work
4876,"omggggggggggggg school is stressing me out so bad, i have like a total of tests to make up its sucks the biggest dick.",School,1,work
4877,I must improve my grades.,School,1,work
4879,it's the last week of school but im going to be so busy it isn't kosher.,School,1,work
4880,letsee i've been really bad recently overall with school work and such. .,School,1,work
4881,all this stress and frustration is really taking a toll on my school work too.,School,1,work
4882,I officially have 2 weeks of classes before finals week.,School,1,work
4883,I'm getting so antsy about school next week.,School,1,work
4884,I'm scared of going back to school and facing all those exams.,School,1,work
4885,i have to write my damn english reflection essay this weekend.,School,1,work
4886,"So, I was getting really stressed then I was thinking about all my homework that I have to get done.",School,1,work
4887,Dread school tomorrow! I haven't finished studying for midterms yet omg!!,School,1,work
4888,I'm burnt out on school and just feel like I'm not doing what I should be doing.,School,1,work
4889,"Right now, all I know is that I'm filled with worry about completing my school assignments.",School,1,work
4890,i'm stressed out about school.,School,1,work
4891,I have to finish my final essay this weekend.,School,1,work
4892,I have my first exam in grad school in two weeks.,School,1,work
4893,i'm sure i'm probably missing a bunch of stuff at school that will take me all week to make up.,School,1,work
4894,"I can't concentrate on my homework and dtudying, and it showes in my grades.",School,1,work
4895,"So another week of school, dear lord, I have these 5 essays for psych and I just can't bring myself to write them.",School,1,work
4896,i need to catch up in school.,School,1,work
4897,I have a lot of homework due for next week.,School,1,work
4898,I have to study for math because I have a dumb quiz tomorrow.,School,1,work
4899,"Monday I have Grad. practice during the day, Tuesday is Graduation and I am supposed to start work on Wednesday.",School,1,work
4900,I have to write my college essays this weekend.,School,1,work
4901,School is stressing me out so much right now.,School,1,work
4903,It's the having to go back to school.,School,1,work
4904,I should get some homework done but I dont feel good enough to move.,School,1,work
4905,I have to head to college a few times tomorrow to finish up paper work for my scholarship!,School,1,work
4906,"I was supposed to go home this weekend, but due to my study group meeting this weekend and a lot of studying to do, I have to be in Austin.",School,1,work
4907,I can't read books during school.,School,1,work
4908,"I'm quite afraid for uhmm going back to school..because that means exams are coming, and I'm terrified for exams.",School,1,work
4909,"Work, drama and I have a PoliSci essay due Monday on Parliament or something that I haven't started.",School,1,work
4910,"Tough, if I got to go to work you have to go to school, now get the ""F"" up.",Other,6,unknown
4912,I couldn't get up for classes.,School,1,work
4913,I have been working hard lately to pull my grades up in school that I have sadly let slip.,School,1,work
4914,My finals today were definetly stressful.,School,1,work
4915,God I am so stressed out everytime I think of homework I literally start pitying myself so much that I cry.,School,1,work
4916,"School has just been stress, stress, stress for me!",School,1,work
4917,"I just finished a really stressful math test, I don't think I did too well on it.",School,1,work
4918,I am nervous for tomorrow's exam because it is hard to study for an English exam.,School,1,work
4919,"today was really busy, and I'm so tired, and other than running around school all day and doing work I haven't gotten much done.",School,1,work
4920,I was pretty nervous about last night's chemistry exam.,School,1,work
4921,"So, I went to class, finding out that we have a test tomorrow that I was unaware of..apparently I'm a dumbass.",School,1,work
4922,"Lately school's been a drag. I've been doing much better,but it's been stressing me out, hardcore.",School,1,work
4924,i do kno that i have a shit load of assholes in many of my classes and that always makes me very uncomfortable. for a first day,School,1,work
4925,"i can't pay attention in class, i can't pay attention with my friends.",School,1,work
4926,I can't get myself to study or even do the homework for it anymore.,School,1,work
4927,I am already depressed about all the fucking homework I need to do today.,School,1,work
4928,This class is the worst part of the whole day.,School,1,work
4929,"So now I'm on two weeks study leave, and then my two exams in one day.",School,1,work
4930,School is hard and I'm getting SOOO SOOO SOOO sick of it! I'm starting to do pretty bad in my classes.,School,1,work
4931,I have so much work that I missed because of missing class.,School,1,work
4932,I have 2 exams in the next few weeks.,School,1,work
4933,"School is stressful, and very busy.",School,1,work
4934,thats about it ill be busy studying for finals this weekend so cya some other time.,School,1,work
4935,School is soon and i need to make fucking sure i have everything straigh so i can start.,School,1,work
4936,"I was frustrated with school, it was killin me.",School,1,work
4937,I'm nervous cuz interim reports come out soon for school and im failing psychology cuz mr.,School,1,work
4938,my homework is getting turned in as incomplete a lot now. some of my recent test scores really suck. and my grades are suffering. not to mention,School,1,work
4939,Mostly because I don't have a job lined up for when I go back to school which makes me nervous.,Work,1,work
4940,"i have a test today in psychology that i haven't finished studying for, boo!",School,1,work
4941,I had a real hard time making friends through out school.,Social Relationships,4,friends
4942,the tests are really gonna be important for my grades.,School,1,work
4943,This has definately been the worst semester of school that I've ever had.,School,1,work
4945,"This week and next week have been the set deadlines for all our coursework to be in, so I have been a very busy, annoyed, stressed out person.",School,1,work
4946,"I took a test today that I forgot to study for, so I doubt I did very well.",School,1,work
4947,"I can't get my head round school work even though I don't have a vast amount, I just can't focus on it.",School,1,work
4948,school was extra stressful today.,School,1,work
4949,school dragged and ive got so much make up work to do.,School,1,work
4950,I have been having anxiety about school starting up.,School,1,work
4951,"I have exams tomorrow, and I haven't reviewed yet.",School,1,work
4952,I started looking at my class schedule for this year and it gave me a stomach ache.,School,1,work
4953,I have a college orientation Wednesday and Thursday down at Kutztown.,School,1,work
4954,"Man, all this reading for school is driving me crazy.",School,1,work
4955,"God, I am so nervous I'm going to make the wrong decision with where to go to school.",School,1,work
4956,school was school..frustrating as usual.,School,1,work
4957,I need to finish my research paper.,School,1,work
4958,the class has tirned out to be the worse class ever.,School,1,work
4959,Okay school starts tomorrow hur I'm so not looking forward to it.,School,1,work
4960,"classes are starting to bore me, which i think is bad this early in the semester. off to plan some more.",School,1,work
4961,"I return to school tomorrow, that sucks.",School,1,work
4962,I'm all depressed today about school and life in general!,Emotional Turmoil,6,unknown
4963, I have exams to study for and well it sucks but I have to finish my work.,School,1,work
4964,i have really crappy teachers and i cant pay attention.,School,1,work
4965,you're starting to make school unbearable.,School,1,work
4966,I have a paper to write this weekend.,School,1,work
4967,"I think I'm going to take the math placement test tomorrow, and I'm kinda nervous about that.",School,1,work
4968,I'm stressed out with school.,School,1,work
4969,"Didn't get nearly enough sleep before getting up to go to the game, so I felt like crap the first half.","Health, Fatigue, or Physical Pain",3,health
4970,"finding the time is just not easy, as i'm procrastinating on homework right now as it is.",School,1,work
4971,school is really stressing me out.,School,1,work
4973,right now its trying to fall back into the pattern of school and actually doing my homework.,School,1,work
4974,I am starting to get REALLY nervous about school starting because im sooooo scared that I will make I big mistake that will effect me for a long time.,School,1,work
4975,I am really nervous for my other exams and like I really really want to get it over with already.,School,1,work
4976,"It's not due till Monday, but I MUST GET A B on this stupid paper so I can get a B in the class, maybe even an A.",School,1,work
4977,i go back to school tomorrow. which sucks.,School,1,work
4978,"it was off to math test where I found out I did pretty horrible on a quiz, guess reading Che in class isn't helping my grade.",School,1,work
4979,i have a history test in like 2 hours.,School,1,work
4980,To top off my bad mood i have a huge test tomorrow and another big test on Wednesday.,School,1,work
4981,School has been driving me nuts.,School,1,work
4982,I have so much work to do this week I hate the thought of it.,Work,1,work
4983,have a paper due next Thursday for socioloqy and an essay due on Monday for enqlish comp so i qotta do that this weekend.,School,1,work
4984,I just feel so stressed lately and just wanna get all these last minute midterms and finals behind me.,School,1,work
4985,studying for midterms is hard when you hate all your classes.,School,1,work
4986,I couldn't sleep for crap last night cause I was all scared.,"Health, Fatigue, or Physical Pain",3,health
4987,i have to get good grades to do so. and,School,1,work
4988,School is super stressful lately but I guess that's expected.,School,1,work
4989,i have a huge project for english due next week.,School,1,work
4990,"It's hard because i'm soo fed up with high school, it's hard to care when i just want it to end.",School,1,work
4991,I do not think I can go to school today.,School,1,work
4992,they're cramming for their final exam.,School,1,work
4993,"I've been really busy, obviously, because of school starting.",School,1,work
4994,Heartbreak makes it really really difficult to do schoolwork.,School,1,work
4995,I am deep in studying for finals.,School,1,work
4996,I have to get an A on the final so maybe I can get a B in the class.,School,1,work
4997,It's hard to focus on school during school.,School,1,work
4998,"Somehow, this school year is sucking. really badly too. i dread going every day.",School,1,work
4999,i've been busy with school and work so i hardly have any me time.,Work,1,work
5000,"Today started off kind of bad because I didn't get to finish my physics homework and I fell asleep on it last night, which is why I overslept today.",School,1,work
5001,"I had practice for 3 hours today and school was hectic, so I am about ready to collapse!",School,1,work
5002,I AM ALSO SO SAD THAT I HAVE SO MUCH HOMEWORK LEFT TO DO!,School,1,work
5003,"It just gets so boring, and school REALLY is starting to suck. and Mr. Laber and Ms. Nyarady do not help.",School,1,work
5004,I hate all the work in school.,School,1,work
5005,So thats my week i have so much crap to do for school which sucks!!,School,1,work
5006,Im stressed and worried about school.,School,1,work
5007,I can defenitley say that it was one of the worst school years of my life.,School,1,work
5008,I need to do well in school.,School,1,work
5009,"STRESSFUL i have stressed out about school, my friends, my parents, my so called life that i'm leading.",School,1,work
5011,"I have a theology paper to write that was due Monday, cept I skipped that class.",School,1,work
5012,almost. are you getting tired yet of my anxious posts about leaving for school? too bad.,School,1,work
5013,"I just found out today that i'm due to register for classes on tuesday, i got to debate against the college republicans wednesday, and i got a paper due monday.",School,1,work
5014,AGH! I'm never going to get all this homework done! I'm freaking out here because I have all these projects and papers due and not enough time to complete them!,School,1,work
5015,they're so tiring. its so hard getting back into the whole school routine.,School,1,work
5016,"On a shit spot, i have a test in that class on thurs and i didn't know.",School,1,work
5017,2 weeks till my first 2 exams.,School,1,work
5018,"School is so stressing, and a lot of things have been goin down the drain for me.",School,1,work
5019,At the moment I am trying to finish my thesis.,School,1,work
5020,that makes my schoolwork harder to manage.,School,1,work
5021,"However, I'm dreading next week because my motivation for actually doing my school work and attending class seems to be droping rather quickly.",School,1,work
5022,high school is so frustrating.,School,1,work
5023,"It's getting really scary now as to what I will be doing, this time when I have left school.",School,1,work
5024,i need to be doing well in school but man am i slacking.,School,1,work
5025,"School is SO hard, I dont know what it is.",School,1,work
5026,"School work is getting ridiculous, the profs.",School,1,work
5027,"The math test I took today.. hah, I don't think I did too well.",School,1,work
5028,School was hella hectic there towards the end.,School,1,work
5029,Grad school applications are making me headachey.,School,1,work
5030,They're all worried because they still don't know if they passed the Liberal Arts math class they had together.,School,1,work
5031,"Between all this emotional stress and like the unsurmountable amounts of stress due to school, I am dieing.",School,1,work
5032,I am not at peace when it comes to doing well in school.,School,1,work
5033,I think it is just a lot of stress and being soooo overwhelmed with schoolwork as well as my trip coming to an end.,School,1,work
5035,it makes me angry cos of how different it is compared to all the stuff we have to do at my school.,School,1,work
5036,im all stressed out bout my grades and stuff!!!!,School,1,work
5037,"They're already struggling in school, and a change of schools will make it even harder for them.",School,1,work
5038,well i must finish my essay.,School,1,work
5039,I've been really procrastinatory with all of my school work lately and it's starting to bite me in the rear end.,School,1,work
5040,"At this point, I was very upset and worried about my work plans during school.",Work,1,work
5041,Especially when given by a friend whom you have certainly not gotten to spend enough time with recently due to a horrible overload of school work.,School,1,work
5042,The test is tomorrow and I have yet to start studying.,School,1,work
5043,"yeah, i'm having a hard time concentrating on studyin right now, and i dont know why! and it's pissin me off!",School,1,work
5044,i had a test which went really bad in a class that i don't have a very good grade in right now.,School,1,work
5045,i have had way too much homework to do this weekend.,School,1,work
5046,Yeah that's me alright. I feel scared because I am going back to school.,School,1,work
5047,"I am failing a class already, and I have to make that up by tomorrow but I also have a paper due tomorrow that I haven't even looked at yet.",School,1,work
5048,i hate how school creates a lack of anything interesting to talk about.,School,1,work
5049,im sad that school is ending onli cus some of my frends r going to college.,School,1,work
5050,I remember being so scared once school got out and not having a schedule or a job.,Work,1,work
5051,I think I'm stressed cause I'm getting ready to return to school and because of these hives.,School,1,work
5052,So its been a major pain in my ass trying to get into ONE LAST CLASS!,School,1,work
5053,so I was kind of fucked on what I needed to do for school.,School,1,work
5054,I have my final exam on Wednesday which I'm also nervous about.,School,1,work
5055,I dont have any time to study which i despretely need to do since i'm not doing to good in school at the moment.,School,1,work
5057,I'm really hating school right now.,School,1,work
5058,Now I need to start studying for my finals.,School,1,work
5059,School have been rather stressful and hectic lately.,School,1,work
5060,This week in particular is going to be crazy with the school work.,School,1,work
5061,"Since being back at school, I've had to cram weeks' worth of information into days, give open note tests because of the ridiculous pace, and pile on the homework.",School,1,work
5062,I can barely walk and I still have to go to school because of my stupid final.,School,1,work
5063,"I really have been busy with school, and pretty stressed out.",School,1,work
5064,school has been really stressful lately. on top of drama practice and opening and everything,School,1,work
5065,it sucks having to work and go to school all the time during the week.,Work,1,work
5066,blame it on anxiety to go back to school.,School,1,work
5067,My abnormal psych class alone requires hours of effort outside of our weekly meetings.,School,1,work
5068,"now, school is the most stressful thing in my life.",School,1,work
5069,you might've failed the last exam.,School,1,work
5070,I am in no mood to make a presentation for a not presentation worthy class.,School,1,work
5071,So right now school is getting crazy with the amount of work.,School,1,work
5072,Things are getting threatened because im not doing good in school but yet i keep reasuring that iam and i know there in for a big dissapointment.,School,1,work
5073,I spent the whole day doing homework and now I don't even feel up to going to school tomorrow.,School,1,work
5074,I've been really busy with school and practicly obsessing over CPAT.,School,1,work
5075,school is gonna be hard to keep up with.,School,1,work
5076,"I was getting very stressed out about my university applications, along with the stresses of high school, itself.",School,1,work
5077,"I am really tired, I didn't sleep well last night to do random fretting about moving.","Health, Fatigue, or Physical Pain",3,health
5078,I had a stressful week at school.,School,1,work
5079,This weeks gonna be tough with trying to get ready for school and all.,School,1,work
5080,"I have enough trouble researching papers for class, and those I'm graded on.",School,1,work
5081,The worst part is that I will likely be riddled with anxiety all Summer in anticipation of stepping foot in a math class.,School,1,work
5082,"all this happens while I'm in school, which makes learning quite difficult.",School,1,work
5083,i have problems balancing work and school.,Work,1,work
5084,He is writing his thesis.,School,1,work
5085,"school is so stressful and unpleasant that my body has conditioned itself against it, and at the very thought of it i am on the brink of an anxiety attack.",School,1,work
5086,"School's been bumming me out, and since I missed a day at school, I will have to go to take the exams and I am NOT exempt.",School,1,work
5087,Things have been so confusing since i got home from school.,School,1,work
5088,I hate this whole school thing it makes me sad. Im concerned about my grades already and im not doing as well as i want to.,School,1,work
5089,It's been really hard for me lately and especially school.,School,1,work
5090,"So in other news, I'm totally drowning in school work.",School,1,work
5091,I neeeeed to work on my grad school essay.,School,1,work
5093,now we have school tomorrow and i'm NOT looking forward to that.,School,1,work
5094,I need to get really good grades this year.,School,1,work
5095,"I have a Literature exam tomorrow, I haven't even read the book yet.",School,1,work
5096,"Math test was today, I don't think I did too well.",School,1,work
5098,I need to get ready for school.,School,1,work
5099,the fact I really need to get good grades this year.,School,1,work
5101,that class is terrible. its high school,School,1,work
5102,i need to work on my procrastinating. school.,School,1,work
5103,"Mostly due to being busy with school and being exhausted, I havent been praying and meditating as much as I usually do.",School,1,work
5104,uhm im really stressed for the time being. school.,School,1,work
5105,"I have so much homework today, it's out of control.",School,1,work
5106,School is so stressful that I have to drop one of my classes today.,School,1,work
5107,School is just so stressful.,School,1,work
5108,"Ahhhh, School has been so very stressfull lately.",School,1,work
5109,"I am supposed to be writing a paper for my class on Monday, but I can't find my notebook for that class anywhere.",School,1,work
5110,NO MORE PUBS for the NEXT 2 WEEKS due to massive amounts of schoolwork.,School,1,work
5111,"So, orientation at school was a disaster.",School,1,work
5112,"I'm going to have to study on my birthday, I have so many tests next week.",School,1,work
5113,I am having some trouble readjusting to school.,School,1,work
5114,SCHOOL School is incredibly hectic.,School,1,work
5115,I have too much homework left to do.,School,1,work
5116,SCHOOL IS ABSOLUTELY KILLING ME,School,1,work
5117,"seriously, is it like joking angry? i'm freaked out because i have so much bloody homework.",School,1,work
5118,"hmmm, but this weekend spent a lot of time thinking on where i am going to go to college. . .",School,1,work
5119,Now I'm really full and I need to figure out what I'm doing for college.,School,1,work
5120,today i couldnt wake up for school.,School,1,work
5121,I'm really nervous about how he's going to do in school.,School,1,work
5122,"With going to school, I can't really work enough to make enough money to pay for a place all by myself.",Financial Problem,5,finance
5123,On top of worrying about that paper I have to worry about studying for my other finals.,School,1,work
5124,"So first they are pissed off on what Im going to major in, in college.",School,1,work
5125,All this school work is driving me crazy.,School,1,work
5126,"school is there and it causes me to worry because of the assignments needed to be done and completed, so I worry.",School,1,work
5127,"I am full of anxiety, stress, and paranoia as I remind myself that I have school.",School,1,work
5128,"Um, I definitely didn't do too well on those test and quiz things yesterday.",School,1,work
5130,School has been so hectic already.,School,1,work
5131,It's so hard with school and stuff.,School,1,work
5132,I hate all this freakin homework! and then some of my closest friends and i are going through some rough stuff.,School,1,work
5133,i have two weeks of classes i need to pass.,School,1,work
5134,"Have to get more involved with my son who evidently is now failing one class due to constantly ""forgetting"" to turn in homework and projects.",Family Issues,2,family
5135,"I have a really big problem paying attention to homework now, it's like compulsive behavior that's tying my brain down.",School,1,work
5136,geimans class took a test and i missed 1 haha i must have messed up when i did the copying of the answers.,School,1,work
5137,"i haven't updated in forever cause i've been tired, and busy and stressed because of school.",School,1,work
5138,"So, what will this weekend hold? Probly me procrastinating for studying for finals most of the time",School,1,work
5139,I have to go back to school tomorrow so I dont know how fast my chapters will be up!,School,1,work
5140,School has been stressful at times and wonderful at other times.,School,1,work
5141,School is overwhelming and I've missed a couple of deadlines because I haven't quite settled into a routine yet.,School,1,work
5142,I have a math quiz tomorrow I know I will fail.,School,1,work
5143,I need to start figuring out what I need for school.,School,1,work
5144,School is really starting to stress me out!,School,1,work
5145,ehhhh I need to get my hold lifted tomorrow so I can register for classes.,School,1,work
5146,I know it's been hard with school and all the changes that have occurred this year.,School,1,work
5148,i have a shit load of work i need to get done for my classes and,School,1,work
5150,"whatever it is, it takes a load of stress off of me for the time being as i go into this last week of school which is stressful enough.",School,1,work
5153,"I have a feeling I'm falling behind in school, and I'm finding it difficult to get back on track.",School,1,work
5154,I have to work tomorrow and I don't get monday off.,Other,6,unknown
5155,Our school is so bad with scheduling.,School,1,work
5156,I have another assignment due next Monday for a class that I'm drowning in on a paper that I can barely understand.,School,1,work
5157,im going to miss some of my friends so incredibally much when i go to college.,Social Relationships,4,friends
5158,"i will figure it out tommarow, whateva school is starting to get stressful! dammit!",School,1,work
5159,It's created bad vibes and it makes me want to drop out of school.,School,1,work
5160,"i'm sick of school, and how stressful this last week is going to be.",School,1,work
5161,"because of that, he fears for our kids when they go to school that no matter what grades they get, it won't be good enough for me.",School,1,work
5162,"It's not good for him, screws up his body clock, then he can't concentrate for school.. lol..",School,1,work
5163,Doing some homework and then work Sorry it seems like i don't have time for you but right now,School,1,work
5164,School is driving me nuts.,School,1,work
5165,School just really stresses me out.,School,1,work
5167,Which means I have to go back to school.,School,1,work
5168,then you take it to school because you have issues.,School,1,work
5169,i spend my time a. being in school. b. doing homework for school. c. dreading the moment,School,1,work
5170,The fact that graduation is a week from today makes it very difficult to study for finals and write my last two papers...,School,1,work
5171,"so.. yeah. school, aint nothin to talk about there. bus rides, both sucked.",School,1,work
5172,all week at school we had acheivement tests so school was pretty boring.,School,1,work
5173,no motivation to do my schoolwork.,School,1,work
5174,"I'm missing another english test tomorrow, and a chemistry quiz and a math quiz.",School,1,work
5175,My classes have far too much reading already.,School,1,work
5176,"well, it scares me because what if the same thing happens when I'm done with college?",School,1,work
5177,"Because when I'm doing my math, I make so many small errors, and I have trouble with high school algebra concepts.",School,1,work
5178,I have a lot of big homework things due this next week.,School,1,work
5179,I've been stressing over college lately.,School,1,work
5180,I leave for college next wednesday.,School,1,work
5181,"I am really trying! School is getting crazy busy with tests, papers, probes, research, all that junk.",School,1,work
5182,People at my school suck.,School,1,work
5183,School has been really hard on all of us this year and the stress was starting to get to me.,School,1,work
5184,Too bad they have to go back to school.,School,1,work
5185,each day in school is more miserable than the last and i'm more behind on my work.,School,1,work
5186,i have so much shit to do.. ap exams start a freakin week from thursday.,School,1,work
5187,"I need to get to work, so I have something to focus on when schoolwork crushes me down.",School,1,work
5188,maybe its just me my parents have been annoying me so much lately..they dont give me enough space.,Family Issues,2,family
5189,I'm somewhat sad because some of my friends are leaving out of town or already out of town.,Social Relationships,4,friends
5190,i feel like i don't really know what's going on in my friends lives anymore and that makes me sad.,Social Relationships,4,friends
5191,"the past couple weeks have been pretty cruel. the realization that your ""friends"" would rather exist around you rather than speak to you is emotionally exaughsting.",Social Relationships,4,friends
5192,"due to awkwardness and activity and break and such, i haven't been intimate with him in over 2 weeks.",Social Relationships,4,friends
5193,"It is sad that I have allowed myself to get so upset over school, my parents, my friends, that I have become sick.",Family Issues,2,family
5194,tensions so high in this house right now me vs my parents suddenly they think I've become some sort of addict.,Family Issues,2,family
5195,"This stress puts stress on my relationship with other people, and I really hate it.",Social Relationships,4,friends
5196,i am also nervous about how this trip is going to effect my relationships.,Social Relationships,4,friends
5197,"Whatever has caused the situation, you just don't seem to be able to sustain or maintain relationships as you would wish to.",Social Relationships,4,friends
5198,Been working my tail off trying to prep for a huge loss in billable hours thanks to the holidays.,Work,1,work
5200,Is it because my aunt is tired of my mom?,Family Issues,2,family
5201,"it makes me sad hearing about my friends and their disappointments, it makes me bad because i can't help them the way they need.",Social Relationships,4,friends
5203,im not having a good time with all the roomies and they wont talk to me.,Social Relationships,4,friends
5204,"i haven't really spent much time with my dad lately, and i know he's been kinda disappointed in me lately.",Family Issues,2,family
5205,my friends page is getting on my nerves..its really messed up and i don't know how to fix it!!,Social Relationships,4,friends
5206,The friend James went with our roommate doesn't get along with for a stupid reason.,Social Relationships,4,friends
5207,Kayla's birthday is Saturday so I have to figure out plans for that night.,Social Relationships,4,friends
5208,Does the thought of marriage scare you?,Other,6,unknown
5209,"I Feel that he was really mistreated in past relationships, because he thinks more times than he should that i am mad at him.",Social Relationships,4,friends
5210,Starting to worry alot lately about my friends.,Social Relationships,4,friends
5211,Okay so this weekend I didn't get to see Ken because my parents were being assholes about it.,Family Issues,2,family
5212,"Yeah, i dont spend a lot of time with my family and i feel bad.",Family Issues,2,family
5213,"when people, friends, get mad at me because my schedule doesnt revolve around them.",Social Relationships,4,friends
5214,"So, my family is like clinically depressed without a dog in the house.",Family Issues,2,family
5216,He isn't putting in everything he's got and he goes to sick call everyday to avoid training.,Work,1,work
5217,My roomate is having some crazy boyfriend problems.,Social Relationships,4,friends
5218,"Its made my relationships with people very strained, and I dont like it.",Social Relationships,4,friends
5219,So I started crying and now I'm refusing to talk to her because she hasn't been reasonable with me lately.,Social Relationships,4,friends
5221,One issue that's pissing me off is the fact that I'm losing a good friend because his girlfriend absolutely hates me.,Social Relationships,4,friends
5222,I think that I'm so sensitive interacting with people that it's a rather new a scary experience each time I'm around anybody outside of my family.,Social Relationships,4,friends
5223,Laura had been going out with her boyfriend for almost a year and just this past week she went through a really messy breakup with him.,Social Relationships,4,friends
5224,"My attitude sucks and that is why I find my self haveing all these terrible and painful problems, not just in romantic relations, but in all aspects of my life.",Social Relationships,4,friends
5227,i have this ever growing pity for people who are in relationships that ruin their friendships.,Social Relationships,4,friends
5228,Having a social life sucks.,Social Relationships,4,friends
5229,"idk, maybe im overreacting, but im sad ya know, a lot of my friends are going far away.",Social Relationships,4,friends
5230,this problem with my managers has given me an abandonment complex.,Work,1,work
5231,"people get on my nerves, im edgy, and i argue about virtually everything with the people who matter the most to me.",Emotional Turmoil,6,unknown
5232,"i guess its partially my own fault, but i dont like being around a bunch of people i dont know or like and being ignored by my supposed ""best friend"".",Social Relationships,4,friends
5233,"Hell, there are times I want to disown my family and get away from fucking society.",Family Issues,2,family
5234,Oh yea I have been dealing with the ex not wanting to come and pick the kids up .,Social Relationships,4,friends
5235,"Told my landlady that I wasn't impressed with her ""lease addendum"" and would not sign it.",Other,6,unknown
5236,Hill informed Thomas that having a social relationship with a supervisor outside of work would be a bad idea and was very uncomfortable with it.,Social Relationships,4,friends
5237,I AM SO TIRED OF BOYS HAVING GIRLFRIENDS AND ME GETTING JEALOUS OVER THEM.,Social Relationships,4,friends
5238,I need to stop being mean to my brothers and sisters.,Family Issues,2,family
5239,I worry about Babs because her parents are being truly wretched to her about this whole process.,Social Relationships,4,friends
5240,you know what is really getting on my nerves.. having johns emotions cramping up my relationship.,Emotional Turmoil,6,unknown
5241,"We broke up the day before my homecoming sadly, but he felt like he wasn't being a great boyfriend with his illness.",Social Relationships,4,friends
5242,"You are dependent on your friends, but you are not willing to conform into society's stereotypical mold.",Social Relationships,4,friends
5243,i dont like having a huge group of friends. too hard to satisfy everyone.,Social Relationships,4,friends
5244,"If you are the type that is constantly upset by your interactions with others, then you might have a problem.",Other,6,unknown
5246,"So, just put the pieces together that the ex has a new girlfriend.",Social Relationships,4,friends
5247,i can't cuz some of my wonderful friends don't get along,Social Relationships,4,friends
5248,My roommate Rhoneil broke up with hers.,Social Relationships,4,friends
5249,This is due to me getting sick and the bubble mailer shortage malls have been experiencing.,"Health, Fatigue, or Physical Pain",3,health
5250,"i don't expect people to get along with me anymore, just because i've arrived in a really volatile state.",Social Relationships,4,friends
5251,clearly he was cheating on his girlfriend.,Other,6,unknown
5252,I just can't deal with the people I live with right now.,Social Relationships,4,friends
5253,i got in an argument the other day with a friends boyfriend.. .. it was horrible.,Social Relationships,4,friends
5254,when I am in a bad mood people hold it against me.,Social Relationships,4,friends
5255,"I accidentally upset one of my friends, and now she won't respond to any messages.",Social Relationships,4,friends
5256,I'm getting very tired of saccharine manner they want us to apply to our jobs.,Work,1,work
5257,I'm terrified of social relationships not based in some way upon music.,Social Relationships,4,friends
5258,It's noisy and my neighbours are obnoxious.,Social Relationships,4,friends
5259,My brother and his girlfriend broke up.,Social Relationships,4,friends
5260,It's sad when there is no closeness between family members.,Family Issues,2,family
5261,It's saying that he's cheating on his girlfriend for someone he truely cares about.,Social Relationships,4,friends
5262,My mom is having a hard tie with the holidays.,Family Issues,2,family
5263,My bosses were annoying me especially.,Work,1,work
5264,just found out he's been talking to his ex girlfriend. a lot. probably planning on getting back with her once i leave. and,Social Relationships,4,friends
5265,my exs got into a fight and that was a problem.,Social Relationships,4,friends
5266,You can't stand people ad you don't want to be around them.,Social Relationships,4,friends
5267,"Along with not affording it, I don't think I'm ready to move out.",Financial Problem,5,finance
5268,"Christmas is gonna be weird this year cause I doubt my family's even coming here, everyone kinda had a falling out.",Family Issues,2,family
5270,I'm attending a dinner party tomorrow night and I'm completely stumped for what to give as a gift to the hostess.,Social Relationships,4,friends
5271,"I feel like its just such a burden on some people, like who wants anyone that insecure around?",Social Relationships,4,friends
5272,"Sandra can't stand Michael, and they don't talk or anything, and she says she feels bad for creating a bad atmosphere.",Social Relationships,4,friends
5273,jealous girlfriends get on my nerves,Social Relationships,4,friends
5274,Losing the old friendships and not having or sharing anymore of the common bonds has made me an outcast.,Social Relationships,4,friends
5275,Haven't I been having issues with the aforementioned roommate?,Social Relationships,4,friends
5276,my friends wont be there for me.,Social Relationships,4,friends
5277,weve been spending so much time together that it must be suffocating. and its not fair for me to pin all my life problems on him.,Social Relationships,4,friends
5278,"The evening was bad though, getting calls from people saying they couldn't get in contact with Granddad.",Family Issues,2,family
5279,I have been experiencing self pity lately.,Emotional Turmoil,6,unknown
5280,Just I've been having tons of mood swings and it sucks cause I end up hurting someones feelings and then I feel even worse.,Emotional Turmoil,6,unknown
5281,things have been a little hectic with my brother.,Family Issues,2,family
5282,i'm tired of being invited places because people feel they have to invite me.,Social Relationships,4,friends
5283,I call back and she tells me she's tired of calling and she needs someone who can be there.,Social Relationships,4,friends
5284,She I think is jealous of me because of my dad and my relationship. Fuck her.,Social Relationships,4,friends
5285,There is such a great pressure to be happy during Christmas and that is what hurts the most.,Emotional Turmoil,6,unknown
5286,I want to be his friend and a part of his life but I can't.,Social Relationships,4,friends
5287,I think that it really sucks when someone hates you because you're friends with their ex girlfriend.,Social Relationships,4,friends
5288,"the fact that he couldn't even call to invite me or say good night, or hi, or anything, just makes me feel like more of an outsider.",Social Relationships,4,friends
5289,what if we break up because i feel that i need to exlpore?,Social Relationships,4,friends
5290,"I'm just about tired of people getting, or staying in relationships they don't deserve.",Social Relationships,4,friends
5291,then I wouldn't get to see my PKD and CFA buddies.,Social Relationships,4,friends
5292,my dad is getting on my nerves he is starting to make me think his fuck buddy is more important to him than I am.,Family Issues,2,family
5293,I hate that the stores pull out the Christmas stuff the day after Halloween and then whine via the media when we don't buy enough to meet their projections.,Other,6,unknown
5295,"Not as much as my best friend was, and It pains me to say that.",Social Relationships,4,friends
5296,Well my relationship had a bad day today it was like my bf didnt want to hug me or kiss me.,Social Relationships,4,friends
5297,I wonder how many years will go by before I can get anywhere near the holiday season without missing my Grandma so bad that I imagine her everywhere.,Family Issues,2,family
5298,"I'm a little stressed right now, mainly because people around me have been so moody lately.",Social Relationships,4,friends
5299,I can't talk to Alicia because she is just as stressed out as me and we can't help eachother right now.,Social Relationships,4,friends
5300,During this entier time.. I was bitching about roommates.,Social Relationships,4,friends
5301,"Frankly, I was a little afraid of my father.",Family Issues,2,family
5302,It's so hard to stand and comfort my friends who are losing so much and becoming injured when I am safe.,Emotional Turmoil,6,unknown
5303,"It's just hard, because my oldest friends have all moved away, and it's hard to get that same comfort level and closeness with people.",Social Relationships,4,friends
5304,I just feel that people demand so much out of me that i dont have time to be me and live my life the way i want to.,Social Relationships,4,friends
5305,"Tomorrow is Christmas Eve, I have to spend it with my step family who I can't stand.",Family Issues,2,family
5306,that scares me. because i dont want to jump into a relationship that i cant feel comfortable in.,Social Relationships,4,friends
5307,I'm getting tired of seeing my friends hurting because of other people.,Social Relationships,4,friends
5308,"dude it got so fucking annoying, i feel bad for Amber, having to deal with them too.",Social Relationships,4,friends
5309,i had crappy rude customers and it was really busy.,Work,1,work
5310,"I feel so out of place with the group, I kind of wished that I would say more, but what I say I fear won't be accepted by the group.",Social Relationships,4,friends
5311,"unpopular opinion, I can't stand Calli.",Other,6,unknown
5312,I am getting lonely and need to have some social interaction.,Social Relationships,4,friends
5314,"i predict no one will read this. because i don't have alot of ""friends"" on here.",Social Relationships,4,friends
5315,"I haven't been out all week because I have either been tired, felt ill, couldn't be arsed or like lastnight I went to my auntys.","Health, Fatigue, or Physical Pain",3,health
5316,My mother had asked me today to go help my uncle pack his stuff to move.,Other,6,unknown
5318,My best friend and her boyfriend broke up.,Social Relationships,4,friends
5319,"That's what friends are for, yes, but I can't seem to find myself wanting to be with them.",Social Relationships,4,friends
5320,Yeah so now my dads mad at Philip so much that I can't see hiim today.,Social Relationships,4,friends
5321,"BAYSIDE Bayside Drummer John Holohan Killed in Tragic Highway Accident, Memorial Fund Established There has been a tragic loss.",Social Relationships,4,friends
5322,So my girlfriend broke up with me.,Social Relationships,4,friends
5323,It is so unpleasant for the residents AND the employees.,Other,6,unknown
5324,"I know my life is busy, I feel the strain from it all the time, but damn, it's scary when I write it all out like that, isn't it?",Everyday Decision Making,6,unknown
5325,My depression when my parents started to fight.,Emotional Turmoil,6,unknown
5326,Im really worried about going back to work on Saturday.,Work,1,work
5327,girlfriend hated you because she was so damn jealous of the relationship you had with her boyfriend?,Emotional Turmoil,6,unknown
5328,I'm sorry I haven't been the best of friends lately.,Social Relationships,4,friends
5329,"I felt so sick today and my mom wouldn't come pick me up, goddamn, suck my ass.",Family Issues,2,family
5330,"Yeah, the unfairness of my family, stubborness of my boyfriend and the sadness of my life is really getting to me.",Social Relationships,4,friends
5331,I'm so sick of job hunting I could puke.,Work,1,work
5333,"it seems that part of my life is quite depressing, and full of anger.",Emotional Turmoil,6,unknown
5334,"Social situations make me nervous sometimes, and I worry about the DSU student body hating me.",School,1,work
5335,"My boyfriend. I haven't seen him, or been able to communicate easily, for nearly a month.",Social Relationships,4,friends
5336,"Because it is sad that they are insulting and they lose friends over it, and I dont even think they mean to.",Social Relationships,4,friends
5337,Getting an apartment for gary has been the most stressful thing.,Everyday Decision Making,6,unknown
5338,"My company hasn't been giving me a lot of support, and it's wearing me out.",Work,1,work
5340,I'm tired of people trying to guilt trip me into something I don't want to do.,Social Relationships,4,friends
5341,it' just hitting me that i'm leaving this place and these people that have become such a part of my life i don't want to go home with out them!,Social Relationships,4,friends
5342,My friend called me saying that her boyfriend broke up with her.,Social Relationships,4,friends
5343,"A close friend of his passed away the other day, in a car accident.",Social Relationships,4,friends
5344,"My sister hits my friends and stuff, my mom does nothing about it.",Family Issues,2,family
5345,I can't have a nice life!,Emotional Turmoil,6,unknown
5346,"erin dosnt like me, my girlfriend broke up with me and im losing my friends.",Social Relationships,4,friends
5347,"just between you and me i'm getting really sick of my roommate, pat.",Social Relationships,4,friends
5348,"Lots of trauma, lots of pain, and my father gets seriously depressed, imho, when he's sick and unable to work.",Family Issues,2,family
5349,"well society is pretty fucked up, so i dont think i'd like to trust them with my values. and",Social Relationships,4,friends
5350,some of my friends really worry me.,Social Relationships,4,friends
5351,"I'm stressed beyond belief, which of course cause stress with my friends, not to mention other relationships.",Social Relationships,4,friends
5352,"i hate being around most of those people, e.e its sad when your a misfit in your own family..oh well. back to shop tommrow",Family Issues,2,family
5353,The relationships with my friends from high school have completely changed and they're more painful than fulfilling.,Social Relationships,4,friends
5354,I broke up with my girlfriend when I came here.,Social Relationships,4,friends
5355,"That's not to say that I don't want to fix things and eventually become friends with some people again, but I have no control over that.",Social Relationships,4,friends
5356,Now I hear that my girlfriend's family is having trouble.,Social Relationships,4,friends
5358,"It's frustrating because it so severely limits what I can do around the house, and I've got QUITE the list, let me tell you!",Everyday Decision Making,6,unknown
5359,It irritates me that people think I'm mad at them all the time.,Social Relationships,4,friends
5360,"I'm tired of having to tell poeple that It's hard for me to trust them, or people.",Social Relationships,4,friends
5361,Andy and his girlfriend had just broken up.,Social Relationships,4,friends
5362,I worry because he made an impact on my life.,Social Relationships,4,friends
5363,"Iam affraid i have a social problem of some sort , i cant exspress my emotions for my friends.",Social Relationships,4,friends
5364,She's sad because she thinks that people view her as 'the bitchy' girlfriend.,Social Relationships,4,friends
5365,I'm tired of feeling like i'm bipolar in decisions that i make in my life.,Emotional Turmoil,6,unknown
5366,"Mine's so dysfunctional that dealing with other people's, especially when I want them to like me, is stressful.",Social Relationships,4,friends
5368,"i haven't felt very useful lately, and i've often felt bothersome to my friends.",Social Relationships,4,friends
5369,"So, my lil sister didn't get up and my mom blamed me.",Family Issues,2,family
5370,He is one who has previously ignored me at parties and not returned my phonecalls due to some problem his ex has with me.,Social Relationships,4,friends
5371,Snivling little landlords make me sick.,Financial Problem,5,finance
5372,anyways i am so sick of the constant drama that occurs in my daily activities.,Social Relationships,4,friends
5373,"She's too busy, and also claims I upset her boyfriend with my mere presence in their vicinity.",Social Relationships,4,friends
5374,"I mean the word ""social"" often scares me, I have mixed emotions towards it.",Social Relationships,4,friends
5375,MY BOYFRIEND CHEATED ON ME.,Social Relationships,4,friends
5376,it hurts when he ignores her in the corridor and when he refuses to spend more than a fleeting moment greeting her.,Social Relationships,4,friends
5377,You always hear people complaining about how there's too much drama in their lives.,Other,6,unknown
5378,I guess you just have too many problems of your own to deal with because of whatever reason and you don't have time to have friends.,Emotional Turmoil,6,unknown
5379,"Last night was so bad i considered calling my mom just because i needed someone to talk to so bad, it just seems like lately i cant do anything.",Family Issues,2,family
5380,"things are dragging again lately, i feel really lonely.",Emotional Turmoil,6,unknown
5381,ugh i can't stop thinking about MYSELF and my Life Problems it's consuming everything i'm driving myself absoultely insane and i'm getting moody and mean and more ridiculous than usual.,Emotional Turmoil,6,unknown
5382,"My mother got extremely angry when she heard what he said, and now my brother isn't playing for the Minutemen Flames 90 next year.",Family Issues,2,family
5383,"What do you do when a friend is hurting, especially because a partner breaking up with him?",Emotional Turmoil,6,unknown
5384,i am so tired of being known as the bitch and i just keep losing friends.,Social Relationships,4,friends
5385,im kinda scared haha justin's party was on saturday.,Social Relationships,4,friends
5386,One of my friends seems to be mad at me and I don't know what I did. I haven't seen or really talked to this friend sence she left.,Social Relationships,4,friends
5387,You find yourself weak when your relationship partners demonstrates an inability to solve personal problems.,Social Relationships,4,friends
5388,he can't handle the fact that i have guy friends.,Social Relationships,4,friends
5389,i feel bad i was off all these dats n didnt talk to my daughter.,Family Issues,2,family
5390,My roommates and I aren't exactly friendly with our neighbors.,Social Relationships,4,friends
5391,"honey i'm scared about the talk too, that we are going to have this saturday.",Family Issues,2,family
5393,I had a fight with another close friend.,Social Relationships,4,friends
5394,A certain ex makes me feel really uncomfortable when I run into him.,Social Relationships,4,friends
5395,WEll my boyfriend who was leaving to go to Afghainstain is now there and he's not only my boyfriend he's now my husband.,Family Issues,2,family
5396,I'm not really enjoying my job downtown lately.,Work,1,work
5397,My boyfriend is having a hard time with his family.,Social Relationships,4,friends
5399,With another sigh Abigail carried on with her work and cursed the fact that as the senior admin she was forced to do more work.,Work,1,work
5400,It feels like I'm losing touch with a good friend lately.,Social Relationships,4,friends
5402,"One of my good friends is having issues, and he doesnt know what to do.",Social Relationships,4,friends
5404,"im sad, depressed, hurt, and a little angry because of those friends right now.",Social Relationships,4,friends
5405,I feel so stressed cause all this crud is going on with my friends and I don't know how to be there for them.,Social Relationships,4,friends
5406,"these people that i work with piss me off so much. """,Work,1,work
5407,"I want to leave, I do not want to live with my parents, well mostly its my dad.",Family Issues,2,family
5408,I haven't been working with great people lately and its been starting to bug me.,Work,1,work
5409,"I missed my number again last week, so now it's suspension for three days without pay.",Financial Problem,5,finance
5410,We have been getting ready for the party on Saturday evening so there have been prep things to do to be ready to go play.,Other,6,unknown
5411,went to coreys' because she blamed me and I didn't want to talk to her,Social Relationships,4,friends
5412,Mike started a relationship with his girlfriend a few months before his reserve unit was activated and a lot of pressure is now on his relationship.,Social Relationships,4,friends
5413,Work basically sucks because I dont get along with the new manager.,Work,1,work
5414,Im sick of how alone I feel when it comes to family.,Family Issues,2,family
5415,"Too much masculinity, and he doesn't need women at all, not on the deepest level.",Social Relationships,4,friends
5416,"My angst and lack of confidence hindered me, and as I switch from major to major, friend to friend, I realized something was wrong.",Emotional Turmoil,6,unknown
5418,We haven't seen each other in almost a week and he was worried when he called work and couldn't get me,Social Relationships,4,friends
5419,woohoo i skipped p.e. for like 3 weeks and they just now caught me so i'm suspended tomorrow lol..well how's everyone been doing i haven't updated in a while!,School,1,work
5420,He's a friend that hasn't had much positive stability in his life.,Social Relationships,4,friends
5421,"i think im afraid to fess up that i feel worse, that my plans cant work out. then again.",Emotional Turmoil,6,unknown
5422,"Christmas time, especially lately is becoming more annoying, not because I don't like Christmas but because it's being turned into a political corectness nightmare.",Other,6,unknown
5423,It seems that Patrick isn't fond of the company I've started keeping lately.,Social Relationships,4,friends
5424,"My wife died almost two years ago,"" I lie to Trisha as she has fallen silent due to my inability to entertain her. """,Family Issues,2,family
5425,I'm tired of people trying to talk me out of my decisions.,Everyday Decision Making,6,unknown
5426,"It's too much to deal with and adds stress to my life, and I am plenty stressed on my own with classes and family and the like.",Family Issues,2,family
5427,You know something's wrong when spending time with your friends makes you miserable.,Social Relationships,4,friends
5429,now I won't get to walk with those friends.,Social Relationships,4,friends
5430,"He's not who I thought he was, and he can't handle the emotional complexity that tends to be created in my relationships.",Social Relationships,4,friends
5431,i really dont like working everyday. and my days off are not the same as anyone elses and that makes me sad. in other news.,Work,1,work
5432,I'm sorry to be such a pain around the holidays.,Social Relationships,4,friends
5434,I have been kind of a bad friend to her for I don't call her like I used to.,Social Relationships,4,friends
5436,"I worry about my parents, haven't talked to my dad for about 2 weeks prob.",Family Issues,2,family
5437,We had a great talk about interactions and how she is no longer going to tolerate people that don't help with her getting better.,Social Relationships,4,friends
5438,James I guess is trying to be a good friend but not doing a good job and is saying I will find from Gera but she isn't on.,Social Relationships,4,friends
5439,I haven't even gotten to see her because she doesn't really want me and my sisters to see her in the state she's in.,Family Issues,2,family
5442,"I have to work a birthday party Saturday, so much for seeing Claire.",Work,1,work
5443,It took 3 weeks of calling them for someone to figure out that they didn't have my transcripts.,Social Relationships,4,friends
5444,I have been feeling a bit lonely lately.,Social Relationships,4,friends
5445,So new friends of mine why are you being so difficult to hang out??,Social Relationships,4,friends
5446,"My life is falling apart, Im not going into details just because I dont want to.",Emotional Turmoil,6,unknown
5447,"Issues with myself and parents aside, there is another thing causing conflict and anger inside me and that is society itself.",Social Relationships,4,friends
5448,My sisters friends fiance` was killed in a car accident.,Social Relationships,4,friends
5449,"My worrying gives me headaches, makes me irritable, sick, and most of all, negatively impacts my relationships.",Social Relationships,4,friends
5450,He's having problems with his girlfriend and he needed a shoulder to talk on.,Social Relationships,4,friends
5451,It was Christmas time and every year my parents would be really confused as to what to buy me because I felt selfish asking for anything.,Other,6,unknown
5452,His office hasn't answered the request I put in two months for clarification on some of his issues.,Work,1,work
5453,"Since my parents divorced so many years ago, its hard to relate to my mom about how I feel.",Family Issues,2,family
5454,People talking shit about my friends upsets me.,Social Relationships,4,friends
5455,Lately I've started feeling lonely again and sad.,Emotional Turmoil,6,unknown
5456,i need a friend down here and i cant seem to find the friend im looking for.,Social Relationships,4,friends
5457,"There was just so much going on and so many birthdays this weekend, plus I had to work early all weekend on top of it.",Social Relationships,4,friends
5458,I am so frustrated about Christmas this year.,Other,6,unknown
5460,she said that i`m trying to maintain too many friendships and that i`m going to be exhausted.,Social Relationships,4,friends
5461,Incredible! I'm also very anxious about the upcoming show that we have at M.C. this Saturday.,Work,1,work
5462,"my friend brandi hardly has the decency to return phone calls so, whatever",Social Relationships,4,friends
5464,I think she just had a bad day because she told me her family was grating on her nerves.,Family Issues,2,family
5465,Things like why is it so hard for me to meet new people and make new friendships.,Social Relationships,4,friends
5466,I think it's related to social mores that are really tough to overcome.,Social Relationships,4,friends
5468,I have a very low tolerance for people who don't have the same view of what being a good friend means.,Social Relationships,4,friends
5469,I feel bad for her husband having to live with a psycho.,Family Issues,2,family
5470,"Needless to say she missed the party, She just got sad, then she got stuck.'",Social Relationships,4,friends
5471,"i havent heard anything from tom all day, and dads been annoying me.",Family Issues,2,family
5472,My old friend Rachel Snyder was in the hospital with tuberculosis.,"Health, Fatigue, or Physical Pain",3,health
5473,You can't be friends with someone who never talks to you and acts like you're a nobody which is what she has done to me.,Social Relationships,4,friends
5474,Sometimes my dad makes me feel so bad about things.,Family Issues,2,family
5475,they attacked my roommate's dog while i was walking her.,Emotional Turmoil,6,unknown
5476,his girlfriend broke up with him.,Social Relationships,4,friends
5477,Like the people that mean most to you are unhappy with you? I've felt it alot lately and I'm not sure what I did to make them feel that way.,Emotional Turmoil,6,unknown
5478,I have stories that told of their heartaches when the guy or girl they're obsessed with turned out to be in love with someone else they think are less deserving.,Social Relationships,4,friends
5479,rachelle's boyfriend and i are in conflict.,Social Relationships,4,friends
5481,"Charles Whitman told his doctor that he was feeling ""low"" after his parents' divorce and hadn't been feeling well.",Emotional Turmoil,6,unknown
5482,"I know that Andrew and I are broken up but I have this feeling like we're going to be complicating each other's lives for a long, long time.",Social Relationships,4,friends
5483,I'm sick of having insecurities within myself about my friendships.,Social Relationships,4,friends
5485,My point is to express my concern over my younger sister whom I feel is making som poor decisions.,Family Issues,2,family
5486,"It's kind of difficult, especially knowing I have friends that don't like asking for help or even seeking someone out to just talk when there's something on their minds.",Social Relationships,4,friends
5487,"I'd think about not being with my family, which made me start thinking about my family dying, which to me is so much worse.",Family Issues,2,family
5488,a question? why must christmas with my family be such a chore?,Family Issues,2,family
5489,Patients do seem a bit more pissy when stressed by the holidays.,Other,6,unknown
5490,I'm tired of being this person my mom and family expect me to be.,Family Issues,2,family
5491,"The fact that I am so disconnected, so removed, so numb to my family, the people who are supposed to be my support system, is starting to worry me.",Family Issues,2,family
5492,"If someone hurts me, like really hurts me which is hard to do, I never fully reconcile my relationship with them.",Other,6,unknown
5493,"On the another note, to my girlfriend, J. I know you was very upset and worn out over the issue had happened.",Social Relationships,4,friends
5494,I think it's sad how holidays mark the times I get to see members of my family.,Family Issues,2,family
5495,you people with social lives suck.,Social Relationships,4,friends
5496,"Vacations always seem to screw me up, and I think they do her too.",Other,6,unknown
5497,"Now, this week was already busy and ending early becuase I have class again this weekend and leave tonight.",School,1,work
5498,I have been feeling kind of lonely and on the outside of things lately.,Emotional Turmoil,6,unknown
5499,i can't take my job anymore i mean like between her and my boss the lack of consideration is horrendous.,Work,1,work
5500,My girlfriend hasn't returned my phone calls for the past two days.,Social Relationships,4,friends
5501,Twisted around that my cousin saw her ex one time to my cousin was seeing her ex in between the time she'd find a new boyfriend.,Family Issues,2,family
5502,"You get in a bad mood, and you listen to shit like that and get worse, especially when you're in the middle of a fight.",Social Relationships,4,friends
5503,I admit i make mistakes i bitch way too much about everything i let things get too me so easily and i am stressed about it way too much.,Emotional Turmoil,6,unknown
5504,Work has been so bad lately with all the shopper and my manager never schedules enough people so we are always stressed and overworked.,Work,1,work
5505,that I'm upset because of my friend situation.,Social Relationships,4,friends
5506,My roommates are pissing me off.,Social Relationships,4,friends
5507,I worry too much about what people think of me18.,Social Relationships,4,friends
5508,"Well, anyway, these two situations with my ""friends"" makes me feel like my friends aren't really friends, and I'm the fool.",Social Relationships,4,friends
5509,"even if they notice something is wrong, no one bothers for question because the truth is no one gives two shits about me and my choices and my life.",Emotional Turmoil,6,unknown
5510,if they are in a group with their friends I clam up and won't talk to them.,Social Relationships,4,friends
5511,"I notice that because of my parents divorce, that might be why I'm so scared to love.",Family Issues,2,family
5512,I had a strange almost uncomfortable discussion with him about getting married.,Social Relationships,4,friends
5513,she said that i haven't been taking part in keeping the house and im like this waste of money.,Financial Problem,5,finance
5514,He told me that James was bitching to him that he feels he is getting shitted on by his best friends.,Social Relationships,4,friends
5515,is it sad that I'm planning my wedding?,Other,6,unknown
5516,"I'm unhappy that I've bascially been a social recluse and that I've lost touch with people who I really, genuinely care about.",Social Relationships,4,friends
5517,I have mixed memories of this place mostly because some tensions which occurred between me and my housemates,Social Relationships,4,friends
5518,Being on your friends list made me very uncomfortable.,Social Relationships,4,friends
5519,ome people get pissed at me and just dont talk to me anymore and they never even talked to me about it like tina.,Social Relationships,4,friends
5520,Ok so she has attachment issues I guess but I still dont understand how a good friend would leave with no problem.,Social Relationships,4,friends
5521,The girl beside me is being a whiny bitch to her boyfriend.,Other,6,unknown
5522,i dont know but lately ive been feelin really lonely.,Emotional Turmoil,6,unknown
5523,Relationships tend to bring a superfluity of problems to a person's life.,Social Relationships,4,friends
5524,"When I lost Natalie, I grieved for over two months, and I didn't look at other girls mainly because I was still in shock over the loss of Natalie.",Social Relationships,4,friends
5526,"im getting kinda sick of people constantly butting into our business, and there being the extra worry about others.",Social Relationships,4,friends
5527,i feel bad for dorota's mom.,Family Issues,2,family
5529,Its just been hard coming to terms with losing a friendship that I had no say in.,Social Relationships,4,friends
5530,My dad told me about at christmas time when you were talking to him about how you were worried about me.,Social Relationships,4,friends
5531,i kno i think too much and too much into things but this year christmas is really bothering me.,Other,6,unknown
5532,The degree of my addiction is sad and scary.,"Health, Fatigue, or Physical Pain",3,health
5533,Being in my house with my family just always make things negative.,Family Issues,2,family
5534,"the past few days have been a mess, with her best friend going away just like that i was expecting a much less composed reaction from her.",Social Relationships,4,friends
5536,"This woman talks about how frustrated she is of falling for a guy, just to be dumped or not fallen for.",Social Relationships,4,friends
5537,"not to sound rude, sometimes i get sick of my friends cause a lot of the time i dont feel like i fit in with them.",Social Relationships,4,friends
5538,i felt so bad for sara on wednesday because she was so upset because her mom can be really harsh.,Other,6,unknown
5539,Please tell me why the hell I have so much trouble making new friends.,Social Relationships,4,friends
5540,"I think the hardest thing is turning down friends and family when they invite me to do something that I want to do, but just don't have time for.",Family Issues,2,family
5541,O man big mistake telling emily what was wrong because now she doesnt like my best friend.,Social Relationships,4,friends
5542,I dont know I am just getting annoyed by my roommates.,Social Relationships,4,friends
5543,i've been so moody and negative about life lately..its really starting to depress me.,Emotional Turmoil,6,unknown
5544,i dread going out of the way to socialize with pple i just don't feel comfortable around.,Social Relationships,4,friends
5545,I am stressed the fuck out over Christmas.,Other,6,unknown
5546,Work has gotten bad and just life is raping me.,Work,1,work
5547,Something bad happened with my family and it stressed me out and made me sad.,Family Issues,2,family
5548,"friends are not the same for that matter, its relations of the heart that takes a toll on me.",Social Relationships,4,friends
5549,The problem is that Brenda and her roommate are not talking so more drama!,Social Relationships,4,friends
5550,They're apparently veyr busy during the holidays.,Other,6,unknown
5551,I haven't spoken to my boyfriend in weeks and now he won't respond to me.,Social Relationships,4,friends
5552,Sometimes my husband GRATES on my nerves.,Family Issues,2,family
5553,I'm tired of putting my heart and my feelings on the line and then get hurt all over again.,Emotional Turmoil,6,unknown
5554,"Mr. Man's cousin tried to reschedule it for Sunday, but then grandma's roommate died and she got all upset, so that got cancelled too.",Family Issues,2,family
5555,"My performance at work isn't so great these days, although I don't know if my boss notices.",Work,1,work
5556,to top that off my mom isn't going to be with us for her birthday again this year. Because of her fiance and I'm getting pissed.,Family Issues,2,family
5557,It's just frustrating and hurtful when you feel this way around close friends.,Social Relationships,4,friends
5558,I'm depressed and now my friends are complaining because of it.,Emotional Turmoil,6,unknown
5559,due to peer pressure and anxiety of not being accepted by the people i call friends.,Social Relationships,4,friends
5561,I just have horrible relationships with people lately.,Social Relationships,4,friends
5562,"She was a little upset because she knows how some people get when they get boyfriends, and she was scared of losing our friendship.",Social Relationships,4,friends
5563,my problem now is that I can't find the balance of staying close with him as well as staying close with friends.,Social Relationships,4,friends
5564,my mom made me feel really bad about myself.,Family Issues,2,family
5565,"pests get really fkking angry when you try to blow them off, and that can be really awk when you have guests. as in, omg",Social Relationships,4,friends
5566,"My daddy didn't love us and left, so she had to work.",Family Issues,2,family
5567,I have been kinda spaced out for the past week.,Other,6,unknown
5568,his mom has issues her 2nd oldest has anger issues and my bfs mom was suicidal 2 months b4 I gave birth.,Family Issues,2,family
5569,all these bombings that are going on are realy starting to freak me out and fuck with my head.,Other,6,unknown
5570,Maybe it's because I'm calling your vet to discuss your dog's wart and how you terribly afraid it might be cancerous.,Family Issues,2,family
5571,"Right now, I have a lot of stress looming over me.",Other,6,unknown
5573,The big problem I'm having is that there is some kind of conflict going on inside me.,Emotional Turmoil,6,unknown
5574,I feel really lonely and depressed.,Emotional Turmoil,6,unknown
5575,"All because he yelled at me, he was blaming me, it hurts, it really does.",Social Relationships,4,friends
5576,"So yeah Im sad and whatnot, Ill miss the seniors SOOOOOO much but I cant take it anymore.",School,1,work
5577,"See, I feel pretty bad for my dad being kicked out of his house with all of his things still being here.",Family Issues,2,family
5578,sorry bout all that but i really needed to vent some stuff.,Emotional Turmoil,6,unknown
5579,I needed to relax very badly.,Other,6,unknown
5580,I assume it from stress and tiredness.,Other,6,unknown
5581,her husband and son are in jail too.,Family Issues,2,family
5582,When I get depressed like this I worry.. I worry that I'll do or say something wrong or not do something and push her away.,Emotional Turmoil,6,unknown
5583,"Sadly, one of the kittens died the second night I had them",Emotional Turmoil,6,unknown
5584,"its moments like this, im depressed and lonely.",Emotional Turmoil,6,unknown
5585,i'm sorry jr is in jail.,Social Relationships,4,friends
5586,I'm tired of the stress.,Other,6,unknown
5587,oh and lets not forget the people who are just oh so stressed out that they 'NEED a cigarrett.',Other,6,unknown
5588,"I, then, blame it on the cat when I want my parents to see and get me some help.",Family Issues,2,family
5589,"i am so unbelievably fucking pissed right now! the more i think about it, the more upset and pissed i get.",Emotional Turmoil,6,unknown
5590,Mado's father died at 12pm today and she was so upset.,Family Issues,2,family
5591,"then the vet came and basically said my horse is dying so that was a blow not to mention its been one year since my old dog, Koko died.",Emotional Turmoil,6,unknown
5592,Recently I've been realizing that I miss a lot of people more than I thought I would.,Social Relationships,4,friends
5594,Both President Bush and other top administration officials have spoken in menacing terms about Iran in recent days.,Other,6,unknown
5595,"Wtf, I am so overly emotional.",Emotional Turmoil,6,unknown
5596,"I have a HUGE Whelmed conflict, but I am trying to work it out.",Other,6,unknown
5597,im super stressed about everything and my life just doesnt make sense.,Emotional Turmoil,6,unknown
5598,i'm so upset and overwhelmed right now.,Emotional Turmoil,6,unknown
5599,I'm kinda distraught and no one is here to talk to.,Emotional Turmoil,6,unknown
5600,it happens sorry change is very stressful for me.,Emotional Turmoil,6,unknown
5601,"I feel so bad for her though because Jennifer has major post pardom depression and also, 2 weeks after the baby was born, Jennifers dad was killed.","Health, Fatigue, or Physical Pain",3,health
5602,"I have this, well, this thing where I worry inordinately about my cat.",Emotional Turmoil,6,unknown
5603,"Last night, Gerry and I had a dispute, I think it was overreacted but I still feel bad for hurting his feelings.",Social Relationships,4,friends
5605,Washington has been under heightened security because of the continuing threat of terrorism.,Other,6,unknown
5606,"It really sucks and I feel bad for her, and I just want things to get better for her.",Social Relationships,4,friends
5607,"That is to say, my real life one cat was two dream cats and they both died at the same time and I had to bury them.",Emotional Turmoil,6,unknown
5608,"I want so so badly to make them feel better, but we all know it's tough to cheer someone up when they've set their mind on being depressed.",Social Relationships,4,friends
5609,not being able to express myself makes me sad.,Emotional Turmoil,6,unknown
5610,"I get all depressed, because I am in so much pain and I have to go through this whole ordeal with out having my Mom to comfort me.",Emotional Turmoil,6,unknown
5611,"I'm under a lot of stress, and I don't think I can take all this on like I am.",Emotional Turmoil,6,unknown
5612,Saddest Memory? seeing my grandmother crying when my great grandma passed away Most Embarassing Memory?,Emotional Turmoil,6,unknown
5613,"Even if I know that I'm not going to die, I still freak out, and I can't calm myself down.",Emotional Turmoil,6,unknown
5614,I'm worried about my dog cos I found a tumor on her.,Emotional Turmoil,6,unknown
5615,i have so many emotional issues.,Emotional Turmoil,6,unknown
5616,BECAUSE I'M GOING INSANE WITH SO MUCH ON MY MIND PISSING ME OFF!,Emotional Turmoil,6,unknown
5618,its all so hard. to try to make myself feel better,Emotional Turmoil,6,unknown
5619,Emotional confusion and mental chaos.,Emotional Turmoil,6,unknown
5620,This stuff stress's me out so much and makes me wonder why this is happening.,Emotional Turmoil,6,unknown
5621,I ahte being lonely and depressed.,Emotional Turmoil,6,unknown
5622,"According to the Bush Administration, Iraq War veterans must be watched closely because they're a potential terrorist threat to military bases inside the US.",Other,6,unknown
5623,"Anxiety and a restless antagonism, as a result of unfulfilled emotional needs, has resulted in considerable stress.",Emotional Turmoil,6,unknown
5624,"So that stressed me out hardcore, and I went outside to smoke a cigarette, and this man comes up and starts lecturing me about my smoking.",Other,6,unknown
5625,Stressing over it's horrible trauma.,Other,6,unknown
5626,"that still hurts when i think about it but im trying as hard as possible not to dwell, i want to mend things because we need each other right now.",Emotional Turmoil,6,unknown
5627,It's even more difficult when I feel trapped because I don't know where to go with my career.,Work,1,work
5628,"Jenna fell in love, and had her heart broken, so we're all trying to deal with that.",Social Relationships,4,friends
5629,"I'm afraid that I might lose my patience with them and hurt them, traumatized them as I myself have been traumatized.",Emotional Turmoil,6,unknown
5630,"if I'm this upset over a cat, what am I going to do when someone I love dies? Fuck.",Emotional Turmoil,6,unknown
5631,My entries have been a bit sparse this past week.,Other,6,unknown
5632,"like today, it makes me extremly stressed.",Other,6,unknown
5633,"I've been having serious problems with depression latly, I'm just so lonely.",Emotional Turmoil,6,unknown
5634,We made a terrible mistake.,Other,6,unknown
5635,I'm scared of you falling apart and not being able to be there for you.,Social Relationships,4,friends
5636,what happened to Michael today makes me angrier than I've been in a long time.,Social Relationships,4,friends
5637,i know my dad is depressed because of the divorce and his job and the rest of his siblings aren't all that mentally stable either.,Family Issues,2,family
5638,"To Grave dismay, my little fury dog Scout has become incredibly ill.",Other,6,unknown
5639,Stress has made me irrational.,Emotional Turmoil,6,unknown
5640,I'm tired of putting myself through this mental strain.,Emotional Turmoil,6,unknown
5641,"right now being honest with myself and how im feeling is hard,and it hurts.im not sure how to deal when i cant wear all my emotions on my sleeve.",Emotional Turmoil,6,unknown
5642,"jared and i have been having this huge fight, and its been draining me terribly.",Social Relationships,4,friends
5643,"It is all my fault, I always have to start shit because of my fucking issues.",Social Relationships,4,friends
5644,"I'm having anxiety issues I think, I'm stressed out even though I don't think I'm trying that hard.",Emotional Turmoil,6,unknown
5645,"Growing up I had to watch my mother cry, beset by two problematic children and horrifying employment situations.",Family Issues,2,family
5646,Little do they know that even you sometimes have inner turmoil and struggles!,Emotional Turmoil,6,unknown
5647,"I have a ton of stress and I cant handle it, or anymore, right now.",Other,6,unknown
5648,"It was all about intense breakups, and emotional disconnection from your partner in marriage.",Social Relationships,4,friends
5649,I can't stand Travis' dad because he's constantly yelling at me and criticizing me or just belittling me in some way.,Social Relationships,4,friends
5650,"Latly i've just been feeling sick, and like sad and all that good stuff.",Emotional Turmoil,6,unknown
5651,"You are feeling stressed, vulnerable and helpless.",Emotional Turmoil,6,unknown
5652,I want to go to the doctor and get a blood test because I'm still so tired all the time that I keep getting worried I might have mono.,"Health, Fatigue, or Physical Pain",3,health
5653,Israel has expressed anxiety over Iran's stance.,Other,6,unknown
5654,i feel like im being put in tough positions in a lot of ways and i just dont know how to handle it.,Emotional Turmoil,6,unknown
5655,"Usually I wouldn't publicly post something like this, but I let my frustration get out of hand today and I said some things that I now regret.",Emotional Turmoil,6,unknown
5656,Lots of things causing stress.,Other,6,unknown
5657,See what happens when I get stressed out.,Emotional Turmoil,6,unknown
5658,"He's feeling depressed I guess, but its kind of scaring me.",Social Relationships,4,friends
5659,I dont think Im goin to be able to handle this whole week.,Other,6,unknown
5660,"as you passed out fast on my shoulder, I imagined a child waiting so sad and still for his mom to arrive.",Everyday Decision Making,6,unknown
5661,What happened To all the tear and screams I alreay went through Theres always More just waiting To crush me I'm feeling This idea Breaking,Emotional Turmoil,6,unknown
5662,"Mum and Dad keep shouting at me, and I feel like I'm not doing things right, although I'm not really sure what I'm not doing right.",Family Issues,2,family
5663,War just really scares me.,Other,6,unknown
5664,I think that the holidays lately have made me a little more acutely aware of my loneliness at times.,Emotional Turmoil,6,unknown
5665,I couldn't act normal and it frightened me.,Other,6,unknown
5666,Grief is such a complicated process that affects so many things.,Emotional Turmoil,6,unknown
5667,"No more, ""Anna, I need some help with this,"" or, ""Anna, I'm having trouble with this situation."" I need that. I need someone to need me.",Social Relationships,4,friends
5668,This whole thing has been making my life so stressful.,Other,6,unknown
5669,"With the situation in the Supreme Court soon to reach critical mass, I am very much afraid of where this country is going.",Other,6,unknown
5670,"Basically it involves my mom, and her ever growing depression because of my dad's absence.",Family Issues,2,family
5671,So scared and worried that everything is falling apart.,Emotional Turmoil,6,unknown
5672,"The thing is, war is a stressful situation that breaks people down to their most basic tendencies.",Other,6,unknown
5673,I think a lot of it is probably stress.,Other,6,unknown
5674,my MIriam quit. I'm concerned for her because its a medical issue but it made me frazzled a bit.,"Health, Fatigue, or Physical Pain",3,health
5675,"I felt so scared when I was pregnant, like where are we going to get money to raise another human?!?!",Financial Problem,5,finance
5676,"maybe stress, anxiety, wahtever but i cant keep doing this.",Emotional Turmoil,6,unknown
5677,EVERY time i get into trouble he always has to try to get my dad to punish me more and more. and gets me sooo pissed.,Family Issues,2,family
5678,I always get nervous about job interviews and meetings anyway.,Work,1,work
5679,I think it finally sunk it that my dog of 13 years had died.,Family Issues,2,family
5680,"i have a problem, and i need help.",Other,6,unknown
5681,"Things have been so dramatic and stressful for me, lately.",Emotional Turmoil,6,unknown
5682,i feel like s h i t. it's kind of hard for me to even describe the way that i feel right now. at the risk of not being understood,Emotional Turmoil,6,unknown
5683,Which has been a big problem for me trying to relax.,Emotional Turmoil,6,unknown
5684,lately i am sadder than usual and i dont know why. besides the fact that today was strait crappy.,Emotional Turmoil,6,unknown
5685,"I'm frustrated with the world, and I dont even know where to begin fixing it.",Emotional Turmoil,6,unknown
5686,"With the holidays coming up, this is a very hard time for some of us, and i think a little sensitivity is in order here.",Everyday Decision Making,6,unknown
5687,It makes for one hell of a traffic jam anyway.,Other,6,unknown
5688,"I suppose it is just a lot of stress, but over what?",Emotional Turmoil,6,unknown
5689,my brother is in JAIL.,Family Issues,2,family
5690,It's so fuckign stupid that my head is ready to explode just thinking about it.,Other,6,unknown
5691,I'm such a lonely person and I don't know how to fix THAT.,Emotional Turmoil,6,unknown
5692,I'm worried about alot of my friends because they're going through some hard stuff and I don't know how to help them.,Social Relationships,4,friends
5693,was this loose dog and i was killer upset cause my dog got dumped so it was just..sad.,Other,6,unknown
5694,People have been getting upset alot lately and it scares me.,Other,6,unknown
5695,"You often worry, and your worries prevent you from living life fully.",Everyday Decision Making,6,unknown
5696,"since my Nana died like a month and 2 days ago, I get really sad.",Family Issues,2,family
5697,It was so hurting when i found out that he was sad in this relationship.,Social Relationships,4,friends
5698,All my relationships aer unstable.,Social Relationships,4,friends
5699,"I worry about the SD, worry whether or not this is going to wreck her at a very crucial point in her life.",Social Relationships,4,friends
5700,i really don't know what to do with myself this week.,Everyday Decision Making,6,unknown
5701,paperwork and money and stuff seriously stress me out and make me want to barf..but its important..so yes. im officially scared.,Financial Problem,5,finance
5702,"my mood can't fit into that tiny space. scared, nervous, anxious, pissed off, tired, defiant, worried, paranoid, weird, angry. . .",Emotional Turmoil,6,unknown
5703,I am still hurt by some things that were said about me last night so i wasn't in the best mood but i am over it now thank god.,Social Relationships,4,friends
5704,"Please note that I am suffering greatly at this point, this was all hontou ni traumatic.",Emotional Turmoil,6,unknown
5705,You want to know how stressed I'm going to be?,Other,6,unknown
5706,"You must have a mental problem, you need help.",Emotional Turmoil,6,unknown
5707,I think the holidays are just a stressful time in general.,Other,6,unknown
5708,"for more sad news, I feel absolutely terrible.",Other,6,unknown
5709,I really need to straitghten alot of things out.,Other,6,unknown
5710,I get so nervous in those types of situations I don't even work on my audition,Emotional Turmoil,6,unknown
5711,Having experienced considerable disappointment of late and not knowing quite what to do about it this has led you to suffer a great deal of agitation and anxiety.,Emotional Turmoil,6,unknown
5712,"I don't really know how to handle the situation, and it makes me anxious if I think about it too much.",Emotional Turmoil,6,unknown
5713,To bad it's nasty..but oh well. Zach's new baby kitten died.,Other,6,unknown
5714,"those days usually turn into me being angry in the end, at myself at him, at the whole world.",Emotional Turmoil,6,unknown
5715, it was necessary because I really needed to vent.,Emotional Turmoil,6,unknown
5716,I feel so lonely and scared.,Emotional Turmoil,6,unknown
5718,i'm scared that i'm always going to make those mistakes.,Everyday Decision Making,6,unknown
5719,I have been going through a huge emotional issue lately and I cant control it.,Emotional Turmoil,6,unknown
5720,I'm really stressed and overwhelmed.,Other,6,unknown
5721,"It will help to remind me that ALL moms have irrational fears of being inadequate, and that all of us suffer pain and frustration and exhaustion.",Emotional Turmoil,6,unknown
5722,I know you are lonely and don't know what to do about things in your life.,Emotional Turmoil,6,unknown
5723,"There were a couple people specifically who hurt me by not calling, but I am over it.",Social Relationships,4,friends
5724,i'm just super anxious about things lately. anxious to the point of not being able to really accomplish too many things because i just get too anxious.,Other,6,unknown
5725,"My god, war majorly frightens me.",Other,6,unknown
5726,"I'm sick of me being so difficult, I can't choose anything or anyone becasue I'm scared, i'm scared of being happy again.",Emotional Turmoil,6,unknown
5727,"I miss a lot of my friends, but clearly not enough to call them.",Social Relationships,4,friends
5728,"I am getting really fed up with my boyfriend, as he keeps pulling all sorts of crap on me.",Social Relationships,4,friends
5729,"My dad tried to talk to me about what happened in my last post, but it just made me more depressed, even though it was nice that he cared.",Family Issues,2,family
5730,I have just been under alot of stress lately.,Emotional Turmoil,6,unknown
5731,All this stress is wracking my brain and I don't know what to do.,Emotional Turmoil,6,unknown
5732,It hurts til now. to see my family breaking into small pieces because of his departure. to see my dad,Family Issues,2,family
5733,"Now suddenly I have responcibilities and obligations it all seemed so scary, but now i really have to get my stuff together and pull through this tough situation im in.",Other,6,unknown
5735,i always ended up becoming very attatched to things and experienced terrible anxiety about getting rid of anything.,Emotional Turmoil,6,unknown
5736,"Um, I know his mother died and his uncle and aunt don't really want him.",Family Issues,2,family
5737,"I feel like I hurt so much, my mind hurts, my emotions hurt.",Emotional Turmoil,6,unknown
5738,"One thing we all agree on is that we have to support the troops, and that the risk of terror attacks is higher due to this war.",Other,6,unknown
5740,The way things are you are under considerable stress and you feel that there is little hope of matters righting themselves.,Emotional Turmoil,6,unknown
5741,"Everyone, I repeat, everyone fears the Inevitable Moment.",Other,6,unknown
5742,"he said he was all worried, and needed to see me asap.",Social Relationships,4,friends
5743,I never talk about the present and I feel detached from my character.,Emotional Turmoil,6,unknown
5744,Well I am all alone and sad and depressed but I feel it even more right now.,Emotional Turmoil,6,unknown
5745,I don't know what to expect with the next coming months.,Other,6,unknown
5746,I can't be perfect and I do mess up here and there but always try and make things better the next time.,Other,6,unknown
5747,I'm tired of being stressed out.,Emotional Turmoil,6,unknown
5748,"I was lonely, and depressed.",Emotional Turmoil,6,unknown
5749,"I'm always a bit scared because, like I said, everytime I say something it causes trouble.",Emotional Turmoil,6,unknown
5750,I need to release a lot of anger.,Emotional Turmoil,6,unknown
5752,"I feel insecure, unsafe, I'm afraid that everything is going to kill me.",Emotional Turmoil,6,unknown
5753,Tired of the pressure and the stress.,Everyday Decision Making,6,unknown
5754,"In addition to that, I'm having a serious problem in my relationship with Elise.",Social Relationships,4,friends
5755,You can get very upset when you are frustrated.,Emotional Turmoil,6,unknown
5756,I had to talk to the owner to verify that he indeed wanted his cat put to sleep.. it was really sad.,Other,6,unknown
5757,"As if it wasn't obvious, I have serious issues dealing with my own emotions.",Emotional Turmoil,6,unknown
5758,"Hes such a good puppy, but hes miserable and has a lot of health problems.","Health, Fatigue, or Physical Pain",3,health
5760,i am scared that i can not handle the things that life has in store for me.,Emotional Turmoil,6,unknown
5761,why is it that it's the ones who you love who are the ones who treat me like crap? Hurts a lot and makes me feel proper sad.,Emotional Turmoil,6,unknown
5762,"We are in dire need of a nice place to refer, especially since the incident with the heart medication dog.",Other,6,unknown
5763,Life is getting to be very overwhelming right now I have added the extra stress I was trying to stay away from relationships.,Social Relationships,4,friends
5764,"I hate my job, I don't have time to date, I don't have time to exercise, and when I do I'm way too tired from work.",Work,1,work
5765,"I'm freaking out, I need this so bad.",Other,6,unknown
5766,Context matters. Manipulating the Iranian hostage situation matters.,Other,6,unknown
5767,I don't know what solution is best to deal with this month.,Everyday Decision Making,6,unknown
5768,probablly from being so stressed out lately.,Other,6,unknown
5769,"Your Actual Problem Anxiety and restless dissatisfaction, either with circumstances or with unfulfilled emotional requirements, have produced tension and stress.",Emotional Turmoil,6,unknown
5770,"I'm trying really hard though, to find my place, to find my stance on this matter.",Other,6,unknown
5772,"Third, problems in my family that I can't fix are majorly stressing me out.",Family Issues,2,family
5773,we went to robins long lost grandparents house and we cryed cause it was so sad. and,Family Issues,2,family
5774,Wold probly releive a lot of stress I have built up.,Emotional Turmoil,6,unknown
5775,I'm always scared of forgetting something.,Other,6,unknown
5776,"sure, we've been under a lot of stress.",Other,6,unknown
5778,Stress is happening and that isn't good.,Emotional Turmoil,6,unknown
5779,You are experiencing extreme emotional disappointment because it would seem that a particular relationship is no longer running smoothly.,Social Relationships,4,friends
5780,"twice I left meetings with Lissa to rush there, and practiced my ass off, and stressed about what I was gonna wear.",Everyday Decision Making,6,unknown
5781,Work is stupid but I continue to fail upward and I can't think of anything else to do anyway.,Work,1,work
5782,it's complete traffic bottleneck.,Other,6,unknown
5783,"The young girl, Terra, was upset and spent my time with her trying to console her.",Social Relationships,4,friends
5784,"Im tired, bored, lonely, restless, sad and comforted all at once.",Emotional Turmoil,6,unknown
5785,I was told I have a major attitude problem and that my life is full of drama by someone who doesn't even really know me.,Social Relationships,4,friends
5786,"It doesn't sound professional at all, it all seems very emotional and desperate.",Other,6,unknown
5787,I resolve to lose this uncomfortable weight that came with stress.,"Health, Fatigue, or Physical Pain",3,health
5788,I saw how Stanley gave her dad a hard time because he smoked.,Family Issues,2,family
5789,I have an EXTREME headache from my brothers bickering back and forth.,"Health, Fatigue, or Physical Pain",3,health
5790,I don't know what to do with my life and I just feel lost.,Everyday Decision Making,6,unknown
5791,I have major problems and I need to figure out how to deal with them.,Emotional Turmoil,6,unknown
5792,the whole world is against me. to all of you who have said,Emotional Turmoil,6,unknown
5793,i'm sick of being worried about it all the time.,Emotional Turmoil,6,unknown
5794,"about a month ago i went to his grave with my family, and i sobbed.",Family Issues,2,family
5795,"I am sick and tired of the drama, of trying to do the ""right thing"", and of trying to handle it all.",Social Relationships,4,friends
5796,"It hurts my feelings a great deal, but I am not allowed to express that.",Emotional Turmoil,6,unknown
5797,i am stressed out and i am lonely.,Emotional Turmoil,6,unknown
5798,Chibi has been really irritating lately and constantly checks in on me so see how many reservations I'm doing.,Work,1,work
5799,Why do I feel like this?I have been depressed so bad today.,Emotional Turmoil,6,unknown
5800,I'm not either! I have my own severe issues and my own overwhelming problems going on that cripple me to some extent.,Emotional Turmoil,6,unknown
5801,So all that just messed me up or something.,Emotional Turmoil,6,unknown
5802,"I hope you can understand that even though I have to get married to make an heir, I can't love her.",Social Relationships,4,friends
5803,"ended up writing this ""woe is me"" story about how stress is taking hold of my mental stability.",Emotional Turmoil,6,unknown
5804,I am feeling shitty and lonely.,Emotional Turmoil,6,unknown
5805,"I was really concerned that something had happened to her, and I that would make me sad.",Social Relationships,4,friends
5806,"It is only natural for him to feel tired coz NS life is so tough, and to make things worse, he is sick.","Health, Fatigue, or Physical Pain",3,health
5807,"I'm all busy detatching because I think it's gonna be something like I can't keep this up, which is what I'm feeling.",Emotional Turmoil,6,unknown
5808,my life is falling apart at the seams.,Emotional Turmoil,6,unknown
5809,i just need to sort a lot out and i think its time i got help from people who really know what is wrong with me.,Social Relationships,4,friends
5810,I really do think all this stress has made me literally insane.,Emotional Turmoil,6,unknown
5811,I know I haven't been sleeping very well this past week.,"Health, Fatigue, or Physical Pain",3,health
5812,"She was telling me some of the problems he came accross with his last girlfriend, and it was mainly because she wasnt outgoing.",Social Relationships,4,friends
5813,"When you cry at watching Ladder 49 because she loses the love of her life, imagine if that acutally happened to you.",Other,6,unknown
5814,Not I am just so mad right now i am going to burst.,Emotional Turmoil,6,unknown
5815,"It's starting to really upset me now, so I've got to prepare my brain for the emotional wave coming onshore.",Emotional Turmoil,6,unknown
5816,"I am too keyed up an distractable, all the time, terrified about everything I haven't done that I should do.",Emotional Turmoil,6,unknown
5817,"i can't stand living here.if something happends it gets pinned on me,like its my fault or like i have the answers to the fuckin problems.",Emotional Turmoil,6,unknown
5818,for some reason i did and now im just lonely and depressed and missing him more than i ever thought i would.,Social Relationships,4,friends
5819,Your brother tells you he's in jail what do you say? what happened?,Family Issues,2,family
5820,oh one more thing.. Brandon's dog is dying and i feel like an ass because i couldn't be there for him.,Social Relationships,4,friends
5821,"my life is so hard, and my boyfriend just broke up with me, and my parents got a divorce.",Social Relationships,4,friends
5822,"its really sad that when i come home, before i even arrive at my house, my dad and i get in a fight.",Family Issues,2,family
5823,i dunno i guess i am just too emotional about certain things.,Emotional Turmoil,6,unknown
5824,everything i do is a mistake.,Other,6,unknown
5825,This crackwhores husband is STILL bitching about the cigarette roller.,Social Relationships,4,friends
5826,"My temper is going to get out of control one day with these doctors, and its going to be bad.",Emotional Turmoil,6,unknown
5827,So I feel really irresponsible lately. I was supposed to meet chrissy to get the key to the apartment to feed her cat while she's gone.,Social Relationships,4,friends
5828,"Iran, having nukes, scares the bejesus out of me.",Other,6,unknown
5829,it's very frustrating finally having a means to acheive these things but not being able to take action.,Everyday Decision Making,6,unknown
5830,Couple of months ago when I had to put my 15 year old dog down.,Emotional Turmoil,6,unknown
5832,"Here it is, you probably caught me at the most stressful, confusing, emotional, and mind bending part of my life.",Emotional Turmoil,6,unknown
5833,It has definitely put me through a lot of emotional stress.,Emotional Turmoil,6,unknown
5834,"You are very prone to become depressed and moody, as emotions can turn inward and cause anxiety and mental turmoil.",Other,6,unknown
5835,FURTHER THE REPUBLICAN CAMPAIGN OFFICE IT HAS A TENSE FEEL TO PASS BY THE AREA LIKE A MORTAR ATTACK MAY ENSUE AT ANY TIME.,Other,6,unknown
5836,"I feel so angry, can you take it?",Emotional Turmoil,6,unknown
5837,I'm having an actual and real mental and emotional breakdown. I'm lost and depressed.,Emotional Turmoil,6,unknown
5838,"LOL When she passed my grandpa was very depressed and I think that made his alzheimer's ""come on"".",Family Issues,2,family
5839,So now I'm in this really shitty mood where I don't feel like I will or can do anything with my life.,Emotional Turmoil,6,unknown
5840,"just feel stress, kinda empty and just depressed.",Emotional Turmoil,6,unknown
5841,The entire Virginia Tech massacre deeply disturbed me.,Emotional Turmoil,6,unknown
5843,just a big fuck you to everyone that doubts me.,Social Relationships,4,friends
5844,my grandpa is sick and i cant handle that right now. pray for him please i would miss so much.,Family Issues,2,family
5845,"I'm very frustrated right now, as I do get from time to time, because of the worries of the future pressing on me.",Everyday Decision Making,6,unknown
5846,this has become particularly difficult at work because i have constant fears that they are meeting to dicsuss firing me.,Work,1,work
5847,All you people who have problems I can't solve everything!!!,Social Relationships,4,friends
5848,"I'm so frustrated with life right now, I can't even think of anything to say.",Emotional Turmoil,6,unknown
5849,I've just been ridiculously emotional.,Emotional Turmoil,6,unknown
5850,I am in need of therapy.,Emotional Turmoil,6,unknown
5851,"Now all of a sudden, they're getting a divorce.",Family Issues,2,family
5852,"my mom and my brother constantly fight, over the stupidest things.",Family Issues,2,family
5853,i am just really hurting right now and i feel like i have nobody to talk to.,Emotional Turmoil,6,unknown
5854,i'm just really upset right now and i hope it will get better.,Emotional Turmoil,6,unknown
5855,My family's falling apart and my mother is going into depression.,Family Issues,2,family
5856,the holidays stressed me out.,Other,6,unknown
5857,tremendous anxiety is keeping me from getting anything done.,Emotional Turmoil,6,unknown
5858,I just have major anxiety issues I think and they're screwing me up royally.,Emotional Turmoil,6,unknown
5859,"People with ADT have difficulty staying organized, setting priorities, and managing time, and they feel a constant low level of panic and guilt.",Emotional Turmoil,6,unknown
5860,ughh things are just always so shitty and i want them to be better.,Emotional Turmoil,6,unknown
5861,That and disagreements over how to react to their situation strained their marriage.,Family Issues,2,family
5862,So yeah. I got alot of stressfull things going on in my life right now.,Other,6,unknown
5863,"I've been so stressed about this new job, my musicianship, and the hurricane situation that at work I broke out with like two hives on my neck.",Work,1,work
5864,"I have been under an extreme amount of stress lately, and it wasn't right for me to take it out like I did.",Emotional Turmoil,6,unknown
5865,"Her mom has cancer, too so I'm trying to help her stay strong but its hard being someone's rock when you feel like crumbling yourself.",Social Relationships,4,friends
5866,Too much stress in my life.,Emotional Turmoil,6,unknown
5867,I guess it is just that i am lonely and i dont know what is wrong with me why i cant make friends like everyone else does.,Social Relationships,4,friends
5868,I obviously need the help lol.,Other,6,unknown
5869,You need to come back because I need to talk to you damit!,Social Relationships,4,friends
5870,"stressful at times, VERY stressful at other times.",Other,6,unknown
5871,You can sometimes be a person of great internal stress.,Emotional Turmoil,6,unknown
5872,Our Dog Passed away after 12 years.,Emotional Turmoil,6,unknown
5873,"It just confused me more, and my head is now going to proceed to explode.",Other,6,unknown
5874,comes the personal problems.,Emotional Turmoil,6,unknown
5875,I don't know if I can handle this shit anymore this week.,Everyday Decision Making,6,unknown
5876,he called back n he was making me feel bad saying i had hurt his feelings the night before and so i was apologizin.,Social Relationships,4,friends
5877,"it is getting on my nerves, i think i am stressing way to much over it but i cant really figure out how to stop.",Emotional Turmoil,6,unknown
5878,I am trying to chalk it up to stress and maybe pms.,Everyday Decision Making,6,unknown
5879,i've been so tired and sick and sad.,"Health, Fatigue, or Physical Pain",3,health
5880,I've had too much heartbreak.,Emotional Turmoil,6,unknown
5881,"Scully is so sad and depressed so me, my mom, and Melissa want to get her a friend.",Social Relationships,4,friends
5882,I just ran in to an interesting arguments about what's going on in Iraq How things seem so out of control.,Other,6,unknown
5883,my older brother and his wife are getting divorced and i feel really bad for them. him i mean.,Family Issues,2,family
5884,My feelings are majorly hurt!,Emotional Turmoil,6,unknown
5885,"You are an emotionally complex group, and you can be prone to some very strange behavior.",Emotional Turmoil,6,unknown
5886,I am infact a huge mess of emotions and ridiculous things.,Emotional Turmoil,6,unknown
5887,Its really sad though that the holidays are almost over.,Other,6,unknown
5888,ON TOP of all this emotional stress that been hiding inside of me ive been dealing with MAJOR stress about the play.,Emotional Turmoil,6,unknown
5889,Been in love. Cheated in a relationship Woke up crying.,Social Relationships,4,friends
5890,"As you can imagine, it's even more dangerous to drive around thoses messes. Infuriating!",Everyday Decision Making,6,unknown
5891,"Before my mother even called this morning I spent a half hour cradled in Jay's arms sobbing, mourning the loss of the person my brother used to be.",Family Issues,2,family
5892,Insecurities and the inability to deal with them.,Emotional Turmoil,6,unknown
5893,"Although, i'm still pretty stressed but i'm trying really hard not to think about where things are going to go right now.",Emotional Turmoil,6,unknown
5895,"Instead, this seems to say, I am most afraid of overextending myself and not being able to meet all the obligations that I've put on myself.",Emotional Turmoil,6,unknown
5896,"There's so much I need to vent about, or gossip about, or just let out.",Emotional Turmoil,6,unknown
5897,"I am feeling almost completely overwhelmed by stress, atm.",Emotional Turmoil,6,unknown
5898," I was super tired and just didn't feel like being sociable, which you absolutely have to be at my job.",Social Relationships,4,friends
5899,i'm under an unusual amount of stress here,Emotional Turmoil,6,unknown
5900,"Washington planners had been advised, even by their own intelligence agencies, that the invasion was likely to increase the risk of terror.",Other,6,unknown
5901,my stress levels cant handle this!!,Other,6,unknown
5902,"My girlfriend's been going through a tough emotional time now and she's been feeling overloaded with everyone else's problems, so she kind of burrowed into her shell for a bit.",Emotional Turmoil,6,unknown
5903,"Your constant bickering over politics, social issues and such things is driving the rest of us insane.",Social Relationships,4,friends
5904,"two, The dog gets super sad and misss her daddy.",Other,6,unknown
5905,With all the freaking drama it is like i cannot do anything without it affecting everyone else.,Social Relationships,4,friends
5906,"two days ago, shadow and the last of her kittens passed away from injury and neglect.",Other,6,unknown
5907,"I'm afraid she's gonna like yell at me, and freak me out and all.",Social Relationships,4,friends
5908,The recurrent nightmare I had since my uncle's death when I was twelve years old.,Emotional Turmoil,6,unknown
5909,oh well i know he's back home now from his dads house and all so hes depressed cuz of leavin ally and jake and kayla..so i dunno we'll see.,Family Issues,2,family
5910,"I'm trying to fight it, to overcome it, to accept head on the events on the horizon.",Emotional Turmoil,6,unknown
5911,"Today I quit the charity job because I hated it, I get really stressed out because when I don't sign people up I get pissed off.",Work,1,work
5912,"Your Actual Problem Anxiety and a restless dissatisfaction, either with circumstances or with unfulfilled emotional requirements, have produced considerable stress.",Emotional Turmoil,6,unknown
5913,Missy we so have to talk soon i really need to call you.~Manda,Other,6,unknown
5914,"So, he and I have to have a talk about calling me and being like ""Something came up talk to you ASAP"" Ok?",Social Relationships,4,friends
5915,"Scratch that, the roads in this whole damn state are confusing.",Other,6,unknown
5916,Everyone on my team cannot stand him.,Social Relationships,4,friends
5917,"So, why do I find myself filled with guilt? I'm striving to be a better person, I don't want to be an asshole anymore.",Emotional Turmoil,6,unknown
5918,I HAVE BEEN FEELING VERY SICKLY AND SAD THESE DAYS.,"Health, Fatigue, or Physical Pain",3,health
5919,"With my mind going crazy and with me missing so much work, it's going to be so hard for me to catch up.",Work,1,work
5920,my emotional isolation is starting to concern me.,Emotional Turmoil,6,unknown
5921,i am so angry right now i really just want to start throwing things why are my emotions so extreme lately?,Emotional Turmoil,6,unknown
5922,"i haven't been happy with us, and its only just been the past week.",Social Relationships,4,friends
5923,I feel lonely and sad and depressed and stressed.,Emotional Turmoil,6,unknown
5924,"I need help, I need support, I need to talk and I need to be listened to.",Emotional Turmoil,6,unknown
5925,so my life has been so stressful lately.,Emotional Turmoil,6,unknown
5926,We had a big fight and I'm sick of caring about him when he doesn't even want to be my friend.,Social Relationships,4,friends
5927,I'm am having much stress.,Other,6,unknown
5928,"Yeah, I haven't been sleeping well and that could be part of all the weird feelings this past week.","Health, Fatigue, or Physical Pain",3,health
5929,Not being able to do this with anyone makes me sad.,Emotional Turmoil,6,unknown
5930,I'm falling apart physically and emotionally.,Emotional Turmoil,6,unknown
5931,"my dad is in jail, and i have a lot of complication with some friends.",Family Issues,2,family
5932,I just have a lot of stresses in my life right now.,Other,6,unknown
5933,It's stress. I need to start meditating or something.,Emotional Turmoil,6,unknown
5934,"u have no idea Anyways some of my friends lives are all in a wreck right now and it makes me feel so, so, so bad for them.",Social Relationships,4,friends
5935,I don't know what to do for the remaining hours of today.,Everyday Decision Making,6,unknown
5936,"it feels like i can't get out of this house, these days. obligation and paranoia and nerves caging me with threats of bodily harm.",Emotional Turmoil,6,unknown
5937,Kelly is crazy stressed with the packing and the moving and the wedding and the dealing with all family all the time.,Family Issues,2,family
5938,I'm feeling especially lonely right now.,Emotional Turmoil,6,unknown
5939,i just get mad at him bc he smokes so much and like its really hard to explain.,Social Relationships,4,friends
5940,like totally depressed. dont wanna see or talk to anyone.,Emotional Turmoil,6,unknown
5941,I just feel really icky mentally. I'm drained and my patience is wearing thin and I'm stressed as hell and just pissed off.,Emotional Turmoil,6,unknown
5942,Overwhelmed stressed which makes me have no appetite and worried I unable to clear all the work loads.,Emotional Turmoil,6,unknown
5943,It just reinforces how depressed and alone I really feel.,Emotional Turmoil,6,unknown
5944,It's really traumatic for me in a lot of ways right now.,Emotional Turmoil,6,unknown
5945,"I'm losing control of my emotions and my thoughts, and it scares me.",Emotional Turmoil,6,unknown
5946,People fight too much. I can't help but be pissed off at everything in my life right now.,Emotional Turmoil,6,unknown
5947,I have been struggling a bit with myself and things emotionally lately.,Emotional Turmoil,6,unknown
5948,This whole thing is getting blown out of perportion and really making me mad.,Emotional Turmoil,6,unknown
5950,"I'm still struggling with the whole ""feelings"" things and have some major mood swings about it sometimes.",Emotional Turmoil,6,unknown
5951,"Gosh, this hurts me so much.",Emotional Turmoil,6,unknown
5952,some times it seems like it is breaking because i'm worrying all the time.,Emotional Turmoil,6,unknown
5953,Ever get that feeling when your so lonely your just sad?,Emotional Turmoil,6,unknown
5955,I think its just so much stress and like AHHH that im going crazy.,Emotional Turmoil,6,unknown
5956,We didnt know any better. or maybe it's just the fact that i miss all my friends so much.,Social Relationships,4,friends
5957,"I have to pay for the key to be made, and I need to get money for other activities this week.",Financial Problem,5,finance
5958,things are hectic and money is issue with me right now.,Financial Problem,5,finance
5959,i hate living and i hate everything its like im entirely empty and i cant find a single thing to be happy about.,Emotional Turmoil,6,unknown
5960,that's just because I so couldn't afford how much I spent.,Financial Problem,5,finance
5961,I don't have a cell phone and probably never will again because since I can't manage my money I can't afford a good one.,Financial Problem,5,finance
5963,i really need to make more money.,Financial Problem,5,finance
5964,"i dont even know how i paid it, because i had no money. and funny thing.",Financial Problem,5,finance
5965,"i dont have a car now bc it costs to much to fix, so its a total loss.",Financial Problem,5,finance
5966,"I blame tudor oaks for making me lose a months worth of pay, on top of zero notice for me to go looking for a job.",Work,1,work
5967,"I was barely able to maintain any retail shows, and thats where the serious money is.",Financial Problem,5,finance
5968,"I need to be here so I can work, I need money hard core.",Financial Problem,5,finance
5969,i dont know if im going to be able to manage my money.,Financial Problem,5,finance
5970,I couldn't REALLY afford to have a 2 week gap in pay between jobs.,Financial Problem,5,finance
5971,Like it's my fault there is no money.,Financial Problem,5,finance
5972,"Hence, we are pretty much financially broke.",Financial Problem,5,finance
5973,it took us an hour to get our rental car picked up because Thrifty sucks at life.,Everyday Decision Making,6,unknown
5974,"Wait, I don't have any money so scratch that idea.",Financial Problem,5,finance
5975,the problem is my family fucking sucks and is so goddamn poor that they are having trouble coming to pick me up.,Family Issues,2,family
5976,I'm sad I won't be able to run with Anna the next two weeks.,Social Relationships,4,friends
5977,"It's like two weeks pay won't even be enough to cover the cost of one round trip ticket, and I have to go once a month!",Financial Problem,5,finance
5978,I don't get paid until tomorrow and this ruins my life.,Work,1,work
5979,"After all, their employer refuses to hire enough staff to realistically cover all duties, so why should they go out of their way to do a good job?",Work,1,work
5980,I don't really have the money to go as much as I'd like.,Financial Problem,5,finance
5981,We can't afford the transaction overhead.,Financial Problem,5,finance
5982,I just paid off my car and can't really afford it.,Financial Problem,5,finance
5983,he lost his and really needs money cuz hes got bills ha.,Financial Problem,5,finance
5984,"I feel my life slipping away a day at a time, utterly wasted because of the mismanagement of my employers.",Work,1,work
5985,I still don't have as much money as I would like.,Financial Problem,5,finance
5986,I spend money on classes that hold no interest for me so I don't do the work and now I'm very behind.,School,1,work
5988,Dammit i really need a job so I can get some money.,Financial Problem,5,finance
5989,"it costs a lot of money to travel, but i feel like my parents don't do it enough.",Family Issues,2,family
5990,"I have no money, I'm in debt.",Financial Problem,5,finance
5991,it's always frustrating when people who make more money than you talk about how poor they are.,Financial Problem,5,finance
5992,"Rhode Island, like the rest of the country, is in a heap of trouble financially.",Financial Problem,5,finance
5993,Money is being tight and it's worrying me more than I care to admit.,Financial Problem,5,finance
5994,Nothing to do and no one answers their phones because I'm a big loser.,Social Relationships,4,friends
5995,These few weeks are extremely busy weeks where the number of assignments due are too many for our own good.,School,1,work
5996,my parents and i have been long been ridiculed and treated poorly by my father's family and my parents really cannot afford to pay that much.,Family Issues,2,family
5997,"She's under a bit of stress and feels like she's in a permanent rut down here, especially in the financial spectrum.",Financial Problem,5,finance
5998,I'm starting to feel really on edge since I have no income and I'm spending a lot of money.,Financial Problem,5,finance
5999,"My car is frightening right now, And I can't afford to fix it.",Financial Problem,5,finance
6000,It's a shame that I don't manage my money very well.,Financial Problem,5,finance
6001,"Well, our pass making machine has been broken for the last month, so we couldn't do it.",Other,6,unknown
6002,"My car is messed up, and we're short of the funds needed to deal with it at the moment.",Financial Problem,5,finance
6003,I don't make money to add to our finances.,Financial Problem,5,finance
6004,Just what i need is to owe more money.,Financial Problem,5,finance
6005,"I'm tight on money, so I can't afford to really go out and buy any material.",Financial Problem,5,finance
6006,my bank account is running out of money.,Financial Problem,5,finance
6007,We don't have enough to pay bills.,Financial Problem,5,finance
6008,I also just don't have enough money to pay someone to design a site for me.,Financial Problem,5,finance
6009,I've been doing TERRIBLE at managing my money lately.,Financial Problem,5,finance
6010,"I really need to find someway to make some money, which means applying for jobs.",Financial Problem,5,finance
6011,"Of course, on a related note, I'm starting to be concerned about my money.",Financial Problem,5,finance
6012,My truck borke down last week so I don't have a truck that could make it to Kentucky.,Financial Problem,5,finance
6013,"I finished shifting in one section earlier this week, and unfortunately can do no more because there aren't enough shelves to go around.",Other,6,unknown
6014,The only problem is that we don't have any of the money right now and I have a car payment and insurance due in about a week.,Financial Problem,5,finance
6015,"What doesn't help is the fact that I still haven't gotten my physical for my job, so I can't work to make any money.",Work,1,work
6017,I'm struggling to make rent as I lost my job and kinda have nowhere to go.,Financial Problem,5,finance
6018,Totaled car means no car means another car means huge ridiculous payments that I really cant afford.,Financial Problem,5,finance
6019,"However, I can't pay for the GED yet because I don't get enough hours at work.",Financial Problem,5,finance
6020,Delays delays delays Too bloody busy the last few days to write.,Other,6,unknown
6021,it's hard cause I dont use cash too often now. anyway.,Financial Problem,5,finance
6022,"Worst of all, I have work today, and as I have already had the weekend off sick, I can hardly call in again this morning.",Work,1,work
6023,Had a terrible financial fright today.,Financial Problem,5,finance
6024,"in became ""I suck at writing and will never finish anything"" or ""I have no money and am a failure as a responsible adult"".",Emotional Turmoil,6,unknown
6025,"I am sad, because my paid account expired, and I no longer have access to my friendsfriends page.",Other,6,unknown
6026,Now I can't afford that because the fucking truck is broke.,Financial Problem,5,finance
6027,How am i supposed to make a living from this when I just can't get into it. I feel like it's making me seriously miserable.,Work,1,work
6028,"that's the thing, all money does it makes you worry that you will not have enough to sustain your life.",Financial Problem,5,finance
6029,Too bad i don't have enough money to buy them.,Financial Problem,5,finance
6030,amount of money ill be making from work in the next two weeks.,Other,6,unknown
6031,Which really sucks cause I have no money.,Financial Problem,5,finance
6032,My computer crapped on itself at the beginning of the week and no amount of work has managed to revive it yet.,School,1,work
6033,I've been struggling so much with the admin and the boring side of life and its taken over a bit and I don't like it.,Everyday Decision Making,6,unknown
6034,"I need a job very badly, I am going to run out of money very soon.",Financial Problem,5,finance
6035,Can't even get any from my folks and with over a week to go till I get my first payslip from my new job things are looking dicey.,Family Issues,2,family
6036,I am really bad with money and struggle to save or spend appropriately.,Financial Problem,5,finance
6037,My credit isn't good enough for a loan.,Financial Problem,5,finance
6038,hence why i want more money!,Financial Problem,5,finance
6039,I'm didn't see my therapist this week due to money.,Financial Problem,5,finance
6040,we lost our payday for our last job.,Financial Problem,5,finance
6041,"Unfortunately, I have no money.",Financial Problem,5,finance
6042,I don't get paid nearly enough to be doing both.,Work,1,work
6043,"Problem is, I couldn't afford the rent right now.",Financial Problem,5,finance
6044,"My financial situation is stressing me out so much, basically in that it doesn't exist.",Financial Problem,5,finance
6045,"I can't afford my car insurance as it is, let alone if the rates went up.",Financial Problem,5,finance
6046,"i am less than fruitful when it comes to work lately, and i am disturbingly behind.",Work,1,work
6047,I am stressing a bit about money.,Financial Problem,5,finance
6048,I need to figure out a way to make more money.,Financial Problem,5,finance
6049,I don't make enough money to be able to call in as much as I do.,Financial Problem,5,finance
6051,I don't know how this is going to be accomplished as of yet because I don't have money and I'm extremely uncoordinated.,Financial Problem,5,finance
6052,"The down side is, though, that knowing I don't have enough money to cover everything, even the bills i knew were coming seem to hammer down on me.",Financial Problem,5,finance
6053,"It's pretty scary.. ok there's abit of money coming in from here and there, but compared to what papa's been getting, I think we're gonna have to cut back alot.",Financial Problem,5,finance
6054,I need to be paid more because I'm broke and I just got a bunch of bills and it makes me so sad.,Financial Problem,5,finance
6055,I just feel really bad that i can't make enough money where he wouldn't need to do this.,Financial Problem,5,finance
6056,I can't get enough money to live on.,Financial Problem,5,finance
6057,That sucks because i have no money.,Financial Problem,5,finance
6058,"It's the loan that's holding everything else up, which is highly frustrating.",Financial Problem,5,finance
6059,What's the differance between slavery and being forced to work because everything is so expensive?,Work,1,work
6060,I didn't have as much money saved as I'd have liked.,Financial Problem,5,finance
6061, I doubt my paycheck will cover it.,Financial Problem,5,finance
6062,"i need money, i'm so poor.",Financial Problem,5,finance
6063,I'm now not going to have a car for about a week so that sucks.,Other,6,unknown
6064,My money situation is grim and scary.,Financial Problem,5,finance
6065,"I want to call into work sick tomorrow so badly and take a day to recoup, but I can't afford to, and that just makes it all the worse.",Work,1,work
6066,"Because of this, we've been very poor.",Financial Problem,5,finance
6067,The financial part of it all is crappy because I am basically getting nothing for my old car.,Financial Problem,5,finance
6068,"i already had to cancel my classes tomorrow, which is no good for a poor teacher like me.",Work,1,work
6069,"Ive just been bombarded by so much work, my pap is really not doing well, and i thought one of my closest friends was upset at me.",Work,1,work
6070,"Lately, work has made me so tired that I don't even have time to get undressed..",Work,1,work
6071,"Classes are tough, i haven't got a job yet. no income of money.",School,1,work
6072,I found out my dad Is losing his job.,Family Issues,2,family
6073,Money is tight though and I have to pay off these stupid student loans.,Financial Problem,5,finance
6074,i dont get paid enough to suffer this much.,Work,1,work
6075,"my family is so broke rite now that they cant even afford to pay for our van's registration and inspection, so pretty much i am fuct.",Financial Problem,5,finance
6076,"Its sucks im so worried because i cant afford the art book and the mid term is next thursday, stupid money.",Financial Problem,5,finance
6077,I'm almost positive that my parents aren't going to get along all next weekend and that my house is going to be a hell hole.,Family Issues,2,family
6078,I just can't take this problem speech anymore and my boss is a bit annoyed by it.,Work,1,work
6079,I have decided that I need to be making more money.,Financial Problem,5,finance
6080,"well work is going to suck the next couple weeks or should i say my paycheck, I am sceduled two days the next two weeks, how much does that suck.",Work,1,work
6081,Need to earn more money. somehow,Financial Problem,5,finance
6082,He made everyone in debt and he couldn't walk.,Financial Problem,5,finance
6083,"I wish I could work more hours, I'm desperate for money.",Financial Problem,5,finance
6084,"Additionally money is a really big issue, and it keeps making me soo tense.",Financial Problem,5,finance
6085,"oh, i dont get paid til oct 3rd, and too bad i have a car payment due four days before that.",Financial Problem,5,finance
6086,"It's compounded by feeling like Work is pretty much pointless and stressful, and that I get hardly any free time any more.",Work,1,work
6087,oh well i need more money.,Financial Problem,5,finance
6088,Ulta isn't making enough money so they are cutting back on hours majorly.,Work,1,work
6089,"So, those who work expect to get paid, but they cant pay them becuase theres not enough money generated to pay all these employees sitting around.",Financial Problem,5,finance
6090,i need someway to get more money.,Financial Problem,5,finance
6091,THERE WAS A MIS COMMUNICATION OF SOME SORTS AND WE DIDN'T PAY OUR PHONE BILL AND THE PHONE COMPANY CUT IT OFF FOR A WEEK!,Financial Problem,5,finance
6092,"It takes a lot for me to say something is unbearable, and this week has been nearly unbearable.",Emotional Turmoil,6,unknown
6093,damn my lack of money.,Financial Problem,5,finance
6094,There is so much shame attached to money in my family.,Family Issues,2,family
6095,"We didn't have enough money in the first place so, what the fuck is your problem old man?",Financial Problem,5,finance
6096,"It's so frustrating, because you have to pay them so much money, just so they'll take your money.",Financial Problem,5,finance
6097,"Besides we are moving that weekend and I am going to be flat broke from paying two months rent and frankly, I don't want to drive to AR.",Everyday Decision Making,6,unknown
6098,"It's shitty. also, not to mention the no money and ability to do anything cause of my huge amounts of debt.",Financial Problem,5,finance
6099,It sucks being in a financial slump.,Financial Problem,5,finance
6100,"In the second year, Del wasn't able to get my gift in on time because of a family sadness.",Social Relationships,4,friends
6101,"I hate looking for jobs, I ruined my credentials and theres nothing to consider about me.",Work,1,work
6102,"This week, however, has turned into one hell of a crazy week with everything piling up and my not have enough time.",Other,6,unknown
6103,"it seems like this year is goin by so slow, and i have a shit job, so that doesnt help.",Work,1,work
6104,money is tight in these parts.,Financial Problem,5,finance
6105,I couldn't really afford proper meals all the time and they take a lot of time to make and here's a lot of waste when cooking for one.,Other,6,unknown
6106,How utterly poor I am and how debt is ruining my life 2.,Financial Problem,5,finance
6107,I have waaay too many bills to pay and not nearly enough money to cover them.,Financial Problem,5,finance
6108,Now i HAVE to get a job asap to help with my payments.,Financial Problem,5,finance
6109,"I'm really not liking my job, I'm extremely in debt.",Work,1,work
6110,I'm tired of working so hard and not having enough money to do anything.,Financial Problem,5,finance
6111,I'm so stressed out.. I can't pay my rent.. cause i'm not working over time..,Financial Problem,5,finance
6112,I'm so tired of the stress of keeping after a landlord with no ethics.,Social Relationships,4,friends
6113,"Problem is, it's Christmas season, and I have to withdraw some money for presents.",Financial Problem,5,finance
6114,This stupid money situation is coming down on me pretty hard right now.,Financial Problem,5,finance
6115,I didn't go shopping because I don't have a lot of money.,Financial Problem,5,finance
6116,I so don't get paid enough.,Other,6,unknown
6117,"On their lives, they could not count enough cash to pay the bill.",Financial Problem,5,finance
6118,John isn't cooperating in the lease break and I'm so in debt that I don't know where to start.,Financial Problem,5,finance
6119,It's weird to be done so early but we are poor so I did not have much to buy.,Financial Problem,5,finance
6120,"Work takes up so much time, though, and my finances are so tight because of my expenses, that i feel like my life is, at this point, an investment.",Financial Problem,5,finance
6122,I didn't get money for the summer semester so its been rough the last few months.,School,1,work
6123,"Financially, things are VERY tight.",Financial Problem,5,finance
6124,"Her job is really bad, and then on top of that all this family trouble.",Work,1,work
6125,being so tight on money also made their realtionship hard.,Financial Problem,5,finance
6126,Those people are so badly paid that they have no investment in their job.,Work,1,work
6127,I also had no money so i couldn't really buy much. here,Financial Problem,5,finance
6128,I need to give it a serious thought cause this new job is just shitting me and I'm not getting the money that I thought I would.,Work,1,work
6130,"I mean, I registered with the DSS and they planned out every hour of my weekend this past week, and it just doesn't work.",Other,6,unknown
6132,oh well..I need money because im broke.,Financial Problem,5,finance
6133,"In other words, I am BROKE. I have no money.",Financial Problem,5,finance
6134,"I need to get that job, I need to get the money, and I need to get out.",Financial Problem,5,finance
6135,It pretty much sucks because I need money to pay my bills.,Financial Problem,5,finance
6136,third i scared her boyfriend so he refuses to let me move in with them.,Social Relationships,4,friends
6137,My family drives me crazy,Family Issues,2,family
6138,"I hate how emotional I get on my period, it makes me crazy.",Emotional Turmoil,6,unknown
6139,"Sorry, Brian, but I'm so sick of hearing it from my parents, I get a little defensive",Family Issues,2,family
6140,i still have issues with fitting in and my parents are fighting like crazy still and my father is incredibly abusive and controlling.,Family Issues,2,family
6141,"I make my children cry, I'm losing patients every day, and to be honest, I'm starting to suspect even you guys don't enjoy spending time with me.",Family Issues,2,family
6142,"when my grandpa died, i felt terrible.",Family Issues,2,family
6143,"It's going to be a fraught weekend as Dad does not enjoy seeing his relatives, particuarly his mother.",Family Issues,2,family
6144,What if it is your husband or wife that cheats on you?,Family Issues,2,family
6145,"I got in a fight with my family today, they don't trust me.",Family Issues,2,family
6146,so my mom has been stressin out a lot over my gramma.,Family Issues,2,family
6147,my mom is mad at me I think.,Family Issues,2,family
6148,i feel sad that i dont spend enough time with my parents.,Family Issues,2,family
6149,haha I'm sick.. and I'm sad that I'm sick.. but oh well I have to meet Andrews like entire family today.. and I'm shit scared.. so very very scared,Social Relationships,4,friends
6150,i neeed to leeeave my parents are being totally weird and annoying i'm desperate.,Family Issues,2,family
6151,"Except that now i'm going through a difficult week cause it's the annivesary of my brother's death, and that never feels good.",Emotional Turmoil,6,unknown
6152,"This morning started on a bad note, as my clock is wacko and made me and my family late for church.",Other,6,unknown
6153,"My problem is I suffer from having an extremely nosy family, especially a mother who doesn't know when butt out.",Family Issues,2,family
6154,"still his mother worried, for him to face this day alone.",Family Issues,2,family
6155,wow my mom is already pissing me off and i just got home.,Family Issues,2,family
6156,I feel bad for my mom cuz of all she has to deal with right now.,Family Issues,2,family
6157,sometimes i feel so trapped in my parents' problems that i can't escape them.,Family Issues,2,family
6158,We are growing worried about Mother.,Family Issues,2,family
6159,It's been hard raising you without your mother.,Family Issues,2,family
6160,I always feel guilty when my family starts to drive me crazy.,Family Issues,2,family
6161,it sucks that i hate being around my family because they make me feel incompetent.,Family Issues,2,family
6162,"sadly, i will not be there for him, and its sad because oout of all his friends.",Social Relationships,4,friends
6163,"i am so upset and i got into a huge fight with my mom today and i actually told her to ""get off!"" bad day, indeed.",Family Issues,2,family
6164,My mother hurts my feelings when she comes around.,Family Issues,2,family
6165,I am very worried about my mother.,Family Issues,2,family
6166,im just worried about my mom and having to deal with all that.,Family Issues,2,family
6167,my mom was sick.,Family Issues,2,family
6168,"On other note, knowing from Dad that grandma's health is not in a good condition which have already made me not feeling good for couple of days.",Family Issues,2,family
6169,my family makes me so uncomfortable.,Family Issues,2,family
6170,See how horribly upset I get when I can't escape my house?,Emotional Turmoil,6,unknown
6171,Found out I need surgery next week to remove what is causing the pain.,"Health, Fatigue, or Physical Pain",3,health
6172,smaka had problems with his baby i think.,Family Issues,2,family
6173,I'm in so much trouble with my mom.,Family Issues,2,family
6174,"Work has been rough this week, started out the week with having to tell family that we didn't have a room for them because CP over booked us.",Work,1,work
6175,"My parents are fighting, we don't do ANYTHING as a family anymore and that pisses me off.",Family Issues,2,family
6176,"my dad is sick again.. BLAH,i feel bad for him..",Family Issues,2,family
6177,Things are not going well with my Uncle.,Family Issues,2,family
6178,"with all that my nieces and nephews are going through, I just don't have the heart to tell them that they can't bring their pets.",Family Issues,2,family
6180,"My parents keep telling me to not play, and I really agree, but it is so hard!",Family Issues,2,family
6181,I fear that my parents will leave me and I will not have the stability that I finally reached with my family.,Family Issues,2,family
6182,Mom and dad weren't going to let that work.,Family Issues,2,family
6183,I can't talk to my parents about my deep feelings.,Family Issues,2,family
6184,My dad is all sick like.,Family Issues,2,family
6185,His dad hurt him very badly.,Family Issues,2,family
6186,"I won't get into it, but things with my Dad aren't going well.",Family Issues,2,family
6187,"All I ever wanted to do was help, so when I constantly had to be pushed aside because she was always under so much stress, it kinda stressed ME out.",Social Relationships,4,friends
6188,Today my little brother got into a fight.,Family Issues,2,family
6189,Brian called and for some reason I feel like he does not like to talk as long as he used to.,Social Relationships,4,friends
6190,my mom is really bothering me.,Family Issues,2,family
6191,my dad is very upset about it and since everything went down mine and my father's relationship really went down hill and things have been extra crazy since then.,Family Issues,2,family
6192,"Even, both of my grandparents are so worried about me have been calling me almost everyday to check whether I'm feeling better and stuff. ""","Health, Fatigue, or Physical Pain",3,health
6193,ahh i am getting so sick of dealing with my mom each day.,Family Issues,2,family
6194,my grandpa is really really sick.,Family Issues,2,family
6195,idk i hate to say anything because his moms always on his case about it and it really gets him down.,Family Issues,2,family
6196,i hate that i haven't seen my family in over a week.,Family Issues,2,family
6197,"No matter what I know, it's hard to have it happen to my Mom, you know?",Family Issues,2,family
6198,my moms mad at me this sucks.,Family Issues,2,family
6199,"All hell breaks loose, my mom starts screaming at my sister about how she's an idiot, and my sister is sobbing.",Family Issues,2,family
6200,Right now my family is in such finacial trouble..it's just not possible.,Financial Problem,5,finance
6201,"My dad is really mad at my bf about wat happened, and it really upsets me.",Family Issues,2,family
6202,My dad's been getting all insecure about it.,Family Issues,2,family
6203,"My mom was expressing a deep resentment of Mrs. Grier today, and what she appears to be doing to me.",Family Issues,2,family
6204,today i got in a fight with my dad.,Family Issues,2,family
6205,"Bad, Im struggling so badly right now life sucks and now my mom and dad have to make me feel worse.",Family Issues,2,family
6206,Except that fact that my family drives me crazy.,Family Issues,2,family
6207,My mom is extremely mad at me.,Family Issues,2,family
6208,Hello! So yea Um. the other day i got in a fight with my dad,Family Issues,2,family
6209,another thing that i'm really worried abuot that i shouldn't even be thinking right now is about how my family in general is going to do.,Family Issues,2,family
6210,My maternal grandmother was diagnosed with a particularly aggressive and fast moving form of ovarian cancer when it was in a fairly advanced stage of development.,Family Issues,2,family
6211,Mom and Dad would never forgive us.,Family Issues,2,family
6212,My mom thinks Ellie isn't ready and I can't judge for myself in this situation.,Family Issues,2,family
6213,"So, it starts out that I'm cranky, because I had a bad weekend, and I just didn't want to go to school.",Emotional Turmoil,6,unknown
6214,i can't handle my little brother's sickness.,Family Issues,2,family
6215,"i was so frustrated.then after my cousin, aunt, and casey left me and mom got into a fight.. she was yelling.. cause i blamed ashlie on her.",Family Issues,2,family
6216,"My parents cant get along for a full day, my father wants nothing to do with my life.",Family Issues,2,family
6217,My mom was so worried about us..,Family Issues,2,family
6218,"When my mom called earlier, before work, I just did not want to talk to her and sounded really depressed.",Family Issues,2,family
6219,"Been fighting with mom a lot lately, which kind of makes me sad.",Family Issues,2,family
6220,well my mom has been very sick.,Family Issues,2,family
6221,my sister is a pain in my ass.,Family Issues,2,family
6222,"Her mother was threatened by her, worried.",Family Issues,2,family
6223,"It is sooo hard right now, cuz i know my parents are really goin through a hard time.",Family Issues,2,family
6224,jesus fucking christ this whole country makes me sick. and my goddamned parents want me to have dinner with them and celebrate.,Family Issues,2,family
6225,I often feel bad when it comes to my friends back home.,Social Relationships,4,friends
6226,I'm really getting tired of my family.,Family Issues,2,family
6227,He cheated on my mom.,Family Issues,2,family
6228,My parents couldn't get me off the thing.,Family Issues,2,family
6229,I'm having a very stressful conversation with my Mom here.,Family Issues,2,family
6230,"It just makes me sad to think my baby is getting older and any health ""problem"" upsets me greatly.",Family Issues,2,family
6231,My parents are driving me insane.,Family Issues,2,family
6232,"i'm so worried about failing, and about money, and about my mom hating me.",Financial Problem,5,finance
6233,Mom was diagnosed with stage 3C ovarian cancer.,Family Issues,2,family
6234,My mom's in VA seeing my Aunt Lisa who is pretty sick.,Family Issues,2,family
6235,"Great, M caused a fight between brothers.",Family Issues,2,family
6236,"your mother and i are gunna have dinner cuz ill wilt away before you get home"" and you know what I HATE BEING HOME!!!",Family Issues,2,family
6237,Its her husbands word against her parents and the whole situation is such a mess.,Family Issues,2,family
6238,"Secondly, I know my mom worries a lot, but when she says things like that to me, it scares me.",Family Issues,2,family
6239,"It makes me really sad that my mom can't be happy for me, that she has to add stress on to everything else that is already stressful.",Family Issues,2,family
6240,my mom started crying and she said it hurts that my sister didnt go to her for this kinda stuff.,Family Issues,2,family
6241,Going over to Eliza's house and getting sick there since Eliza and her mom were both sick 3.,"Health, Fatigue, or Physical Pain",3,health
6242,This is the week I haven't been looking forward to because my family is about to be split up.,Family Issues,2,family
6243,I've been fighting with my parents.,Family Issues,2,family
6244,i can't stand my parents either. seriously.,Family Issues,2,family
6245,After feeling very angry and upset with my mom.,Family Issues,2,family
6246,My mom is really starting to irk me.,Family Issues,2,family
6247,I understand that my parents had no control over the situation and that bothers them.,Family Issues,2,family
6248,ew my mom was giving me a hard time about prociesum.,Family Issues,2,family
6249,My mom just got diagnosed with breast cancer and that is kind of scary.,Family Issues,2,family
6250,jacki's dad is going in for surgery tomorrow.,"Health, Fatigue, or Physical Pain",3,health
6251,"I'm really, really worried and upset and keep getting conflicting information from my family with my mom tending toward the optimistic and my sister tending toward the pessimistic.",Family Issues,2,family
6252,My mom gets so stressy and bitchy during the holidays and then she takes it all out on me and yells at me.,Family Issues,2,family
6253,my mom lost her job.,Family Issues,2,family
6254,my mom lost her job today.,Family Issues,2,family
6255,"Sure, she's got problems, but bitching about it to everyone and their mom isn't going to help me in the long run. I won't have friends much longer.",Social Relationships,4,friends
6256,"i feel bad,i have been really bitchy to mom lately.",Family Issues,2,family
6257,"my family never helps, no, they make things worse.",Family Issues,2,family
6258,I'm getting very tired of my mother telling me that I do not have my priorities straight.,Family Issues,2,family
6259,my family can't find or contact my sister.,Family Issues,2,family
6260,So I definately got in a fight with my Dad.,Family Issues,2,family
6261,My brother and I have been arguing and having disagreements at work.,Family Issues,2,family
6262,I'm crying because I know this is going to hit my family hard when they've already been through so much.,Family Issues,2,family
6263,i was so worried things would be bad this weekend and get me all upset so i can't study and do well on my 2 exams.,School,1,work
6264,Its wierd but me and my brother are really sick.,"Health, Fatigue, or Physical Pain",3,health
6265,"Lorraine, who I work with, her son does not have money saved up.",Financial Problem,5,finance
6266,My mother is driving me INSANE.,Family Issues,2,family
6267,i am sick of husband not understanding and people avoiding me because they don't understand.,Social Relationships,4,friends
6268,"I had an argument with my mom, and now I feel all sad and squishy.",Family Issues,2,family
6269,I'm scared of what my family will say.,Family Issues,2,family
6270,I've been having nightmares about going back to school already and the kids hating me and not listening and it's only Monday.,School,1,work
6271,"i don't enjoy spending time with my family currently, and this makes me a horrible person cause i am leaving in a month.",Family Issues,2,family
6272,my sister is pissing me off. and,Family Issues,2,family
6273,today i went to school i fucking woke up late because of my stupid dad i fuckin hate him..,Family Issues,2,family
6274,i found out my mom lost her job.,Family Issues,2,family
6275,"I am so frustrated, upset and angry with what's going on between mom and dad.",Family Issues,2,family
6276,My mom is pissed off at me.,Family Issues,2,family
6277,Bad ones an now my mom an me are getting worried.,Family Issues,2,family
6278,"I hate being at home too, I hate having to work and I hate the constant tension with my parents.",Family Issues,2,family
6279,"mother is back, and feels odd here at home. for three weeks",Family Issues,2,family
6280,my mom is really worried about me.,Family Issues,2,family
6281,"scared though, mom and i argued, she left and i dont know where she is.",Family Issues,2,family
6282,Been going crazy because of my parents I really dislike them a lot.,Family Issues,2,family
6283,"This is a huge burden, and my mom feels bad.",Family Issues,2,family
6284,Kev and Shelly's dad was really sick,"Health, Fatigue, or Physical Pain",3,health
6285,i've got in the back of my mind that my mom's been fallin lately and needs me here incase she does cuz she can't get up.,Family Issues,2,family
6286,Tonks's family is disgusted by her marriage.,Family Issues,2,family
6287,My mom was upset that i didnt greet my grandma.,Family Issues,2,family
6288,My parents are driveing me INSANE here.,Family Issues,2,family
6289,My beloved friends and boyfriend are out there worried about my health now.,Social Relationships,4,friends
6290,i just feel miserable and my parents are driving me crazy.,Family Issues,2,family
6291,"Fuck, not seeing their dad is bad for em.",Family Issues,2,family
6292,"i talked to my mom about it, cause lately shes had a lot to deal with..and im just worried for her.",Family Issues,2,family
6294,This type of life style is destructive and especially so for children whose parents are living a bad example before them.,Family Issues,2,family
6295,since his wife died he's having a really hard time.,Family Issues,2,family
6296,"I had a big falling out with my Dad, and all I can think about is that fight.",Family Issues,2,family
6297,My brother's friends are over and they are arguing over it.,Family Issues,2,family
6298,"my marraige is falling apart and my husband doesnt want to talk about it, just issue demands and ultimatums.",Family Issues,2,family
6299,"When Beki told me about her Mom's problem a while ago, I was worried.",Social Relationships,4,friends
6301,"This year I feel like I HAVE to get my dad something, which is REALLY strange because he hasn't been a great father at all this yr.",Family Issues,2,family
6302,"im sad and nervous and EXTREMELY MAD i mean, shes always doing something to put my parents through hell.",Family Issues,2,family
6303,There's SOO much drama going on within my family.,Family Issues,2,family
6304,I can't provide for them if I drop school.,School,1,work
6305,My host there had a family emergency to deal with.,Other,6,unknown
6306,In bad news my sister has tested positive for ovarian cancer..my family is devastated.,Family Issues,2,family
6307,It is my job to advocate for my kids and I get so pissed when no one listens.,Family Issues,2,family
6308, I know that I'll never be able to get the same relationship back with my folks and I'm really feeling isolated from his family.,Family Issues,2,family
6309,My mom is getting angry at him and taking it out on me.,Family Issues,2,family
6310,"I was speaking with my dad in the morning, and he really doesn't like to talk.",Family Issues,2,family
6311,MY fucking father got me sick! uh!,Family Issues,2,family
6312,"I am exhausted from long, tedious, emotional, gut wrenching conversation I had with my parents.",Family Issues,2,family
6313,Looks like i have problems at home,Family Issues,2,family
6314,there are weird moments when i miss my son most. they are not predictable or organized or logical.,Family Issues,2,family
6315,I feel old my youngest Sammie she is only 5 she lost her first tooth yesterday.,Emotional Turmoil,6,unknown
6316,"my mom's suffering does add to my family's current levels of stress, it still doesn't give me free rein to go all Sylvia Plath.",Family Issues,2,family
6317,"Of course, with school and work and all, I just don't have the time for a boyfriend, much less my own friends and family.",Family Issues,2,family
6318,My mom was upset that he didn't do bloodwork to figure out my fatigue problem.,"Health, Fatigue, or Physical Pain",3,health
6319,YOSHIKI's primary physician is quoted as saying he will need around a week to recover from the surgery and at least another month of rehabilitation.,"Health, Fatigue, or Physical Pain",3,health
6320,I was mean to chris yesterday and I feel bad.,Social Relationships,4,friends
6321,I can't please any of my n.u.m.e.r.o.u.s. parents.,Family Issues,2,family
6322,"Suddenly, Dad needs to have heart surgery on Thursday.",Family Issues,2,family
6323,"Grandma has dementia, and it was getting really bad.",Family Issues,2,family
6324,"I haven't felt happy with my husband for a long time, which tells me something has been wrong.",Family Issues,2,family
6325,"I can't help my mom get over her past, nor my father his, and it feels like my sister's hanging off a ledge and I can't pull her back up.",Family Issues,2,family
6326,My grandma however is currently panicing because she can't seem to contact any of her family down there.,Family Issues,2,family
6327,my parents make my life very complicated sometimes.,Family Issues,2,family
6328,I can't support my family on going home early.,Family Issues,2,family
6329,my mom's losing her job.,Work,1,work
6330,"I'm so sick of people, ie family, giving me a hard time.",Family Issues,2,family
6331,i cant talk to my parents about how stressed i am bc itll worry them even more.,Family Issues,2,family
6332,"my mom has been kind of worried about me lately, and i've kinda felt the need to talk with her about everything thats been goin on with me.",Family Issues,2,family
6333,My mom gets mad at me really easily and my family is probably moving soon which means I need to find a place to live soon.,Family Issues,2,family
6334,To every girl that cries at night because of another heartbreak.,Emotional Turmoil,6,unknown
6335,"I hate when couples at our age, fight over the stupidiest reasons.",Social Relationships,4,friends
6336,They're so dysfunctional that their family counselor decides she can't deal with them.,Family Issues,2,family
6337,All night long Ashley was hissing and growling and scaring the pants off poor Tizzy so she cried all night.,Social Relationships,4,friends
6338,My daughter is suffering badly from the relationship my mother created between that old man and my child.,Family Issues,2,family
6339,Angry because I saw the extent of my families HUGE problem communicating with each other.,Family Issues,2,family
6340,Wow I hate being even in the same house as my dad when he is in a bad mood because everyone has to suffer.,Family Issues,2,family
6341,Bills were late and I couldn't aford a babysitter for her.,Financial Problem,5,finance
6342,Amanda's poor sister in her belly is bothering her.,Other,6,unknown
6343,Parents have this awful habit of fucking up their kids already pathetic lives.,Family Issues,2,family
6344,Aunt Cheryl and Pop's passing have been tough on me.,Family Issues,2,family
6345,Your father and brother are worried sick!,Family Issues,2,family
6346,I don't want her to grow up feeling like she has a big sister who doesn't know her and doesn't care enough to be there more than twice a year.,Family Issues,2,family
6347,It's even worse that I get a hassle from my mother about it.,Family Issues,2,family
6348,It bothers me because it reminds me of my mother and I get scared.,Emotional Turmoil,6,unknown
6349,"your family, and your very impressionable children about a basic requirement for life is NOT OKAY!",Family Issues,2,family
6350,"Alright, so my mom is really starting to piss me off.",Family Issues,2,family
6351,My family is also driving me insane.,Family Issues,2,family
6352,"since my mom and I got in that big fight, i couldn't",Family Issues,2,family
6353,"Sometimes, I find family activities boring and have difficulty following family rules that don't make sense to me.",Family Issues,2,family
6354,My mother is driving me crazy.,Family Issues,2,family
6355,It's sad that Uncle Gerrald's family won't be able to come down this year.,Family Issues,2,family
6356,Sorry i had to do that my mom is driving me insane.,Family Issues,2,family
6357,Got in an argument with my dad over my age and responsibilities again.,Family Issues,2,family
6358,"Mom is kind of nagging me a lot lately, and I don't know if she's always done it or if I'm just noticing that it bothers me.",Family Issues,2,family
6359,"All the fun had stopped when I got home and got into a fight with my mom over not calling her, etc.",Family Issues,2,family
6360,"There's a huge lack of supervision between either the parents of the children or the providers there.""",Other,6,unknown
6361,She got into a fight with her mom and left.,Family Issues,2,family
6362,I hate knowing how much my mom is hurting.,Family Issues,2,family
6363,My mom just gave me a buncha crap cuz I didn't answer the phone when it didn't ring and didn't seem to believe me that it really didn't ring.,Family Issues,2,family
6364,"On another note, my mom is pissed at me.",Family Issues,2,family
6365,Kids dont' get to know their parents and parents dont get to know their kids.,Family Issues,2,family
6366,I'm sooo pissed off cuz I can't go home and my bf misses me and our son and he can't see us.,Family Issues,2,family
6367,god my family sucks sometimes.,Family Issues,2,family
6368,now between school and work and childcare and everything else there isnt any time left for us.,Family Issues,2,family
6369,I'm scared of not having a family.,Emotional Turmoil,6,unknown
6370,i hate how im 13 no 11 years old max when my parents look at me.,Family Issues,2,family
6371,I think he was traumatized by his mom to always have something to do and not sit idly doing nothing.,Family Issues,2,family
6372,My mom got me sick.,Family Issues,2,family
6373,frustrated with my family a lot lately.,Family Issues,2,family
6374,"still her mother worried, for her to face this day alone.",Family Issues,2,family
6375,If I spend too much time around my family I am going to frickin burst cause they are all starting to drive me insane.,Family Issues,2,family
6376,we're all just so damn busy with work and with other things that it is so difficult to coincide schedules and get together for half an hour.,Social Relationships,4,friends
6377,"I'm not being productive enough, and my progress report doesn't make me feel any smarter.",Work,1,work
6378,I feel so helpless and upset almost everyday.,Emotional Turmoil,6,unknown
6379,"Stress level is high as hell since I KNOW in Art Center I'm fucked over, I need to do things, like clean my room so I can do those things.",Everyday Decision Making,6,unknown
6380,"I've been worrying a lot lately, and I cannot talk about so many of those worries..",Emotional Turmoil,6,unknown
6381,This training stuff has been a really stressful.,Work,1,work
6383,"I've been much too distracted by work lately, using up too much energy being annoyed and worried.",Work,1,work
6384,"Not really, not to speak of, but just upset that I can't eat and work on my page at the same time.",Emotional Turmoil,6,unknown
6386,We have a lot of work to do at this point and we're getting started right now!!!,Work,1,work
6387,I've been getting stressed out and fustrated lately.,Emotional Turmoil,6,unknown
6388,"However, customizing the Start Menu is now a big pain.",Work,1,work
6389,Im getting to the point where Im constantly stressed out about it.,Other,6,unknown
6390,It's like everyday I have to struggle just to get by and I don't even know why I bother.,Everyday Decision Making,6,unknown
6391,"i don't know, buti reeeeally need to get my car fixed, because right now neither jenny nor i have functional autos.",Other,6,unknown
6392,"I think we have a dinner meeting scheduled, but I'm not sure what time or what's going on with that. I miss my friends. Monday night",Social Relationships,4,friends
6393,I'm finding it hard to update this thing everyday.,Other,6,unknown
6394,"We are getting ready to move out of our flat, it's very hectic and I'm really stressed out because I'm worried we won't get everything out in time.",Everyday Decision Making,6,unknown
6395,i get heaps sick of doing ALL the work in ALL situations and never getting people to endlessly praise me.,Social Relationships,4,friends
6396,Chris and I head over to my moms for dinner and things just felt weird.,Family Issues,2,family
6398,"That's two weeks ago now, and I'm fed up with waiting.",Other,6,unknown
6399,"Moving takes up a lot of time and energy, and I have to start packing soon.",Everyday Decision Making,6,unknown
6400,I am doin some laundry I have a very busy day tomorrow and I have a feeling I am not gonna want to get out of bed.,Everyday Decision Making,6,unknown
6402,i just realized today that I have so many regrets in life.,Emotional Turmoil,6,unknown
6403,"With three days left on his own countdown, Dean began to worry in earnest.",Emotional Turmoil,6,unknown
6404,life is just to stressful to deal with.,Emotional Turmoil,6,unknown
6405,"i'm definitely not happy with the situation but sometime people hit huge bumps in their road and unfortunately, i did and have to backtrack a semester.",School,1,work
6406,its been getting so stressful lately and i have all these essays and shit do i cant fucking do it,School,1,work
6407,"I've been swamped at work and at home, hence my incommunicado state.",Work,1,work
6408,"I am so hungry and there is nothing to eat and nothing open and even if there were, I feel so sick to my stomach I probably wouldnt eat anyway.","Health, Fatigue, or Physical Pain",3,health
6409,So much work to do today it's retarded.,Work,1,work
6410,"i'm frustrated, and everyday it seems like there's more stuff added to the long list of things that make my job more difficult.",Work,1,work
6411,"You abhor routine and boring work, and you are not very good at staying with everyday tasks that must be finished on time.",Other,6,unknown
6412,"Our house will be under major renovation soon, thus had to box up my stuff.",Other,6,unknown
6413,That means that I'm majorly stressed out with everything going on in my life.,Emotional Turmoil,6,unknown
6414,And i know that this is a regular problem for just about everyone.,Everyday Decision Making,6,unknown
6415,"I have a lot of work ahead of me, it's making me tired just thinking about it.",Work,1,work
6416,"My house has so many ""pending"" and ""in progress"" projects at all times I go nuts.",Other,6,unknown
6417,well i worked my ass off yesterday at the house but its still not ready to move into.,Other,6,unknown
6419,everyone is rediculously stressed out right now. with no time. at all.,Social Relationships,4,friends
6420,I need to practice every day to make sure I'm ready.,Everyday Decision Making,6,unknown
6421,NOT ENOUGH HOURS IN THE FUCKING DAY TO DO WHAT NEEDS TO BE DONE!!!,Everyday Decision Making,6,unknown
6422,"Today, I am faced with the daunting task of cleaning, sanding, and priming the master bedroom.",Other,6,unknown
6423,i made dinner for myself tonight and that made me sad. making dinner for one sucks!,Everyday Decision Making,6,unknown
6424,breakfast takes too long to cook. and christmas needs to get here because I really want to know what linda got me.,Other,6,unknown
6425,It's just that there's too much shit going on that I can't handle lately.,Everyday Decision Making,6,unknown
6426,hopefully i'll get all my christmas shopping done..that's been a very stressful situation for me this year.,Everyday Decision Making,6,unknown
6428,"I get downstairs the tv room is a mess, dishes need tobe put away, and my Mom's bed needs to be made.",Everyday Decision Making,6,unknown
6429,I'm very disappointed in tonight's dinner.,Other,6,unknown
6430,am debating order dinner but dont really want to eat. fuck it,Everyday Decision Making,6,unknown
6431,Life is just generally stressful right now.,Emotional Turmoil,6,unknown
6432,i'm so pissed that i can't drive my car for awhile now.,Other,6,unknown
6433,so many things i have to do and think about i simply cannot handle daily shitty.,Everyday Decision Making,6,unknown
6434,I am going insane trying to finish my speech that I'm due to give in like three hours.,Other,6,unknown
6435,"so tomorrow, my life ends a lot.",Emotional Turmoil,6,unknown
6436,"Too much stuff to do, to take care of, and never enough time in which to do it all.",Everyday Decision Making,6,unknown
6438,"So right now I am kinda stressin, cause there is alot that needs to be done before I leave tomorrow.",Other,6,unknown
6439,I'm so sick of this house and having to deal with my parents all the time.,Family Issues,2,family
6440,i am cutting myself off until tomorrow.,Emotional Turmoil,6,unknown
6441,"Vacuuming my room is a dangerous task, especially since there's two houses down the road under construction which product a lot of dust every day.",Other,6,unknown
6442,I just don't have the mental discipline to constantly keep up with updating them.,Other,6,unknown
6443,Its going to be hard living with everyone in my family against me.,Family Issues,2,family
6444,Often times these places are stressful to work for and the staff and volunteers feel a lot of emotional stress.,Work,1,work
6445,what a hard thing to accomplish in the hustle and bustle of every day!,Everyday Decision Making,6,unknown
6446,i want something to do today but everyone is busy.,Other,6,unknown
6447,I am dreading the call on Monday on whether or not they are going to total it.,Financial Problem,5,finance
6448,It's upsetting my everyday routine,Everyday Decision Making,6,unknown
6449,"The printer was down all day yesterday, members are mean and rude, like technical problems are your fault.",Work,1,work
6450,I HAVE SO MANY PROJECTS AND IT STRESSES AND BUMS ME OUT.,Work,1,work
6451,i feel like everythings just piling up on me and i can't deal with massive stress.,Everyday Decision Making,6,unknown
6452,"Today's the day, and I still don't know if I want to go for dinner with this guy.",Social Relationships,4,friends
6453,I got a tonne of other shit now i have to worry about especially with me becoming Assisstant Manager at work.,Work,1,work
6454,I work so much and when i don't work I have to do stuff at my house. I haven't done anything in awhile.,Work,1,work
6455,i guess the biggest battle I have now is what do i do with the rest of my college life?,School,1,work
6456,Life hits you the hardest when you don't pay attention.,Other,6,unknown
6457,So what if I'm starving yet nauseated by the sight of food and having irregular cycles?,"Health, Fatigue, or Physical Pain",3,health
6459,It comes as no surprise that attendees will have a difficult decision to make every day.,Everyday Decision Making,6,unknown
6460,"I need to start working, big time.",Work,1,work
6461,Everyday I had to deal with that.,Everyday Decision Making,6,unknown
6462,I couldn't eat during lunch I was so nervous.,Emotional Turmoil,6,unknown
6463,I'm hungry and there's NOTHING to eat in this house.,Other,6,unknown
6464,"I have class in about an hour, therefore after I get ready I am going over to Starbucks to read before, because I'm dumb and I didn't read yet.",School,1,work
6465,Everything is stressed in my life right now.,Emotional Turmoil,6,unknown
6466,"As if I don't have enough stress ahead of me with the start of school, I have to constantly worry about employment.",Work,1,work
6467,i still don't know what to prepare my parents for dinner!!,Everyday Decision Making,6,unknown
6468,"Sorry im ranting, ive been cleaning my room and digging up my past, which sucks, and ive just been reminded of a whole lot that i didnt want to remember..",Emotional Turmoil,6,unknown
6469,"Work is unproductive, as usual.",Work,1,work
6470,I still don't know what I want to do with my life and it's worrying me.,Emotional Turmoil,6,unknown
6471, i have a lot of stuff that i've been worrying about lately and i cant make myself stop.,Emotional Turmoil,6,unknown
6472,"I guess its kinda stressful always having to update and such, and sometimes I just don't want to talk about my day.",Emotional Turmoil,6,unknown
6473,"Too much to do, too much to make up, too much stress.",Everyday Decision Making,6,unknown
6475,it's been a pretty rough week and I'm glad it's over.,Other,6,unknown
6476,There simply are not enough hours in a day.,Other,6,unknown
6477,"Right now we are crazy busy trying to get the apartment together and I have been working, too.",Work,1,work
6479,I'm hoping I can get over this ASAP so I can at least start out the semester well.,School,1,work
6480,"He hasnt worked for a week because his schedule was screwed up, so he has had extra time to study.",Work,1,work
6481,"college, scholarships, and my new secret are really taking a toll on me. and",School,1,work
6482,"i guess i should do homework, i still need to work on my thesis.",School,1,work
6483,I've been feeling weary again about going back to school.,School,1,work
6484,i have to take the exam in that class anyway. after school,School,1,work
6485,Being sick is really fucking up my school work.,School,1,work
6486,"I already have been studying for about a week now, but I'm just worried cause it's all unknowns and I think it might be really tough.",School,1,work
6487,This school year has eben stressful.,School,1,work
6488,"I didn't finish my American Studies assignment, I was too tired last night.",School,1,work
6489,im so scared for school coming up just cuz of the classes and shit.,School,1,work
6490,We have to go to school Tuesday and I'm a freshmen at RCB.,School,1,work
6491,"This'll be my third semester straight of classes, and I'm starting to get erratic and stressed about school like I used to be.",School,1,work
6493,"I'm trying I really am, but right now I'm just so bogged down with school work, and stress its ridiculous.",School,1,work
6494,i had to go to class where i had a test.,School,1,work
6495,School is quite literally making me sick.,School,1,work
6496,I really have no motivation to study for my science test tomorrow.,School,1,work
6497,"Last night I was desperately, romanticly down in the mouth because I didn't do very well on my math test.",Emotional Turmoil,6,unknown
6498,My classes are a bit more intense and I'm a little stressed with homework and studying for exams.,School,1,work
6499,"oh,and the guidance counselors at school are complete idioits.",School,1,work
6500,I have to go to school today to have a meeting with my History Project Group.,School,1,work
6501,"I'm leaning over to the don't finish school, but I have some small hopes of finishing, passing.",School,1,work
6502,"Ahh, school is driving me insane.",School,1,work
6503,It will be like I am taking 18 regular hours of school.,School,1,work
6505,i have my economics final on monday and i haven't studied!,School,1,work
6506,School has been so stressful lately.,School,1,work
6507,i need to get working on my homework and i don't want to! and my grades suck! and midterms come out in like a week or two,School,1,work
6508,i cannot get myself in the mindset of having to study and do schoolwork and crap.,School,1,work
6509,so i have my advanced algebra exam tomorrow which im soo scared about..,School,1,work
6510,i have a test today that i haven't really studied for.,School,1,work
6511,I'm not happy with what I'm doing with school.,School,1,work
6512,"I am starting to get really nervous for finals, I should really start studying so I dont fail them.",School,1,work
6513,i need to apply to school.,School,1,work
6514,I am so incredibly sick of school right now.,School,1,work
6515,"I really should be working on homework, but I just have a hard time bringing myself to do it.",School,1,work
6516,Exams start this week and i'm scared.,School,1,work
6517,"That is I am a freshman, and my first semester is 18 FRIGGEN credit hours.",School,1,work
6518,"I need that class, because I need to work on my college portfolio.",School,1,work
6519,i think im just stressed and sick of school.,School,1,work
6520,"I really am not in the mindset that I need to be in to do well in school, and it just seems like a huge waste of time and money.",School,1,work
6521,I am supposed to be working on an essay and studying for my Anabaptist history exam.,School,1,work
6522,"I was looking at my transcript today and there were some horrible classes that I had to take, even a semester of two full of classes I wasn't thrilled about.",School,1,work
6523,im so stressed out with school.,School,1,work
6524,"I have so much homework to do this week, it's crazy.",School,1,work
6525,then school is stressful.,School,1,work
6526,"Although I am still in school, I am trying to graduate early and get out of this death trap.",School,1,work
6527,"School is kicking my ass, i'm not studying enough.",School,1,work
6528,"ahhh school sucks. its the same old crap day after day, and when your teachers feel that they dont have you under their total control, they just titch you.",School,1,work
6529,its because i havent been sleeping properly and i am really stressed out from school stuff.,School,1,work
6530,"i will have to do some studying up on wednesday, which is conveniently my day off.",School,1,work
6531,"big test today, dont feel good about it, couldn't study last night because didn't feel very well.",School,1,work
6532,I dunno something has been really getting on my nerves lately with school.,School,1,work
6533,Yesterday I met with my advisor to discuss what classes I should take next semester and she gave me a hard time for being on campus during spring break.,School,1,work
6534,I'm worried about having to go to more school after Albion.,School,1,work
6535,"turns out i had a test today i didnt know about, so when i got to class and the TA handed out the test, i was fucked.",School,1,work
6536,Arghh I've just been so stressed out lately. I know it's because of school.,School,1,work
6537,I have a thesis chapter due next Monday. I haven't started writing it.,School,1,work
6538,high school drama is the worst.,School,1,work
6539,"i attempted to get a head start on studying for finals, my major 2 are this week, and yet that didn't work very well.",School,1,work
6540,I have an exam tomorrow and I haven't studied.,School,1,work
6541,school is SO boring!,School,1,work
6546,My class drive me insane and people in it annoy me.,School,1,work
6547,"It's been really crazy.. last week of school so all the teachers are cramming last minute information into our heads, and tons and tons of homework.",School,1,work
6548,I have a stupid quiz in math tomorrow.,School,1,work
6549,So I was supposed to use this weekend to study for the exam I have to retake.,School,1,work
6550,"I'm not gonna be good at school, I don't really care to be good at school",School,1,work
6551,i'm stressin more and more about school.,School,1,work
6552,i'm supposed to be writing an SRA and then this weekend THE FIRST OF THE MASSIVE TERM PAPERS!,School,1,work
6553,The whole college application process is once again stressing me out more than anything.,School,1,work
6555,"they just realized that their UF application is due tomorrow, and they haven't even started thier essays for that essay.",School,1,work
6556,I run into a wall of fear when I try to become adept and knowledgeable at things in school and step out at possible job opportunities.,School,1,work
6557,School is getting way to stressful!,School,1,work
6558," i have to worry about college, and school starts tues.",School,1,work
6560,"First the work my boss freaked out on me now brett's dad, i feel so bad for both of them and i am trying to empathize.",Work,1,work
6561,You know you are doing badly when your mother says something about your relationship habits.,Social Relationships,4,friends
6562,kinda got depressed after talking to my dad,Family Issues,2,family
6563,My mom is REALLY annoying me.,Family Issues,2,family
6564,I'm depressed about my apartments and the fact that they seem to be trying to kick me out.,Social Relationships,4,friends
6565,i have a feeling it must be stressed based because i've been pretty edgy lately. what the hell is wrong with me?,Emotional Turmoil,6,unknown
6566,"My boyfriend is no where to be found, and I've been having some personal issues with this whole Rachel thing.",Social Relationships,4,friends
6567,iv been scaring myself lately with the way i feel..the way i think about myself.,Emotional Turmoil,6,unknown
6568,I spend my time complaining about how friends are unreliable and shitty.,Social Relationships,4,friends
6569,"Something with work and my best friend is going down, and i need someone to call and say my grandfather died.",Work,1,work
6570,"it's fucking worse when I'm all depressed over stuff, and I'm trying to talk to my fucking boyfriend about it.",Social Relationships,4,friends
6571,That evening was a bunch of stress about where I was eating dinner with my family and who would be coming to dinner.,Family Issues,2,family
6572,I have to make wedding invites and I've got a complete creative block just now.,Other,6,unknown
6573,"I don't get to go, I dont get to see Steven.",Social Relationships,4,friends
6574,"Couldn't even say friend, 'cause we barely ever spoke. I get the nosiness from my mom and",Social Relationships,4,friends
6575,"On another note, my roommate is beginning to bother me.",Social Relationships,4,friends
6576,Our roomie still hasn't heard from his job interview and it's been a month almost since he got fired.,Work,1,work
6577,I don't like feeling like someone should talk to me because of proximity or the common bond found in waiting for the next available clerk.,Other,6,unknown
6578,It's not cool that your fiance cheats on you and mentally absues you.,Social Relationships,4,friends
6579,"it's not like I can bond with my family, because they ignore me and they dislike me.",Family Issues,2,family
6580,"Maybe I have social anxiety disorder, but I don't know because I'm a social person, I just don't like my parents parties.",Family Issues,2,family
6581,I just found out that one of the people on my friendslist died in a car accident.,Social Relationships,4,friends
6582,Dealing with a psycho girlfriend and bitter boyfriend all at the same time is making my head explode.,Social Relationships,4,friends
6583,"My girlfriend broke up with me around 3 days ago, I can't handle how much pain she put me through.",Emotional Turmoil,6,unknown
6584,"I found out about his prior girlfriends today, and it seems as if they were all disfunctional relationships where he didn't really like the person.",Social Relationships,4,friends
6585,About our course mate who passed away in a tragic car accident.,Social Relationships,4,friends
6586,"Overall I've felt farly lonely lately, also a bit concerned.",Emotional Turmoil,6,unknown
6587,He's lonely and feels like he has no friends cos his roommate is mad at him too.,Social Relationships,4,friends
6588,living with 3 men makes the house a disaster. I'd have to spend so much time cleaning that I'd be too tired to have people over afterward.,Social Relationships,4,friends
6589,"Oh, and there are these really annoying neighbors that are contributing to my bad mood.",Social Relationships,4,friends
6590,I feel that he can't tell me things about his girlfriend.,Social Relationships,4,friends
6591,The disadvantage is that you will have to sell your house to pay for them.,Financial Problem,5,finance
6592,"Yet, at the same time, am I gossiping right now telling you that I'm frustrated with my gossiping friends?",Social Relationships,4,friends
6593,then why would I get so jealous and upset when his girlfriend is around.,Social Relationships,4,friends
6594,"Sometimes, I wonder why I'm so ready to rush into marriage.",Emotional Turmoil,6,unknown
6595,"I have this friend and he doesn't seem really happy, and it's really making me unhappy.",Social Relationships,4,friends
6596,"Stories of Veterans who are not recieving adequate psychological therapy, who are losing their homes while they struggle to adjust to life without one or more limbs abound.",Emotional Turmoil,6,unknown
6597,"yeah,she's dating me,but I don't know if it's a decision she regrets sometimes because of the downfalls that come along with it.",Social Relationships,4,friends
6598,when you make your friends your life shit with your family gets mad fucked up.,Social Relationships,4,friends
6599,I called her twice per day for three days with no reply.,Social Relationships,4,friends
6600,Soooooo I wasn't in the best of moods thanks to my family.,Family Issues,2,family
6601,Talking with some of my friends via AIM has got me increasingly depressed and helpless feeling.,Social Relationships,4,friends
6602,"other stuff thats going on right now, my sister is having bad relationship troubles, and im gutted for her.",Family Issues,2,family
6603,i'm starting to feel disallusioned with most of my friends.,Social Relationships,4,friends
6604,Mother gave me the biggest guilt trip for it and now I'm feeling a little bitter.,Family Issues,2,family
6605,i'm feeling kinda depressed lately in a way that sort of worries me!,Emotional Turmoil,6,unknown
6606,it is hard to go out in big groups because you dont know who to talk to and such!,Social Relationships,4,friends
6607,"People that are supposed to be my friends have been real shitty to me, just because there other friends dont like me.",Social Relationships,4,friends
6608,well i got sick of hearing about that stuff cuz i didnt have a job or stupid friends or anything.,Financial Problem,5,finance
6609,"Work hasn't been great and on top of that, I've hardly spent anytime with me boyfriend.",Work,1,work
6610,My girlfriend broke up with me.,Social Relationships,4,friends
6611,"Lately I have been depressed, as my standard mood.",Emotional Turmoil,6,unknown
6612,"When she is my friend, I'm not happy.",Social Relationships,4,friends
6613,Her husband was cheating on her with another man!,Social Relationships,4,friends
6614,"I think i have told some people about this, but i am getting so tired of my roommate and his boyfriend drama.",Social Relationships,4,friends
6615,my dad's been getting forgetful these last couple of years and my mom bruises easily.,Family Issues,2,family
6616,"He's been too much stress for the group lately, and no one wants to hang out with him anymore.",Social Relationships,4,friends
6617,"man i just realized since he cant be out past 8 that means he cant be at my grandmas with me on christmas, that BLOWS ASS.",Family Issues,2,family
6618,Friends don't let friends date each other.,Social Relationships,4,friends
6619,"he never seems to think that anything is his problem, spills or knocks something off, its the containers or that which it was resting on is at fault.",Social Relationships,4,friends
6620,i'm just a little disapointed because my boyfriend doesn't even remember my fucking name. and,Social Relationships,4,friends
6621,"Living with someone like this is tremendously demanding and anxiety provoking, causing the abused person to feel constantly frightened, unsettled and off balance.",Emotional Turmoil,6,unknown
6622,I can feel that she's not happy with her situation and probably doesn't feel close to the friends she gets trashed with every night.,Social Relationships,4,friends
6623,A bit of stress in the whole personal relationships thing.,Social Relationships,4,friends
6624,"Well, I called dumbass three times over the weekend and he never returned my calls.",Social Relationships,4,friends
6625,"The thing that hurts the most is one of my ""bestfriends"" didn't even care enough to call me or come see me at all.",Social Relationships,4,friends
6626,People with BPD often have highly unstable patterns of social relationships.,Social Relationships,4,friends
6627,so of course my mom gets all depressed and stuff and she takes it out on me.,Family Issues,2,family
6628,i was unhappy and my life was in upheavel c. me and my girlfriend argue occasionally.,Social Relationships,4,friends
6629,"we aren't even talking my close friends from danny's studio yet, because i don't say goodbye to them for awhile.",Social Relationships,4,friends
6630,My sister is upset with me.,Family Issues,2,family
6631,The daily things that keep us all busy are confusing me.,Everyday Decision Making,6,unknown
6632,I am sick and tired of people giving me friend advise.,Social Relationships,4,friends
6633,The lawyer in charge of my trust fund didn't return my call today.,Other,6,unknown
6634,It just bothers me how some of my family treats me and my sister.,Family Issues,2,family
6635,"The master of the house is temperamental, and troubled by some sort of outside more than the new cleaning lady.",Other,6,unknown
6636,the one thing that really bothers me about jared is that he never had me hang out with his friends.,Social Relationships,4,friends
6637,The kids called last night and Devin seemed really sad and I hate the fact I'm not there.,Family Issues,2,family
6638,Tom and I are having relationship problems.,Social Relationships,4,friends
6639,he worries about our financial situation if we get married.,Financial Problem,5,finance
6640,i dont have time for alot of things and people right now which is building stress.,Social Relationships,4,friends
6641,Fear of Negative Outcomes for Relationship Partners,Social Relationships,4,friends
6642,on top of it all im at work having to deal with bratty kids.,Work,1,work
6643,"Yes I miss a relationship, but damnit, women are just trouble for me.",Social Relationships,4,friends
6644,i cant stand things of mine disappearing. not being able to trust the people you live with,Family Issues,2,family
6645,"I feel like i'm losing touch with so many of my friends, and that how I was before is so fake now.",Social Relationships,4,friends
6646,I really don't think I can keep a lasting relationship because of it.,Social Relationships,4,friends
6648,"I tried to talk to him, when all I wanted to do was give him a friendlt hug back, but given our history, I didn't think it was appropriate.",Social Relationships,4,friends
6649,"I feel kind of bad for her, cause like, a few bad life decisions and it all comes crashing down on her.",Social Relationships,4,friends
6651,i cannot love anther man.,Social Relationships,4,friends
6652,Cheated in a relationship. Woke up crying.,Social Relationships,4,friends
6653,"I'm just having a bad couple of days, and feeling sorry for myself.",Emotional Turmoil,6,unknown
6654,i've been under so much stress lately that any little thing can throw me over the edge.,Other,6,unknown
6655,alot of things are stressing me out right now and one of them is really worrying me bc if its true than i totally just fucked up my life.,Emotional Turmoil,6,unknown
6656,ealier i was like restless bored and now im just sad bored.,Other,6,unknown
6657,Too much stress building upon me and like I don't know what else to do anymore.,Other,6,unknown
6658,"I'm still struggling, dealing with periods of ups and downs that make it difficult to focus sometimes.",Emotional Turmoil,6,unknown
6659,I really will need an emotional pick me up.,Emotional Turmoil,6,unknown
6660,"oh man, my mom and my brother are screaming at eachother and its driving me insane.",Family Issues,2,family
6661,"Your Actual Problem Anxiety and restless dissatisfaction, either with circumstances or with unfulfilled emotional requirements, have produced stress.",Emotional Turmoil,6,unknown
6662,"During emotional bullshit, another thing to worry about.",Emotional Turmoil,6,unknown
6663,I've just had bad experiences with him being home when I have friends over and mom and I were kind of mad.,Family Issues,2,family
6664,"My nerves are at their breaking point right now, this whole Cameron situation is stressing me out.",Social Relationships,4,friends
6665,You feel like you are out of control with your emotions.,Emotional Turmoil,6,unknown
6666,"I feel their pain, though in a different way, because it's just as bad for us Depression People.",Emotional Turmoil,6,unknown
6667,You are experiencing severe stress trying to guard yourself from further disappointments.,Emotional Turmoil,6,unknown
6668,Asked me some questions about Reza and now I KNOW he's in deep trouble.,Social Relationships,4,friends
6669,"Don't you hate it when you are stressed out, but you know that some of what you're stressing about is your own fault?",Emotional Turmoil,6,unknown
6670,"gostylo had to drive me how and such and i felt so bad because she like, chauffered me to different doctors all afternoon.",Other,6,unknown
6671,"I make the doctors appointments, I schedule everything that goes on, I'm so sick of playing mom lately.",Family Issues,2,family
6672,"she was crying the other day because it had been a month since our dog, Rocky, died.",Emotional Turmoil,6,unknown
6673,"Well, I'm still sad over mom being in the home, a friend may have lost his job, and to add insult to injury, I was dumped and betrayed.",Family Issues,2,family
6674,My Uncle phoned because my Grandparents had told him I was really really ill and collapsing every time I moved a muscle.,"Health, Fatigue, or Physical Pain",3,health
6675,"Ive been ""exaggerating"" things and been really insecure.",Everyday Decision Making,6,unknown
6676,"i have so much anxiety and stress, i mean, i've always had it, but its getting harder and harder to ignore.",Emotional Turmoil,6,unknown
6677,I was really depressed and low from that breakup!,Emotional Turmoil,6,unknown
6678,"I'm really worked up over this, I need to calm down.",Other,6,unknown
6679,"It's causing a lot of turmoil within me, and I don't really know how to deal with it.",Emotional Turmoil,6,unknown
6680,I found out that I am illergic to advil and thats why I have been feeling sick and very tired.,"Health, Fatigue, or Physical Pain",3,health
6681,I need to think about things in order to do my job.,Work,1,work
6682,"i miss her a lot now that i dont see her very often, and it makes me kind of sad.",Social Relationships,4,friends
6683,I'm getting more and more frustrated with the things in my life that are causing me stress.,Other,6,unknown
6684,I haven't been feeling well the past week but I think I'm over it for the most part.,"Health, Fatigue, or Physical Pain",3,health
6685,"He began to tell me how his life fell apart, and his family abandoned him because he couldn't get his life back together.",Family Issues,2,family
6686,i miss him a lil and due to the current events of my parents i'm missing him more than i would be,Family Issues,2,family
6687,I think im suffering from depression or something because Ive been so sad lately.,Emotional Turmoil,6,unknown
6688,Trying to cope with conditions which you think are beyond your capabilities has led to considerable anxiety and stress.,Emotional Turmoil,6,unknown
6689,"It is very hard for me to be concise as this is a big issue for me, and I am not at all settled on the issue.",Emotional Turmoil,6,unknown
6690,I really needed it off and I'm still struggling to catch up without stressing myself out so much I go crazy.,Emotional Turmoil,6,unknown
6691,"So I get home and my dad is all pissed at me and I'm like, ""I don't understand why you are so mad"".",Family Issues,2,family
6692,knowing me i'll overthink things i do with her and get all stressed out about her.,Emotional Turmoil,6,unknown
6693,"Feeling sad, feeling dejected, feeling lost, feeling confused.",Emotional Turmoil,6,unknown
6694,i know i'm not too happy right now and i'm wondering when this feeling of constantly being overwhelmed will go away.,Emotional Turmoil,6,unknown
6695,i also make myself believe that my mom has gotten into a horrible accident and is dead and i make myself cry.,Emotional Turmoil,6,unknown
6696,we just fight and he just hates me all the time for everything i do.,Social Relationships,4,friends
6697,"Right now I feel like I have no control over my life, and it sucks",Everyday Decision Making,6,unknown
6698,It seams that everything and everyone is against you.,Emotional Turmoil,6,unknown
6699,i just don't know how i'm going to get through these rough last days when i'm already gone from here in my mind.,Emotional Turmoil,6,unknown
6700,It When Keeping It Hidden Became Too Emotionally Burdensome Divulge When Events,Emotional Turmoil,6,unknown
6701,I have felt a general lack of energy for the past week.,"Health, Fatigue, or Physical Pain",3,health
6702,now I just feel like Im useless.. that no one has any reason to keep me around.,Emotional Turmoil,6,unknown
6703,I guess it's probably because my life has been lacking substance these past few weeks.,Emotional Turmoil,6,unknown
6704,I have some problems and I need help!,Other,6,unknown
6705,now I'm feeling particularly depressed and lonely.,Emotional Turmoil,6,unknown
6706,i'm so tired of smoking with joe that i think i'd quit just to stop doing it with him.,Other,6,unknown
6707,It has caused me a lot of pain and many trips to the doctor with more trips to come.,"Health, Fatigue, or Physical Pain",3,health
6708,It was major traffic jam and people were all unwilling and stuff.,Other,6,unknown
6709,"the worst part is, when i confront her about this..with legitimate concern she will most likely get defensive and it will turn into an argument.",Emotional Turmoil,6,unknown
6710,"I feel so left out, so alone, so not a part of any of this.",Emotional Turmoil,6,unknown
6711,"There aren't words for how pissed I am right now, or how much I'm going to freak out if I don't find it.",Other,6,unknown
6712,my boss is a bad person.,Work,1,work
6713,i'm being over emotional lately so it sucks. and,Emotional Turmoil,6,unknown
6714,"She's ""really scared for my well being"" and wants me to change my ways??????",Social Relationships,4,friends
6715,"They make me really sad, and they make me realize that things are really fucked up.",Emotional Turmoil,6,unknown
6716,"Because of all my emotional burdens, I have become apathetic and have no drive to excel academically.",School,1,work
6717,"So yes, my schedule was fucked up, thou not in the way i expected.",Work,1,work
6718,Damn so that screwed up our plans.,Everyday Decision Making,6,unknown
6719,"god, i already feel like i've been through a divorce.",Emotional Turmoil,6,unknown
6720,I'm tired of caring.. I'm tired of emotions.,Emotional Turmoil,6,unknown
6721,The shooting at Fort Hood is really fucked up and tragic.,Emotional Turmoil,6,unknown
6722,My boss was sick and felt evil today.,Work,1,work
6723,Shit get hard and stresses me out and it's so hard to get by and right now I'm just trying to relieve the stress and get through it all.,Emotional Turmoil,6,unknown
6724,i have so much stress and what not right now its unremarkable.,Other,6,unknown
6725,2 new foster kittens abandoned by their own mother.,Other,6,unknown
6726,You need help. I'm worried about you.,Social Relationships,4,friends
6727,My fucking idiot of a brother.. IS IN JAIL AGAIN,Family Issues,2,family
6728,Two people on my flist experienced major Bad Life Things.,Social Relationships,4,friends
6729,"I just miss my pop so much, I've gotten into a big depression..even though I'm not necessarily sad.",Family Issues,2,family
6730,My poor dog is in so much pain with his cancers.,Emotional Turmoil,6,unknown
6731,So The Holidays end up a bit awkward for me.,Social Relationships,4,friends
6732,I've been under so much stress lately.,Emotional Turmoil,6,unknown
6733,"I don't know, I miss a lot of people a lot more than I thought I did before I thought about things I missed too much.",Social Relationships,4,friends
6734,Because its not easy dealing with him when he is all stressed out about something.,Social Relationships,4,friends
6735,"ugh..alix needs to call, i need closure on this shit.",Social Relationships,4,friends
6736,I just meant  what you did yesterday was crazy dangerous and it scared the hell out of me.,Social Relationships,4,friends
6737,My stepmother's mom died and I was sick and sad.,Family Issues,2,family
6738,The feeling is so stressful.,Emotional Turmoil,6,unknown
6739,"If we are ever going to get out of this ridiculous situation, I need to be working.",Work,1,work
6740,i am having some inner turmoil reguarding my appearance.,Emotional Turmoil,6,unknown
6741,"A lot of shit has happened, but I don't think I really want to talk about it here.",Emotional Turmoil,6,unknown
6742,I need to speak to my client immediately.,Work,1,work
6743,has damaged so many levels of myself.,Emotional Turmoil,6,unknown
6744,"I feel under a lot of pressure lately, things with my gf are shakey.. i really do not wish to get into it.",Social Relationships,4,friends
6745,then those nights when i just cry and the days when family members die and young ppl die i just wonder why.,Family Issues,2,family
6746,traffic becomes a bitch.,Other,6,unknown
6747,"Evere sincer their mom had left and dad had taken a job faraway, the two little ones had been making bad decisions.",Family Issues,2,family
6748,"Yes, the divorce was messy.",Family Issues,2,family
6749,"You're the reason I can't trust people, the reason I hate talking, and the reason I'm so violent and internally rebellious.",Social Relationships,4,friends
6750,"not getting my dad anything, but I have no money right now.",Financial Problem,5,finance
6751,I'm scared I'm not going to be able to handle the required courseload since I've had so much trouble this semester.,School,1,work
6752,I really need to get a money job.,Other,6,unknown
6753,"It is hard to feel like I am accomplishing a lot at work because I feel we move so slowly, and my day feels so short.",Work,1,work
6754,The region has been hit hard by the struggling economy.,Financial Problem,5,finance
6756,"Now I'm grounded for two weeks which is so stupid, and I can't have the phone for this weekend.",Other,6,unknown
6757,so now i am broke broke broke much?,Financial Problem,5,finance
6758,I realize that right Our Financial situation doesn't look to good.,Financial Problem,5,finance
6759,I'm going to need more money than financial aid and loans provided me.,Financial Problem,5,finance
6760,"Basically, I need more money.",Financial Problem,5,finance
6761,"I have no self esteem, I hate myself, I have no friends.",Emotional Turmoil,6,unknown
6762,"My financial situation, as shaky as it already is, probably couldn't handle a huge premium hike let alone getting dropped by my insurance company.",Financial Problem,5,finance
6763,That plus some other things about my future and money were making me very stressed out.,Financial Problem,5,finance
6764,"I need to find a job, I have to make tons of money before I go away.",Financial Problem,5,finance
6766,I am tired of losing money.,Financial Problem,5,finance
6767,I'm running out of money and I don't like it.,Financial Problem,5,finance
6768,I'm still broke and in debt.,Financial Problem,5,finance
6769,am confronted with a large bill for something unexpected and most probably wrong which will take weeks to fix.,Financial Problem,5,finance
6770,"My dad's unhappy, I'm unhappy with the way things have gone and am feeling much like life isn't fair at the moment.",Family Issues,2,family
6771,I'm so far in debt right now i doubt i can get a loan and i make to much money to get a grant.,Financial Problem,5,finance
6772,"Still won't be able to work though, so I'm losing a whole paycheck because of this.",Work,1,work
6773,I really can't afford gifts this year.,Financial Problem,5,finance
6774,"I'm finding it very, very difficult to stay late at work and earn some much needed money.",Work,1,work
6775,"As a result I currently have very little money in my bank account, my grades suck, and I'm just not happy with my life.",Financial Problem,5,finance
6776,I can't really afford one entire night of wasted work.,Work,1,work
6777,I'm not so sure he could make it to St. Augustine this week and I have noooo money right now.,Financial Problem,5,finance
6778,funny how have NO money whatsoever creates anger.,Financial Problem,5,finance
6779,"i had some landlord drama that im not too pleased with, and being back at my parents..and also being so very broke right now..",Financial Problem,5,finance
6780,"In part because I have a major lack of money, but also because theres literally nothing to do in the area.",Financial Problem,5,finance
6781,I'm scared because I'm running low on money.,Financial Problem,5,finance
6782,Not my fault you can't afford to pay your bills.,Financial Problem,5,finance
6783,Still can't afford a mortgage on anything worth having.,Financial Problem,5,finance
6784,"I am starting to look for work, after my trip I'll be out of funds.",Financial Problem,5,finance
6785,my budget is really tight.,Financial Problem,5,finance
6786,"Because of the fact that I don't get paid for a while, I'm running severely short on money for stuff.",Financial Problem,5,finance
6787,I just didn't have enough money to cover my expenses.,Financial Problem,5,finance
6788,"Kisha had a rough weekend, seeing as how her grandpa passed away.",Family Issues,2,family
6789,i feel bad for my mom i keep putting her through shit.,Family Issues,2,family
6790,My dad says shes upset about the relationship my aunt and I have.,Family Issues,2,family
6791,My mom pisses me off.,Family Issues,2,family
6792,my parents dont really keep track of my life.,Family Issues,2,family
6793,My parents are really frustrating me.,Family Issues,2,family
6794,Lots of family problems mostly.,Family Issues,2,family
6795,my parents have been pissing me off really bad lately.. not just one thing in peticular really but tons of things.. im going to go crazy.,Family Issues,2,family
6796,Things are tough at home for my Mum.,Family Issues,2,family
6797,hes always complaining about how he isnt happy with his home life.,Family Issues,2,family
6798,My mom keeps getting mad over stupid things and the tension in this family is accelerating.,Family Issues,2,family
6799,my dad created very hostile situations for my family to endure and not being able to be there really took a toll on me.,Family Issues,2,family
6800,"I can't make it through school, I cause my family problems and I can't keep a man in my life.",School,1,work
6801,"I had a very stressful day yesterday and I'm sick, so I said ""fuck it!"" and Becky is covering me.",Work,1,work
6802,I'm scared that someone is going to get tired of me and I'm going to lose the one person I talk to that isn't my family.,Social Relationships,4,friends
6803,my mom is just really pissing me off.,Family Issues,2,family
6804,"Ali's still very mad at Dad, won't even talk to him.",Family Issues,2,family
6805,"I miss my dad sometimes, but he's not the same.",Family Issues,2,family
6806,"on top of that, I am even more frightened to think that my family will end it for me.",Family Issues,2,family
6807,"I'm just stressed because I'm scared to leave everyone, because my parents are angry with me, because I'm sick, etc.","Health, Fatigue, or Physical Pain",3,health
6808,"my grandmother is not doing well, and its staring to look like she has given up all together. and my whole family is fighting about what to do with her.",Family Issues,2,family
6809,"Are you cheating on me wife?!?!""",Family Issues,2,family
6810,"My mom, apparently, was really sick",Family Issues,2,family
6811,My parents are driving me crazy.,Family Issues,2,family
6812,"Ne, so I am kinda sad and tired because my family doesn't want me around anymore.",Family Issues,2,family
6813,My mom is driving me INSANE.,Family Issues,2,family
6814,I had a terrible experience with my brother today and it set off a lot of needless worry and anxious thought.,Family Issues,2,family
6815,I'm becoming quite upset with being my fathers son of late.,Family Issues,2,family
6816,Your parents don't understand you.,Family Issues,2,family
6817,A bit more than 3 months ago my mom passed away.,Family Issues,2,family
6818,I asked her what happened and she told me her Husband thought she was cheating on him.,Family Issues,2,family
6819,"my parent's broke up cause ""mom was sick"".",Family Issues,2,family
6820,My mom is freaking out about it and it's really pissing me off.,Family Issues,2,family
6821,my mom is pissing me off.,Family Issues,2,family
6822,My mom didn't get either of the jobs she interviewed for and is pretty bummed.,Family Issues,2,family
6823,I upset my mum too because she wants to help and all I do is get angry and then cry and then I think we both feel guilty.,Family Issues,2,family
6824,I lost my job as a result of my sister not paying the home loan.,Financial Problem,5,finance
6825,"her parents, god, especially her mom pisses me off. not believing her, not caring enough for her. what a horrible mom, in my eyes.",Family Issues,2,family
6826,Thats the problem in my family.,Family Issues,2,family
6827,"My mom didn't want to talk to me, Donna isn't home and my dad is a stone.",Family Issues,2,family
6828,My sister is bitching about something to my mom.,Family Issues,2,family
6829,my daddie was reallie late to pick us up and everyone got mad at eachother.,Family Issues,2,family
6830,"ahhhhhhhhhhhhh my mom was pissed my dad, might be pissed shit you can obviously tell that i cant do this anymore!",Family Issues,2,family
6831,yeah had some hard times. dealt with an alcoholic abusive father,Family Issues,2,family
6832,i'm under the impression that my family thinks i am completely miserable and i have no way of getting a hold of them.,Family Issues,2,family
6833,"My Dad is always a difficult person, but today he really just put me in a horrible mood.",Family Issues,2,family
6834,I got into a huge fight with my sister and was crying for like an hour.,Family Issues,2,family
6835,my mom got sick and i needed to be here.,Family Issues,2,family
6837,I mean its bad enough that I barely talk to my dad and when I try I feel like i bug him.,Family Issues,2,family
6838,My baby daddy won't go with me.,Social Relationships,4,friends
6839,i'm worried about my parents. my mom's under a lot of stress and,Family Issues,2,family
6840,my mom is driving me crazy.,Family Issues,2,family
6841,"I treat my mom SO badly, thats why I'm over there almost every weekend to visit her and make sure she's ok",Family Issues,2,family
6842,My mom said that she hardly ever gets to see me and that she feels guilty for not spending time with me.,Family Issues,2,family
6843,My mother is pissing me off.,Family Issues,2,family
6844,"My dad was giving me a hard time about going back on the way home, so I was really upset that I wasn't going to get to start packing.",Family Issues,2,family
6845,"I will not be attending school tomorrow, im not up for it, i have to much on my mind and too much home work i havent completed!",School,1,work
6846,"It's not fair to me, her, or my husband and children.",Family Issues,2,family
6847,God knows my mom and dad don't want me.,Family Issues,2,family
6848,Got into another fight with my brother.,Family Issues,2,family
6849,"I just haven't had time to, what with babysitting and Mom eBaying and life in general.",Everyday Decision Making,6,unknown
