sID,sentence,sentence_ru,top_label,label,label_id,class_name
5570,Maybe it's because I'm calling your vet to discuss your dog's wart and how you terribly afraid it might be cancerous.,"Может быть, это потому, что я звоню вашему ветеринару, чтобы обсудить бородавку вашей собаки и то, как вы ужасно боитесь, что она может оказаться раковой.",Family Issues,2,1,family
5574,I feel really lonely and depressed.,Я чувствую себя очень одиноким и подавленным.,Emotional Turmoil,6,5,unknown
5977,"It's like two weeks pay won't even be enough to cover the cost of one round trip ticket, and I have to go once a month!","Будто двухнедельной зарплаты не хватит даже на один билет туда и обратно, а мне придется ехать раз в месяц!",Financial Problem,5,4,finance
4678,Spending too much time at work and not enough time at home.,Слишком много времени проводите на работе и недостаточно времени дома.,Work,1,0,work
1131,i recently made a large purchase and have found myself financially unstable.,Недавно я сделал крупную покупку и оказался финансово нестабильным.,Financial Problem,5,4,finance
4475,I just have a hard time letting everyone know what's going on in my life.,"Мне просто трудно рассказывать всем, что происходит в моей жизни.",Social Relationships,4,3,friends
5547,Something bad happened with my family and it stressed me out and made me sad.,"Что-то плохое случилось с моей семьей, и это меня расстроило и расстроило.",Family Issues,2,1,family
6694,i know i'm not too happy right now and i'm wondering when this feeling of constantly being overwhelmed will go away.,"Я знаю, что сейчас я не слишком счастлив, и мне интересно, когда исчезнет это чувство постоянной подавленности.",Emotional Turmoil,6,5,unknown
2564,The COVID-19 Pandemic conditions seem to be worsening.,"Условия пандемии COVID-19, похоже, ухудшаются.",Other,6,5,unknown
6805,"I miss my dad sometimes, but he's not the same.","Иногда я скучаю по отцу, но он уже не тот.",Family Issues,2,1,family
1732,my back,моя спина,"Health, Fatigue, or Physical Pain",3,2,health
938,i have been stressing about getting enough exercise in now that it is so cold.,"Я беспокоился о том, чтобы получить достаточно физических упражнений сейчас, когда так холодно.","Health, Fatigue, or Physical Pain",3,2,health
686,i am worried about trump being re-elected.,Я беспокоюсь о переизбрании Трампа.,Other,6,5,unknown
638,i am stressing out because my performance review at work is coming up.,"Я нервничаю, потому что скоро у меня будет аттестация на работе.",Work,1,0,work
4138,It's just gotten to the point where I can't live there anymore because of the stress it's causing me.,"Дошло до того, что я больше не могу там жить из-за стресса, который это мне причиняет.",Emotional Turmoil,6,5,unknown
1705,money situation in running low this month and bills are pileing up,"В этом месяце денежная ситуация на исходе, а счета накапливаются",Financial Problem,5,4,finance
1820,my co-worker has been talking to me too much; can't get any work done.,мой коллега слишком много со мной разговаривал; не могу выполнить никакую работу.,Work,1,0,work
3968,I have been so stressed out from work..so does that mean I have problems?,"Я был в таком стрессе на работе... значит ли это, что у меня проблемы?",Work,1,0,work
1956,my job hunt is going nowhere and i just have so many self doubts,"мои поиски работы ни к чему не привели, и у меня так много сомнений в себе",Emotional Turmoil,6,5,unknown
3285,"I know that sounds really horrible, but because I've been lacking in that, my health is suffering.","Я знаю, это звучит ужасно, но из-за того, что мне этого не хватает, мое здоровье страдает.","Health, Fatigue, or Physical Pain",3,2,health
1861,my ex was getting angry last weekend when i told him not to come for my son's birthday.,"мой бывший разозлился на прошлых выходных, когда я сказала ему не приходить на день рождения моего сына.",Social Relationships,4,3,friends
6208,Hello! So yea Um. the other day i got in a fight with my dad,"Привет! Так что да, хм. на днях я подрался с отцом",Family Issues,2,1,family
3091,work!,работа!,Other,6,5,unknown
6508,i cannot get myself in the mindset of having to study and do schoolwork and crap.,"я не могу заставить себя думать, что мне нужно учиться, делать уроки и всякую ерунду.",School,1,0,work
6023,Had a terrible financial fright today.,Сегодня у меня был ужасный финансовый страх.,Financial Problem,5,4,finance
6033,I've been struggling so much with the admin and the boring side of life and its taken over a bit and I don't like it.,"Я так много боролся с администратором и скучной стороной жизни, и это немного взяло на себя, и мне это не нравится.",Everyday Decision Making,6,5,unknown
4985,studying for midterms is hard when you hate all your classes.,"учиться на промежуточных семестрах тяжело, когда ты ненавидишь все занятия.",School,1,0,work
2929,Well you know my father who has dementia has entered a new stage with this disease.,"Ну, вы знаете, у моего отца, страдающего деменцией, болезнь вступила в новую стадию.",Family Issues,2,1,family
6132,oh well..I need money because im broke.,"ну ладно... мне нужны деньги, потому что я сломался.",Financial Problem,5,4,finance
5139,I have to go back to school tomorrow so I dont know how fast my chapters will be up!,"Завтра мне нужно вернуться в школу, поэтому я не знаю, как быстро будут написаны мои главы!",School,1,0,work
681,i am worried about not being able to finish my work in time.,"Я беспокоюсь о том, что не смогу закончить работу вовремя.",Work,1,0,work
107,being sick all week,болеть всю неделю,"Health, Fatigue, or Physical Pain",3,2,health
1809,my client's mom cancelled on wednesdays. idk how i will make up the time.,"мама моего клиента отменила встречу по средам. не знаю, как я наверстаю время.",Work,1,0,work
340,getting my work done before the deadline with the holidays right around the corner.,"выполнить свою работу раньше установленного срока, а праздники уже не за горами.",Work,1,0,work
3176,but I didn't sleep very well.,но я не очень хорошо спал.,"Health, Fatigue, or Physical Pain",3,2,health
3071,work is stressing me out!,работа меня напрягает!,Work,1,0,work
1727,my appointment with the dental surgeon has been stressing me out recently.,мой визит к хирургу-стоматологу в последнее время меня напрягает.,"Health, Fatigue, or Physical Pain",3,2,health
4817,work has been really exhausting lately.,работа в последнее время очень утомляет.,Work,1,0,work
1582,"just stressed about work and stuff, driving me nuts","просто переживаю из-за работы и прочего, это сводит меня с ума",Work,1,0,work
3919,"I am so so so so tired but I need to do my work that I have neglected, blah.","Я так так устал, но мне нужно сделать работу, которой я пренебрег, бла.",Work,1,0,work
2368,School assignments have been stressing me out.,Школьные задания меня напрягали.,School,1,0,work
4061,"i'm just having growing pains and with those, comes the desperate hope of this being my last day here.","у меня просто боли роста, и вместе с ними приходит отчаянная надежда на то, что это мой последний день здесь.",Emotional Turmoil,6,5,unknown
6534,I'm worried about having to go to more school after Albion.,"Я беспокоюсь о том, что после Альбиона мне придется больше ходить в школу.",School,1,0,work
4731,They tend to keep me late at work so I miss dinner so I need to stock up in my room more!,"Они, как правило, задерживают меня на работе, поэтому я пропускаю ужин, поэтому мне нужно запастись больше в своей комнате!",Work,1,0,work
6608,well i got sick of hearing about that stuff cuz i didnt have a job or stupid friends or anything.,"ну, мне надоело слышать об этом, потому что у меня не было работы, глупых друзей или чего-то еще.",Financial Problem,5,4,finance
4299,"So, I've been kind of upset with myself with the way I've been running my life.","Итак, я был немного расстроен тем, как я веду свою жизнь.",Emotional Turmoil,6,5,unknown
3325,It hurt when I would wake up from sleeping last night.,"Было больно, когда я просыпался прошлой ночью.","Health, Fatigue, or Physical Pain",3,2,health
4141,its like lately it's been hitting me pritty hard that they are gone and it sucks!,"такое ощущение, что в последнее время меня очень сильно задело то, что они ушли, и это отстой!",Social Relationships,4,3,friends
2674,The situation with coronavirus has been very stressful lately.,Ситуация с коронавирусом в последнее время очень напряженная.,Emotional Turmoil,6,5,unknown
5631,My entries have been a bit sparse this past week.,На прошлой неделе мои записи были немного скудными.,Other,6,5,unknown
2407,"Seriously, What's NOT stressing me out? #covid19#homeschooling#notreadyforthis","Серьезно, что меня НЕ напрягает? #covid19#обучение на дому#не готов к этому",School,1,0,work
5238,I need to stop being mean to my brothers and sisters.,Мне нужно перестать быть грубым с моими братьями и сестрами.,Family Issues,2,1,family
3616,i got insanely sick somewhere around wednesday. and was a pain in the ass complainer the rest of the week.,где-то в среду мне стало безумно плохо. и всю оставшуюся неделю был занозой в заднице.,"Health, Fatigue, or Physical Pain",3,2,health
5877,"it is getting on my nerves, i think i am stressing way to much over it but i cant really figure out how to stop.","это действует мне на нервы, я думаю, что слишком сильно переживаю из-за этого, но не могу понять, как остановиться.",Emotional Turmoil,6,5,unknown
391,Having to be stuck at home. This quarantine is really messing with me.,Приходится сидеть дома. Этот карантин меня очень раздражает.,Emotional Turmoil,6,5,unknown
2558,The COVID-19 has made our sales at the cafe very low.,Из-за COVID-19 наши продажи в кафе очень упали.,Work,1,0,work
3915,I am having trouble motivating myself this semester.,В этом семестре у меня проблемы с мотивацией.,School,1,0,work
110,Being stuck at home in quarantine,Сидеть дома на карантине,Emotional Turmoil,6,5,unknown
6170,See how horribly upset I get when I can't escape my house?,"Видишь, как я ужасно расстраиваюсь, когда не могу выбраться из дома?",Emotional Turmoil,6,5,unknown
5044,i had a test which went really bad in a class that i don't have a very good grade in right now.,"У меня был очень плохой тест в классе, по которому у меня сейчас не очень хорошая оценка.",School,1,0,work
2090,my son is giving me so much trouble at the moment- i feel awful,мой сын сейчас доставляет мне столько хлопот - я чувствую себя ужасно,Family Issues,2,1,family
758,i feel like i cant balance between all of my reponsibilities,"я чувствую, что не могу балансировать между всеми своими обязанностями",Everyday Decision Making,6,5,unknown
2356,roommate is driving me crazy,сосед по комнате сводит меня с ума,Social Relationships,4,3,friends
1363,I'm worried about COVID-19 and how much longer this is going to go on for.,"Я беспокоюсь о COVID-19 и о том, как долго это будет продолжаться.",Emotional Turmoil,6,5,unknown
2818,too much paperwork interfering with actual work,"слишком много документов, мешающих реальной работе",Work,1,0,work
4297,So much has been going wrong for me lately its time I make things right.,"В последнее время у меня так много пошло не так, пора мне все исправить.",Other,6,5,unknown
1515,I've been trying to potty train my 2 year old and she is just not seeming to understand.,"Я пытаюсь приучить свою двухлетнюю дочь к горшку, но она, кажется, просто не понимает.",Family Issues,2,1,family
4537,"Our daily lives can easily become filled with stress, pressure, and confusion.","Наша повседневная жизнь может легко наполниться стрессом, давлением и замешательством.",Everyday Decision Making,6,5,unknown
5576,"So yeah Im sad and whatnot, Ill miss the seniors SOOOOOO much but I cant take it anymore.","Так что да, мне грустно и все такое, я буду ТАК скучать по старшим, но я больше не могу этого терпеть.",School,1,0,work
4727,"other than i miss all my friends.. and my car's brakes really need to be fixed, I'm not really allowed to drive it right now..","кроме того, что я скучаю по всем своим друзьям.. и тормоза моей машины действительно нужно починить, мне сейчас не разрешено ею водить..",Social Relationships,4,3,friends
2492,the amount of work i have.,"объем работы, который у меня есть.",Work,1,0,work
984,i have had to work extra lately.,в последнее время мне пришлось работать дополнительно.,Work,1,0,work
2853,trying to get everyone where they need to be on time.,"пытаясь доставить всех туда, куда им нужно, вовремя.",Everyday Decision Making,6,5,unknown
101,Being quarantined because og Corona Virus,Нахожусь на карантине из-за короновируса,Other,6,5,unknown
750,i don't seem to have enough time during the day to finish pages on my bullet journal.,"Кажется, мне не хватает времени в течение дня, чтобы закончить страницы моего дневника.",Work,1,0,work
2212,Not knowing who will be next to get the COVID-19 virus.,"Неизвестно, кто будет следующим, кто заразится вирусом COVID-19.",Emotional Turmoil,6,5,unknown
2268,Online school work has been stressing me out quite a bit.,Работа в онлайн-школе меня изрядно напрягала.,School,1,0,work
6605,i'm feeling kinda depressed lately in a way that sort of worries me!,"в последнее время я чувствую себя немного подавленным, и это меня беспокоит!",Emotional Turmoil,6,5,unknown
4105,I'm tired of: not getting paid by res life9.,Я устал от: не получать зарплату от res life9.,Work,1,0,work
1899,my grades and a course that i really cant handle right now.,"мои оценки и курс, с которым я сейчас действительно не могу справиться.",School,1,0,work
5817,"i can't stand living here.if something happends it gets pinned on me,like its my fault or like i have the answers to the fuckin problems.","Я не могу жить здесь. Если что-то случится, это будет возложено на меня, как будто это моя вина или как будто у меня есть ответы на эти чертовы проблемы.",Emotional Turmoil,6,5,unknown
6266,My mother is driving me INSANE.,Моя мать сводит меня с ума.,Family Issues,2,1,family
6446,i want something to do today but everyone is busy.,"Я хочу чем-нибудь заняться сегодня, но все заняты.",Other,6,5,unknown
1952,my job has been stressing me out,моя работа меня напрягает,Work,1,0,work
5589,"i am so unbelievably fucking pissed right now! the more i think about it, the more upset and pissed i get.","я сейчас невероятно зол! чем больше я об этом думаю, тем больше расстраиваюсь и злюсь.",Emotional Turmoil,6,5,unknown
1997,My mom had her cognitive assessment and they think she might have dementia.,"Моя мама прошла когнитивную оценку, и они думают, что у нее может быть деменция.",Family Issues,2,1,family
3740,The riot and vandalism on our street last Sunday night.,Бунт и вандализм на нашей улице в прошлое воскресенье вечером.,Other,6,5,unknown
5478,I have stories that told of their heartaches when the guy or girl they're obsessed with turned out to be in love with someone else they think are less deserving.,"У меня есть истории об их душевных страданиях, когда парень или девушка, которыми они были одержимы, оказывались влюбленными в кого-то другого, которого они считали менее достойным.",Social Relationships,4,3,friends
6769,am confronted with a large bill for something unexpected and most probably wrong which will take weeks to fix.,"Я столкнулся с большим счетом за что-то неожиданное и, скорее всего, неправильное, на исправление которого уйдут недели.",Financial Problem,5,4,finance
2615,The kids being home all the time. Everyone being hone all day is driving each other craz,"Дети все время дома. Все, кто весь день честен, сводят друг друга с ума",Family Issues,2,1,family
3712,My husband's new job doesn't have benefits and I need health insurance,"На новой работе моего мужа нет льгот, а мне нужна медицинская страховка.","Health, Fatigue, or Physical Pain",3,2,health
1682,money - money is always stressful,деньги - деньги всегда стресс,Financial Problem,5,4,finance
1697,money just seems so hard to come by these days.,"Кажется, что в наши дни деньги так трудно добыть.",Financial Problem,5,4,finance
6299,"When Beki told me about her Mom's problem a while ago, I was worried.","Когда Беки недавно рассказала мне о проблеме своей мамы, я забеспокоился.",Social Relationships,4,3,friends
5419,woohoo i skipped p.e. for like 3 weeks and they just now caught me so i'm suspended tomorrow lol..well how's everyone been doing i haven't updated in a while!,"уууууууу я пропустил занятия примерно 3 недели, и они только сейчас поймали меня, так что завтра меня отстраняют, лол..ну как у всех дела, я давно не обновлялся!",School,1,0,work
819,i have a current temporary medical condition,у меня временное заболевание,"Health, Fatigue, or Physical Pain",3,2,health
1854,"my dog just passed away, i am super sad and stressed.","моя собака только что скончалась, мне очень грустно и я в стрессе.",Emotional Turmoil,6,5,unknown
2123,my week was so stressful  because of having financial problems.,моя неделя была очень напряженной из-за финансовых проблем.,Financial Problem,5,4,finance
4619,"our friends don't come through, our finances are always wanting, and our appetite is never satisfied.","наши друзья не справляются, наши финансы всегда в недостатке, а наш аппетит никогда не бывает удовлетворен.",Financial Problem,5,4,finance
1393,It has really been stressing me out lately trying to find my favorites foods.,В последнее время меня очень напрягает попытка найти любимую еду.,Everyday Decision Making,6,5,unknown
3912,I am frustrated with an aspect of my job.,Я разочарован одним аспектом своей работы.,Other,6,5,unknown
6768,I'm still broke and in debt.,Я все еще разорен и в долгах.,Financial Problem,5,4,finance
52,All this school work,Вся эта школьная работа,School,1,0,work
1657,Lost my job so I don't know how rent will be paid,"Потерял работу, поэтому не знаю, как будет выплачиваться арендная плата",Work,1,0,work
6811,My parents are driving me crazy.,Мои родители сводят меня с ума.,Family Issues,2,1,family
6258,I'm getting very tired of my mother telling me that I do not have my priorities straight.,"Я очень устаю от того, что мама говорит мне, что у меня нет четких приоритетов.",Family Issues,2,1,family
3818,Trying to navigate my state's unemployment website!,Пытаюсь ориентироваться на сайте по безработице моего штата!,Financial Problem,5,4,finance
3482,"I hate that feeling when you know you have to get up, but you're so tired and it's so cold outside.","Ненавижу это чувство, когда ты знаешь, что тебе пора вставать, но ты так устал и на улице так холодно.","Health, Fatigue, or Physical Pain",3,2,health
6734,Because its not easy dealing with him when he is all stressed out about something.,"Потому что с ним нелегко иметь дело, когда он из-за чего-то переживает.",Social Relationships,4,3,friends
2611,the holidays coming up lol you?,"скоро праздники, лол?",School,1,0,work
6643,"Yes I miss a relationship, but damnit, women are just trouble for me.","Да, я скучаю по отношениям, но, черт возьми, женщины для меня просто беда.",Social Relationships,4,3,friends
926,I have been stressed out about being at home and unable to work.,"Я был в стрессе из-за того, что находился дома и не мог работать.",Work,1,0,work
2112,my truck broke down last week and i didn't have the money to buy the parts for repair,"мой грузовик сломался на прошлой неделе, и у меня не было денег, чтобы купить детали для ремонта",Financial Problem,5,4,finance
3638,I can't sleep anymore and I know it's a problem I need to fix but I can't seem to be able to.,"Я больше не могу спать и знаю, что это проблема, которую мне нужно решить, но, похоже, я не могу.","Health, Fatigue, or Physical Pain",3,2,health
4606,"I'm not sure if I'm just this unused to mornings now, or if the meatpuppet is upset about something.","Я не уверен, то ли я сейчас так отвык от утра, то ли мясная марионетка чем-то расстроена.",Other,6,5,unknown
1148,i threw my husband that birthday party for a bunch of people.,я устроила мужу вечеринку по случаю дня рождения для группы людей.,Other,6,5,unknown
2808,tim has been working late,Тим работал допоздна,Other,6,5,unknown
6701,I have felt a general lack of energy for the past week.,На прошлой неделе я почувствовал общую нехватку энергии.,"Health, Fatigue, or Physical Pain",3,2,health
617,i am stressed at work because i have very little time to breathe!,"я испытываю стресс на работе, потому что у меня очень мало времени, чтобы дышать!",Work,1,0,work
6461,Everyday I had to deal with that.,Каждый день мне приходилось с этим сталкиваться.,Everyday Decision Making,6,5,unknown
4585,Apart of me I can't have a proper meal at work.,"Кроме себя, я не могу нормально питаться на работе.",Work,1,0,work
711,i can't seem to catch up on my medical bills.,"Кажется, я не могу покрыть свои медицинские счета.",Financial Problem,5,4,finance
906,i have been stressed about finding a job given all of the recent events going on,"я был в стрессе по поводу поиска работы, учитывая все последние события, происходящие",Work,1,0,work
244,don't know what to cook for dinner,"не знаю, что приготовить на ужин",Other,6,5,unknown
3144,yeah finding a job that earns more $$$$,"да, найти работу, которая зарабатывает больше $$$$",Work,1,0,work
897,I have been really stressing about the coronavirus.,Я очень переживал из-за коронавируса.,Other,6,5,unknown
5999,"My car is frightening right now, And I can't afford to fix it.","Моя машина сейчас пугает, и я не могу позволить себе ее починить.",Financial Problem,5,4,finance
5622,"According to the Bush Administration, Iraq War veterans must be watched closely because they're a potential terrorist threat to military bases inside the US.","По мнению администрации Буша, за ветеранами войны в Ираке необходимо внимательно следить, поскольку они представляют собой потенциальную террористическую угрозу для военных баз на территории США.",Other,6,5,unknown
4938,my homework is getting turned in as incomplete a lot now. some of my recent test scores really suck. and my grades are suffering. not to mention,мою домашнюю работу теперь часто сдают как невыполненную. некоторые из моих недавних результатов тестов действительно отстойные. и мои оценки страдают. не говоря уже о,School,1,0,work
3125,worried about my granny right now,волнуюсь за свою бабушку сейчас,Family Issues,2,1,family
924,i have been stressed for class work and work,у меня был стресс из-за уроков и работы,Work,1,0,work
2805,This whole stay at home got me f'd up man,"Все это пребывание дома меня взбесило, чувак.",Other,6,5,unknown
3621,I'm in pain almost every day of the week!,Мне больно почти каждый день недели!,"Health, Fatigue, or Physical Pain",3,2,health
5960,that's just because I so couldn't afford how much I spent.,"это только потому, что я не мог позволить себе столько денег, сколько потратил.",Financial Problem,5,4,finance
4073,I'm really bad at prioritizing and I need a job ASAP.,"Я очень плохо расставляю приоритеты, и мне нужна работа как можно скорее.",Work,1,0,work
5284,She I think is jealous of me because of my dad and my relationship. Fuck her.,"Я думаю, она завидует мне из-за моего отца и моих отношений. Трахни ее.",Social Relationships,4,3,friends
4350,U know it's not a good thing when i'm bored because then i start questioning everything in life.,"Знаешь, это нехорошо, когда мне скучно, потому что тогда я начинаю подвергать сомнению все в жизни.",Emotional Turmoil,6,5,unknown
985,i have had trouble with my computer at work,у меня были проблемы с компьютером на работе,Work,1,0,work
1218,i'm anxious about failing to meet my commitments to my family,"я беспокоюсь о том, что не смогу выполнить свои обязательства перед семьей",Family Issues,2,1,family
1068,i just got my student loan bill and i don't know how i'm going to pay this.,"Я только что получил счет за студенческий кредит и не знаю, как его оплатить.",Financial Problem,5,4,finance
4333,things had started to get really stressful and i cant afford to live there anymore anyway.,"ситуация стала очень напряженной, и я все равно не могу позволить себе больше там жить.",Financial Problem,5,4,finance
783,i got in a fight with my brother :(,я подрался с братом :(,Family Issues,2,1,family
5653,Israel has expressed anxiety over Iran's stance.,Израиль выразил обеспокоенность позицией Ирана.,Other,6,5,unknown
1424,it's usually work,обычно это работа,Work,1,0,work
3181,I was tired and sore.,Я устал и болел.,"Health, Fatigue, or Physical Pain",3,2,health
2654,THE RAPID SPREAD OF CORONOVIRUS,БЫСТРОЕ РАСПРОСТРАНЕНИЕ КОРОНОВИРУСА,"Health, Fatigue, or Physical Pain",3,2,health
575,I am on self-isolation and I am a little anxious / stressed and not working enough.,"Я нахожусь на самоизоляции, немного тревожусь/напряжена и недостаточно работаю.",Financial Problem,5,4,finance
2495,the conoravisrus making me loose my job,из-за коноравируса я потерял работу,Work,1,0,work
1154,i want to eat better but i'm having a hard time with it,"я хочу есть лучше, но мне трудно с этим справиться","Health, Fatigue, or Physical Pain",3,2,health
3470,Recently you have been experiencing considerable mental anguish and turmoil.,В последнее время вы испытываете значительные душевные страдания и смятения.,Emotional Turmoil,6,5,unknown
663,I am very stressed about being stuck in the house during COVID-19,"Я очень переживаю из-за того, что застряла дома во время COVID-19.",Emotional Turmoil,6,5,unknown
3817,I have been stressed about my health and fear of COVID-19.,Я был в стрессе из-за своего здоровья и страха перед Covid-19.,Emotional Turmoil,6,5,unknown
3533,My dad was diagnosed with Rectal Cancer.,У моего отца диагностировали рак прямой кишки.,"Health, Fatigue, or Physical Pain",3,2,health
1161,i was in stressful event because my team leader blamed on me for unwanted issues,"у меня был стресс, потому что мой руководитель группы винил меня в нежелательных проблемах",Work,1,0,work
2588,the dealer i bought my van from registered it as a commercial vehicle against my wishes,"дилер, у которого я купил свой фургон, зарегистрировал его как коммерческий автомобиль вопреки моему желанию",Everyday Decision Making,6,5,unknown
4293,so i'm a bit worried about next semester's schedule.,поэтому я немного волнуюсь по поводу расписания на следующий семестр.,School,1,0,work
1445,i've been having issues completing my thesis.,у меня были проблемы с завершением диссертации.,School,1,0,work
5258,It's noisy and my neighbours are obnoxious.,"Здесь шумно, и мои соседи неприятные.",Social Relationships,4,3,friends
6065,"I want to call into work sick tomorrow so badly and take a day to recoup, but I can't afford to, and that just makes it all the worse.","Я так сильно хочу завтра прийти на работу по болезни и потратить день на восстановление сил, но не могу себе этого позволить, и от этого становится только хуже.",Work,1,0,work
316,finding the finances for a birthday party after christmas,найти деньги на вечеринку по случаю дня рождения после Рождества,Financial Problem,5,4,finance
4266,once again i'm gonna go on ranting that i have not enough time and theres just so much to do.,"Я еще раз продолжу разглагольствовать, что у меня мало времени и так много дел нужно сделать.",Everyday Decision Making,6,5,unknown
1113,i need to figure out storage,мне нужно разобраться с хранилищем,Everyday Decision Making,6,5,unknown
2629,the money i need for my mortgage closing,"деньги, которые мне нужны для закрытия ипотеки",Financial Problem,5,4,finance
2168,Not being able to leave my house due to the Corona Virus,Не могу выйти из дома из-за короновируса.,Other,6,5,unknown
3382,"today i was tired all day, like every day and it sucks i'm worried i have a disease or something i can't explain my exhaustion.","сегодня я весь день был уставшим, как и каждый день, и это отстой, я волнуюсь, что у меня болезнь или что-то еще, и я не могу объяснить свое утомление.","Health, Fatigue, or Physical Pain",3,2,health
4133,It's been hell just trying to get a ride to work... ...and I'm not feeling 100% to boot.,"Это был ад, просто пытаться подвезти меня до работы... ...и я не чувствую себя на 100% уверенным.",Work,1,0,work
397,Having to pay my student loans,Мне приходится платить студенческие кредиты,Financial Problem,5,4,finance
3608,"Its not easy work, and my back hurts.","Это нелегкая работа, и у меня болит спина.","Health, Fatigue, or Physical Pain",3,2,health
6105,I couldn't really afford proper meals all the time and they take a lot of time to make and here's a lot of waste when cooking for one.,"Я не мог позволить себе постоянно питаться правильно, а на их приготовление уходит много времени, а приготовление одного блюда приводит к большим потерям.",Other,6,5,unknown
210,"cut to part time, can't pay rent or bills, feel terrible","сокращен на неполный рабочий день, не могу платить за аренду или счета, чувствую себя ужасно",Financial Problem,5,4,finance
1851,my dog has stitches in and she's being crazy,"у моей собаки наложены швы, и она сходит с ума",Family Issues,2,1,family
6450,I HAVE SO MANY PROJECTS AND IT STRESSES AND BUMS ME OUT.,"У МЕНЯ ТАК МНОГО ПРОЕКТОВ, И ЭТО МЕНЯ СТРЕССИТ И РАЗРУШАЕТ.",Work,1,0,work
4779,Life has been incredibly stressful lately.,В последнее время жизнь стала невероятно напряженной.,Other,6,5,unknown
2026,my oldest son has been having serious issues at school almost every day.,у моего старшего сына почти каждый день были серьезные проблемы в школе.,Family Issues,2,1,family
129,boss keeps piling me up with work,босс продолжает загружать меня работой,Work,1,0,work
2594,the fact that I have been laid off due to the coronavirus with no prospects,"то, что меня уволили из-за коронавируса без перспектив",Work,1,0,work
4388,"Life is really busy lately and you know, there just isn't enough time in the world to do everything i want!","В последнее время жизнь очень занята, и вы знаете, в мире просто не хватает времени, чтобы сделать все, что я хочу!",Everyday Decision Making,6,5,unknown
4805,"i work too much and when i get out i'm too tired to function, plus everyone always has plans.","я слишком много работаю, и когда выхожу из дома, я слишком устаю, чтобы работать, к тому же у всех всегда есть планы.",Work,1,0,work
6331,i cant talk to my parents about how stressed i am bc itll worry them even more.,"Я не могу говорить с родителями о том, какой у меня стресс, потому что это их беспокоит еще больше.",Family Issues,2,1,family
667,I am very stressing about to stay home for a long time,Я очень переживаю из-за необходимости оставаться дома в течение длительного времени,Social Relationships,4,3,friends
989,i have like no money at all and i hate it,"у меня вообще нет денег, и я это ненавижу",Financial Problem,5,4,finance
3061,work is killing me,работа меня убивает,Work,1,0,work
6604,Mother gave me the biggest guilt trip for it and now I'm feeling a little bitter.,"Мать устроила мне за это самое большое чувство вины, и теперь мне немного горько.",Family Issues,2,1,family
3871,"Being so busy I feel like I have lost my spiritual sense, or a sense of myself.","Будучи настолько занятым, я чувствую, что потерял духовное чувство или ощущение самого себя.",Emotional Turmoil,6,5,unknown
4295,So its seriously time to register for GRE and everything and I realized...I can't afford it.,"Так что пора регистрироваться на GRE и все такое, и я понял... Я не могу себе этого позволить.",Financial Problem,5,4,finance
6481,"college, scholarships, and my new secret are really taking a toll on me. and","колледж, стипендии и мой новый секрет действительно сказываются на мне. и",School,1,0,work
4157,ive been getting too stressed lately and i feel like im just gonna lose it.,"В последнее время я становлюсь слишком напряженным, и мне кажется, что я вот-вот потеряю самообладание.",Emotional Turmoil,6,5,unknown
1163,i was late for work again,я снова опоздал на работу,Work,1,0,work
6792,my parents dont really keep track of my life.,мои родители особо не следят за моей жизнью.,Family Issues,2,1,family
4893,i'm sure i'm probably missing a bunch of stuff at school that will take me all week to make up.,"Я уверен, что, вероятно, пропустил кучу вещей в школе, на восполнение которых мне понадобится целая неделя.",School,1,0,work
685,I am worried about the Coronavirus and how it will affect my family.,"Я беспокоюсь о Коронавирусе и о том, как он повлияет на мою семью.","Health, Fatigue, or Physical Pain",3,2,health
4812,"I'm tired of washing my two little uniforms every other day, and ironing every night to get the required creases in everything, it's such a pain.","Я устала стирать две свои маленькие униформы через день и гладить каждую ночь, чтобы на всем были нужные складки, это такая боль.",Work,1,0,work
1874,my financial situaition is tough this month.,мое финансовое положение в этом месяце тяжелое.,Financial Problem,5,4,finance
3984,I just have been feeling this frustration about how to prioritize.,"Я просто чувствовал разочарование по поводу того, как расставить приоритеты.",Everyday Decision Making,6,5,unknown
6493,"I'm trying I really am, but right now I'm just so bogged down with school work, and stress its ridiculous.","Я правда стараюсь, но сейчас я настолько увязла в школьной работе, что подчеркиваю, что это смешно.",School,1,0,work
1920,my husband has been so busy lately that we never spend quality time together anymore.,"мой муж в последнее время был так занят, что мы больше никогда не проводим время вместе.",Social Relationships,4,3,friends
2562,The Covid-19 pandemic,Пандемия Covid-19,Financial Problem,5,4,finance
2249,Oh the whole Corona Virus stuff,Ох уж эта короновирусная ерунда,"Health, Fatigue, or Physical Pain",3,2,health
3074,work is very exhausting i need a break or need a vacation,"работа очень утомительна, мне нужен перерыв или отпуск",Work,1,0,work
3573,"I limped around work on a swollen knee, sneezed my head off and choked on icky wood shavings and broke up a really NASTY fight between two dogs.","Я хромал на работе с опухшим коленом, чихнул, подавился неприятными опилками и развязал действительно ЖЕСТКУЮ драку между двумя собаками.","Health, Fatigue, or Physical Pain",3,2,health
6804,"Ali's still very mad at Dad, won't even talk to him.",Эли до сих пор очень злится на папу и даже не разговаривает с ним.,Family Issues,2,1,family
1086,I lost my job because of the Coronavirus pandemic.,Я потерял работу из-за пандемии коронавируса.,Work,1,0,work
4067,I'm kinda sad about working full time,Мне немного грустно работать полный рабочий день,Work,1,0,work
691,I been trying to cook dinner for the kids and there going crazy.,Я пытался приготовить ужин для детей и сходил с ума.,Family Issues,2,1,family
4380,Work sucks and the new people are getting on my nerves... especally when they don't show up.,"Работа — отстой, а новые люди действуют мне на нервы… особенно, когда они не появляются.",Work,1,0,work
4740,"I get the feeling that no matter where I go next year for college, that I'll have to work my way through college.","У меня такое ощущение, что независимо от того, куда я пойду в колледж в следующем году, мне придется доучиваться до колледжа.",School,1,0,work
4930,School is hard and I'm getting SOOO SOOO SOOO sick of it! I'm starting to do pretty bad in my classes.,"В школе тяжело, и мне это ТАК надоело! Я начинаю плохо успевать на уроках.",School,1,0,work
2877,ugh im fucking stressed,"ух, я чертовски напряжен",Emotional Turmoil,6,5,unknown
2104,my stress timing is very loss many things.,Мое время стресса - это потеря многих вещей.,Other,6,5,unknown
4252,Not sure how to fix that... Definitely feeling like there's something missing from my life.,"Не знаю, как это исправить... Определенно чувствую, что в моей жизни чего-то не хватает.",Emotional Turmoil,6,5,unknown
6808,"my grandmother is not doing well, and its staring to look like she has given up all together. and my whole family is fighting about what to do with her.","у моей бабушки дела идут плохо, и похоже, что она уже сдалась. и вся моя семья спорит, что с ней делать.",Family Issues,2,1,family
5573,The big problem I'm having is that there is some kind of conflict going on inside me.,"Большая проблема, с которой я сталкиваюсь, заключается в том, что внутри меня происходит какой-то конфликт.",Emotional Turmoil,6,5,unknown
5348,"Lots of trauma, lots of pain, and my father gets seriously depressed, imho, when he's sick and unable to work.","Много травм, много боли, и мой отец, имхо, впадает в серьёзную депрессию, когда болеет и не может работать.",Family Issues,2,1,family
6780,"In part because I have a major lack of money, but also because theres literally nothing to do in the area.","Отчасти потому, что у меня острая нехватка денег, но также и потому, что в этом районе буквально нечего делать.",Financial Problem,5,4,finance
203,Covid-19 pandemic has been really stressful,Пандемия Covid-19 оказалась по-настоящему стрессовой,Emotional Turmoil,6,5,unknown
4152,"I've been bummed out lately at work, mostly by my own inability to get motivated and self-manage.","В последнее время я был расстроен на работе, в основном из-за моей собственной неспособности найти мотивацию и управлять собой.",Work,1,0,work
1879,my financial situation is not getting better.,мое финансовое положение не улучшается.,Financial Problem,5,4,finance
1075,i just recently booked my wedding venue and planning the entire wedding,я только недавно забронировал место проведения свадьбы и планирую всю свадьбу,Social Relationships,4,3,friends
6611,"Lately I have been depressed, as my standard mood.","В последнее время у меня депрессия, это мое стандартное настроение.",Emotional Turmoil,6,5,unknown
6522,"I was looking at my transcript today and there were some horrible classes that I had to take, even a semester of two full of classes I wasn't thrilled about.","Сегодня я просматривал свою стенограмму и обнаружил, что мне пришлось пройти несколько ужасных занятий, даже два семестра, полных занятий, которые меня не впечатлили.",School,1,0,work
6314,there are weird moments when i miss my son most. they are not predictable or organized or logical.,"бывают странные моменты, когда я больше всего скучаю по сыну. они не предсказуемы, не организованы и не логичны.",Family Issues,2,1,family
2888,UM WELL THE MAUJOR CANT DECIDE WEATHER  OGDEN CITY WILL GO ON LOCKE DOWN OR NOT THTAS ST,"ЭМ, МАЙОР НЕ МОГУ РЕШИТЬ, ПОГОДА ОГДЕН СИТИ ЗАКОНЧИТСЯ ИЛИ НЕТ, ЭТО СТ.",Other,6,5,unknown
3237,"My body, especially my back, shoulders, and neck are really sore.","Мое тело, особенно спина, плечи и шея, очень болят.","Health, Fatigue, or Physical Pain",3,2,health
651,i am trying to get full custody of my child and am undergoing a custody evaluation.,Я пытаюсь получить полную опеку над своим ребенком и прохожу оценку опеки.,Family Issues,2,1,family
3483,"I've got a crappy cold, and with colds comes irritability and muscle pain.","У меня ужасная простуда, а вместе с ней появляется раздражительность и мышечные боли.","Health, Fatigue, or Physical Pain",3,2,health
3744,i have urgent some work unable come on time,"у меня срочная работа, не могу прийти вовремя",Work,1,0,work
5250,"i don't expect people to get along with me anymore, just because i've arrived in a really volatile state.","я не ожидаю, что люди больше будут со мной ладить только потому, что я оказался в очень нестабильном состоянии.",Social Relationships,4,3,friends
6588,living with 3 men makes the house a disaster. I'd have to spend so much time cleaning that I'd be too tired to have people over afterward.,"проживание с тремя мужчинами превращает дом в катастрофу. Мне пришлось бы тратить так много времени на уборку, что я бы слишком устал, чтобы потом приглашать людей.",Social Relationships,4,3,friends
4496,I can't decide what I want for dinner.,"Я не могу решить, что хочу на ужин.",Everyday Decision Making,6,5,unknown
2648,"the political situation in america is pretty stressful, i can't wait until november 2020","политическая ситуация в Америке довольно напряженная, я не могу дождаться ноября 2020 года",Other,6,5,unknown
3410,"Will I always hate working?Because of all this stress, I can't seem to gain any weight and subsequently I hate my body.",Буду ли я всегда ненавидеть работу? Из-за всего этого стресса я не могу набрать вес и впоследствии ненавижу свое тело.,Work,1,0,work
2016,"my mother treats me like i'm 12, except when it suits her needs","моя мама обращается со мной так, как будто мне 12, за исключением случаев, когда это соответствует ее потребностям",Family Issues,2,1,family
3944,I feel so bad having to turn down everything that I am offered because I have to work.,"Мне так плохо, что я отказываюсь от всего, что мне предлагают, потому что мне нужно работать.",Work,1,0,work
6330,"I'm so sick of people, ie family, giving me a hard time.","Мне так надоели люди, то есть семья, которые доставляют мне неприятности.",Family Issues,2,1,family
5615,i have so many emotional issues.,у меня так много эмоциональных проблем.,Emotional Turmoil,6,5,unknown
2852,Trying to get Easton to do more school work and less wanting to play!,Пытаюсь заставить Истона больше заниматься школьными делами и меньше хотеть играть!,Family Issues,2,1,family
2821,too much work time not enough me time,"слишком много рабочего времени, мне не хватает времени",Work,1,0,work
5043,"yeah, i'm having a hard time concentrating on studyin right now, and i dont know why! and it's pissin me off!","да, мне сейчас трудно сосредоточиться на учебе, и я не знаю почему! и это меня бесит!",School,1,0,work
2779,this job hunt is killing me man.,"эта охота за работой убивает меня, чувак.",Work,1,0,work
2097,my sprained ankle is still bothering me.,вывихнутая лодыжка все еще беспокоит меня.,"Health, Fatigue, or Physical Pain",3,2,health
1183,I worried about losing my job because of the coronavirus.,Я боялся потерять работу из-за коронавируса.,Work,1,0,work
2529,The coronavirus has been stressing me out.,Коронавирус вызвал у меня стресс.,"Health, Fatigue, or Physical Pain",3,2,health
3643,"i am having some insane insamnia or something, i am so tired, however, i cant seem to go to sleep!!!!!","у меня какая-то безумная бессонница или что-то в этом роде, я так устала, но, кажется, не могу заснуть!!!!!","Health, Fatigue, or Physical Pain",3,2,health
5228,Having a social life sucks.,Социальная жизнь — отстой.,Social Relationships,4,3,friends
4995,I am deep in studying for finals.,Я глубоко готовлюсь к финалу.,School,1,0,work
4271,People have been giving me a hard time lately about my lifestyle... I understand they are just concerned..and thats ok.,"В последнее время люди недовольны моим образом жизни... Я понимаю, что они просто обеспокоены... и это нормально.",Social Relationships,4,3,friends
1239,i'm having a hard time finding a job.,мне трудно найти работу.,Work,1,0,work
4544,im not gonna accomplish anything in my room all the time.,Я не собираюсь все время что-то делать в своей комнате.,Other,6,5,unknown
2520,The coronavirus and how its impacted businesses and the economy,Коронавирус и его влияние на бизнес и экономику,Financial Problem,5,4,finance
6471, i have a lot of stuff that i've been worrying about lately and i cant make myself stop.,"У меня много вещей, о которых я беспокоюсь в последнее время, и я не могу заставить себя остановиться.",Emotional Turmoil,6,5,unknown
5181,"I am really trying! School is getting crazy busy with tests, papers, probes, research, all that junk.","Я правда стараюсь! Школа становится безумно занята тестами, работами, зондами, исследованиями и всем этим хламом.",School,1,0,work
2854,"trying to get into a position at work so i can advance, but having a hard time.","пытаюсь занять должность на работе, чтобы продвинуться вперед, но испытываю трудности.",Work,1,0,work
1350,i'm trying to make some meatloaf but i don't have most of the ingredients.,"Я пытаюсь приготовить мясной рулет, но у меня нет большинства ингредиентов.",Everyday Decision Making,6,5,unknown
3993,I really feel like I am failing here because I can't take the time off to cover the whole time.,"Я действительно чувствую, что терплю неудачу здесь, потому что не могу выделить время, чтобы покрыть все время.",Everyday Decision Making,6,5,unknown
6184,My dad is all sick like.,Мой папа весь болен.,Family Issues,2,1,family
3756,I've had to work more hours,Мне пришлось работать больше часов,Work,1,0,work
3507,When she woke up she had a splitting headache and she couldn't remember anything.,"Когда она проснулась, у нее сильно болела голова, и она ничего не могла вспомнить.","Health, Fatigue, or Physical Pain",3,2,health
2488,the amount of work being piled on me,"объем работы, который наваливается на меня",Work,1,0,work
1784,"my broken foot has not healed and i've been in a cast for 4 months, i want to walk again","моя сломанная нога не зажила, я в гипсе уже 4 месяца, хочу снова ходить","Health, Fatigue, or Physical Pain",3,2,health
3309,"i still gotta headache , i need 2 lay down but i dont feel like it.","У меня все еще болит голова, мне нужно прилечь, но мне не хочется.","Health, Fatigue, or Physical Pain",3,2,health
2307,politics,политика,Other,6,5,unknown
3233,my foot got stepped on and is now bruised.,"на мою ногу наступили, и теперь у меня синяк.","Health, Fatigue, or Physical Pain",3,2,health
773,i feel very stressed i faced many problem i do't know how to handle it please help me de,"я чувствую себя очень напряженным, я столкнулся со многими проблемами, я не знаю, как с ними справиться, пожалуйста, помогите мне решить",Emotional Turmoil,6,5,unknown
5477,Like the people that mean most to you are unhappy with you? I've felt it alot lately and I'm not sure what I did to make them feel that way.,"Как будто люди, которые для вас больше всего значат, недовольны вами? В последнее время я часто это чувствовал и не знаю, что я сделал, чтобы заставить их так себя чувствовать.",Emotional Turmoil,6,5,unknown
3584,I was hooked up in the hospital for at least a week.,Меня закрепили в больнице как минимум на неделю.,"Health, Fatigue, or Physical Pain",3,2,health
6657,Too much stress building upon me and like I don't know what else to do anymore.,"На меня наваливается слишком много стресса, и я словно не знаю, что еще делать.",Other,6,5,unknown
4433,i have too much to do this week and not enough time to do it all.,"У меня слишком много дел на этой неделе, и недостаточно времени, чтобы сделать все это.",Everyday Decision Making,6,5,unknown
821,i have a deadline that's impossible to meet.,"у меня есть срок, который невозможно уложиться.",Work,1,0,work
4214,midly dissatisfied with where i am at in my life.,"средне недоволен тем, где я нахожусь в своей жизни.",Emotional Turmoil,6,5,unknown
6705,now I'm feeling particularly depressed and lonely.,сейчас я чувствую себя особенно подавленным и одиноким.,Emotional Turmoil,6,5,unknown
288,fellow employees at work,коллеги на работе,Work,1,0,work
1812,my college roommate has been making me really anxious,мой сосед по комнате в колледже меня очень беспокоит,School,1,0,work
6229,I'm having a very stressful conversation with my Mom here.,У меня здесь очень напряженный разговор с мамой.,Family Issues,2,1,family
3791,I been stressing about not being able to work because of the Covid 19.,"Я переживал из-за того, что не смогу работать из-за Covid 19.",Work,1,0,work
5514,He told me that James was bitching to him that he feels he is getting shitted on by his best friends.,"Он сказал мне, что Джеймс жаловался на него, что он чувствует, что его лучшие друзья обижают его.",Social Relationships,4,3,friends
3920,I am still having a terrible time working myself up to doing this assignment.,Я до сих пор с ужасом готовлюсь к выполнению этого задания.,School,1,0,work
6381,This training stuff has been a really stressful.,Эти тренировки были очень напряженными.,Work,1,0,work
1625,Legal issues and finances,Юридические вопросы и финансы,Financial Problem,5,4,finance
1464,i've been really stressing out about money issues.,меня очень беспокоили проблемы с деньгами.,Financial Problem,5,4,finance
3571,I then ran to the bathroom and puked as poor Dave held back my hair and rubbed my back.,"Затем я побежала в ванную, и меня вырвало, когда бедный Дэйв схватил меня за волосы и потер спину.","Health, Fatigue, or Physical Pain",3,2,health
1199,I would tell them something about work.,Я бы рассказал им что-нибудь о работе.,Work,1,0,work
3327,"It almost seems to be hurting more and more, but I think that is because I have started sleeping on it in the middle of the night.","Кажется, что мне становится все больше и больше больно, но я думаю, это потому, что я начал спать на нем посреди ночи.","Health, Fatigue, or Physical Pain",3,2,health
3530,He's been up for a couple of hours and has been chastising me for writing this long before I started it.,"Он не спал уже пару часов и отчитывал меня за то, что я написал это задолго до того, как я это начал.",Family Issues,2,1,family
4327,There will be questions I have no answers to and it seems to be the story of my life lately.,"Будут вопросы, на которые у меня нет ответов, и, похоже, это история моей жизни в последнее время.",Everyday Decision Making,6,5,unknown
6837,I mean its bad enough that I barely talk to my dad and when I try I feel like i bug him.,"Я имею в виду, что это настолько плохо, что я почти не разговариваю с отцом, и когда я пытаюсь, мне кажется, что я его достаю.",Family Issues,2,1,family
764,i feel like odd,я чувствую себя странно,Other,6,5,unknown
4401,"I mean, I'm starving by this point and my brain is pissed at me and demands food if I refuse it sleep.","Я имею в виду, что к этому моменту я умираю от голода, и мой мозг злится на меня и требует еды, если я отказываюсь от сна.","Health, Fatigue, or Physical Pain",3,2,health
226,dealing with that woman at work,иметь дело с этой женщиной на работе,Work,1,0,work
4292,"So I have to write it today, and I'm really not in the mood.","Итак, мне нужно написать это сегодня, а у меня совсем нет настроения.",Emotional Turmoil,6,5,unknown
5921,i am so angry right now i really just want to start throwing things why are my emotions so extreme lately?,"я сейчас так зол, мне правда хочется начать разбрасываться вещами, почему мои эмоции в последнее время такие сильные?",Emotional Turmoil,6,5,unknown
4151,I've been being extremely bad in that department lately...and I've stalled..imagine that! ;),В последнее время у меня в этом отношении дела обстоят крайне плохо... и я застопорился... представьте себе это! ;),Other,6,5,unknown
1938,my in laws inability to put their electronics away and spend time with their grandchild,моя свекровь не может убрать свою электронику и проводить время с внуком,Family Issues,2,1,family
756,"i feel jealous of other girls, and worried my husband might be attracted to them.","Я завидую другим девушкам и беспокоюсь, что они могут понравиться моему мужу.",Social Relationships,4,3,friends
2392,"School shutting down and having to design an online class - fast, like.","Школу закрывают, и нам приходится разрабатывать онлайн-классы - типа быстро.",School,1,0,work
70,balancing work with home schooling my children,совмещать работу с домашним обучением моих детей,Work,1,0,work
4927,I am already depressed about all the fucking homework I need to do today.,"Я уже в депрессии из-за всей этой чертовой домашней работы, которую мне нужно сделать сегодня.",School,1,0,work
3888,By the time I was ready to go into work I was feeling pretty shitty.,"К тому времени, когда я был готов приступить к работе, я чувствовал себя довольно дерьмово.",Work,1,0,work
5629,"I'm afraid that I might lose my patience with them and hurt them, traumatized them as I myself have been traumatized.","Я боюсь, что могу потерять терпение по отношению к ним и причинить им боль, травмировать их так же, как я сам был травмирован.",Emotional Turmoil,6,5,unknown
3352,"Being a hypochondriac and also because I was sick on Monday, I've been worried about my health all week","Будучи ипохондриком, а также потому, что в понедельник я заболел, всю неделю я беспокоился о своем здоровье.","Health, Fatigue, or Physical Pain",3,2,health
4050,I'm getting sick of babysitting.,Мне надоело присматривать за детьми.,Work,1,0,work
625,i am stressed out by the rising workload and stagnant pay in my current job.,Меня угнетает растущая рабочая нагрузка и застой заработной платы на моей нынешней работе.,Work,1,0,work
954,i have been stressing out over paying my bills!,я переживал из-за оплаты счетов!,Financial Problem,5,4,finance
4773,i don't have time to eat dinner tonight.,у меня нет времени ужинать сегодня вечером.,"Health, Fatigue, or Physical Pain",3,2,health
519,i am applying to law schools but can't seem to focus on my application,"я подаю заявление в юридический факультет, но не могу сосредоточиться на своем заявлении",School,1,0,work
1634,life in general,жизнь в целом,Other,6,5,unknown
2652,The projection of the Coronavirus on the U.S. and the world. I need to work.,Проекция коронавируса на США и мир. Мне нужно работать.,Work,1,0,work
3389,My head hurts and i have to read about lean logistics.,"У меня болит голова, и мне приходится читать о бережливой логистике.","Health, Fatigue, or Physical Pain",3,2,health
1918,my husband has been arrested for a dui,моего мужа арестовали за нарушение правил дорожного движения,Family Issues,2,1,family
528,i am feeling stressed out,я чувствую стресс,Other,6,5,unknown
5177,"Because when I'm doing my math, I make so many small errors, and I have trouble with high school algebra concepts.","Потому что, когда я занимаюсь математикой, я делаю очень много мелких ошибок, и у меня проблемы с понятиями алгебры в средней школе.",School,1,0,work
642,I am struggling with anxiety recently and worried because it consumes a lot of my life.,"В последнее время я борюсь с тревогой и волнуюсь, потому что она занимает большую часть моей жизни.",Social Relationships,4,3,friends
738,i dont know how long to boil potatoes for,"я не знаю, сколько времени варить картошку",Everyday Decision Making,6,5,unknown
3115,working with patients and worrying about bringing the coronavirus home to my family,"работаю с пациентами и беспокоюсь о том, чтобы принести коронавирус домой моей семье",Emotional Turmoil,6,5,unknown
6618,Friends don't let friends date each other.,Друзья не позволяют друзьям встречаться друг с другом.,Social Relationships,4,3,friends
2273,our house is too small for our family,наш дом слишком мал для нашей семьи,Family Issues,2,1,family
6351,My family is also driving me insane.,Моя семья тоже сводит меня с ума.,Family Issues,2,1,family
769,I feel that I am overwhelmed so much to do and no time to do it!,"Я чувствую, что мне так много нужно сделать, а времени на это нет!",Emotional Turmoil,6,5,unknown
1777,my boyfriend is cheating on me,мой парень мне изменяет,Social Relationships,4,3,friends
1216,i'm a caregiver for a 99-year-old lady who is prone to falls.,"Я ухаживаю за 99-летней женщиной, склонной к падениям.",Work,1,0,work
1222,"i'm broke as a joke, something has to give.","Шутка, я сломлен, надо что-то отдать.",Financial Problem,5,4,finance
335,getting everything done at work,сделать все на работе,Work,1,0,work
1828,my current on/off relationship with the person i have been dating for over a year now,"мои текущие отношения с человеком, с которым я встречаюсь уже больше года",Social Relationships,4,3,friends
796,i had a thing happen at school that has been bugging me since break.,"В школе у ​​меня случилось кое-что, что беспокоило меня с перемены.",School,1,0,work
2440,"Still packing for the big move.  Way too much stuff, not enough boxes!","Все еще собираемся для большого переезда.  Слишком много вещей, недостаточно коробок!",Everyday Decision Making,6,5,unknown
5966,"I blame tudor oaks for making me lose a months worth of pay, on top of zero notice for me to go looking for a job.","Я виню Тюдор Оукса в том, что он заставил меня потерять месячную зарплату, помимо того, что мне не предупредили о поиске работы.",Work,1,0,work
5858,I just have major anxiety issues I think and they're screwing me up royally.,"Я думаю, у меня просто серьезные проблемы с тревогой, и они меня по-настоящему облажают.",Emotional Turmoil,6,5,unknown
5757,"As if it wasn't obvious, I have serious issues dealing with my own emotions.","Как будто это не было очевидно, у меня серьезные проблемы с собственными эмоциями.",Emotional Turmoil,6,5,unknown
1857,my dog of 12 years passed away,"моя собака, с которой прожил 12 лет, скончалась",Emotional Turmoil,6,5,unknown
3721,"I'm not working due to Covid, so everything feels stressful","Я не работаю из-за Covid, поэтому все кажется напряженным.",Work,1,0,work
1145,i think my husband is cheating on me.,"я думаю, что мой муж мне изменяет.",Family Issues,2,1,family
3209,my head hurts and im tired and i cant sleep.,"у меня болит голова, я устал и не могу спать.","Health, Fatigue, or Physical Pain",3,2,health
4030,I'm a lil scared about finding all of my classes.,Я немного боюсь найти все свои занятия.,School,1,0,work
1925,my husband left me i lost my job and can't see my catcher so that has been stressing me.,"мой муж бросил меня, я потеряла работу и не могу видеться со своим ловцом, и это меня напрягает.",Emotional Turmoil,6,5,unknown
5406,"these people that i work with piss me off so much. ""","эти люди, с которыми я работаю, меня очень бесят. """,Work,1,0,work
6089,"So, those who work expect to get paid, but they cant pay them becuase theres not enough money generated to pay all these employees sitting around.","Итак, те, кто работает, ожидают, что им заплатят, но они не могут их заплатить, потому что собранных денег недостаточно, чтобы заплатить всем этим сидящим без дела сотрудникам.",Financial Problem,5,4,finance
305,financial problems and paying bills,финансовые проблемы и оплата счетов,Financial Problem,5,4,finance
3313,"On the other hand I want to be able to sleep, and the laste hours we hold don't comply with the human need for it.","С другой стороны, я хочу иметь возможность спать, а последние часы, которые мы проводим, не соответствуют человеческой потребности в этом.","Health, Fatigue, or Physical Pain",3,2,health
6087,oh well i need more money.,"ох, мне нужно больше денег.",Financial Problem,5,4,finance
1597,Just trying to make sure food is on the table,"Просто пытаюсь убедиться, что еда на столе",Financial Problem,5,4,finance
6084,"Additionally money is a really big issue, and it keeps making me soo tense.","Кроме того, деньги — это действительно большая проблема, и они постоянно меня напрягают.",Financial Problem,5,4,finance
2361,school,школа,School,1,0,work
3549,"She made my mom sick, who which in turn, made me sick while I was helping her.","Из-за нее заболела моя мама, а та, в свою очередь, заболела и я, пока я ей помогал.","Health, Fatigue, or Physical Pain",3,2,health
2106,my stress timing is very loss of many things.,Мое время стресса - это потеря многих вещей.,Emotional Turmoil,6,5,unknown
4501,my contracting journey has been quite stressful.,мой контрактный путь был довольно напряженным.,Work,1,0,work
3274,I am so tired of being sick.,Я так устал болеть.,"Health, Fatigue, or Physical Pain",3,2,health
4354,"we aren't really on speaking terms as of late, and its posing to be quite a problem for me.","в последнее время мы не очень-то общаемся, и это представляет для меня настоящую проблему.",Social Relationships,4,3,friends
6186,"I won't get into it, but things with my Dad aren't going well.","Не буду вдаваться в подробности, но дела с моим отцом идут не очень хорошо.",Family Issues,2,1,family
4264,"on the subject of not affording things, it has been PAINFULLY sloooooow at work.","Что касается нехватки вещей, то на работе было БОЛЕЗНЕННО медленно.",Other,6,5,unknown
3360,"I know the irregular sleeping schedule I keep does much to harm my health and as I'm getting older, I lose valuable time towards fixing that.","Я знаю, что нерегулярный график сна, который я соблюдаю, сильно вредит моему здоровью, и по мере того, как я становлюсь старше, я теряю драгоценное время, чтобы исправить это.","Health, Fatigue, or Physical Pain",3,2,health
627,I am stressed out from being quarantined for the last 10 days.,У меня стресс из-за карантина последние 10 дней.,Emotional Turmoil,6,5,unknown
1930,My husband stresses me out. Drinks too much.,Муж меня напрягает. Пьет слишком много.,Family Issues,2,1,family
1409,it's been a rough week at work!,это была тяжелая неделя на работе!,Work,1,0,work
1723,My ability to earn a better living for myself.,Моя способность зарабатывать себе на жизнь лучше.,Work,1,0,work
4633,there's no warm bath cause everyday's a cold shower.,"теплой ванны нет, потому что каждый день холодный душ.",Everyday Decision Making,6,5,unknown
1437,I've been getting stressed about this corona virus,У меня стресс из-за этого короновируса,"Health, Fatigue, or Physical Pain",3,2,health
2385,school is driving me crazy with having so many tests at once.,Школа сводит меня с ума из-за такого количества тестов одновременно.,School,1,0,work
5020,that makes my schoolwork harder to manage.,из-за этого мне сложнее справляться с учебой.,School,1,0,work
4256,"Of course, I bitched about my situation and how difficult it really was getting to further my education.","Конечно, я сожалел о своей ситуации и о том, как трудно на самом деле продолжать свое образование.",School,1,0,work
6728,Two people on my flist experienced major Bad Life Things.,Два человека из моего списка пережили серьезные неудачи в жизни.,Social Relationships,4,3,friends
3131,WORRYING ABOUT EXPOSURE TO COVID AT THE HOSPITAL WHERE I WORK,"БЕСПОКОИМСЯ ПО поводу ВОЗДЕЙСТВИЯ КОВИДУ В БОЛЬНИЦЕ, ГДЕ Я РАБОТАЮ",Work,1,0,work
3068,Work is straight up killing me,Работа меня прямо убивает,Work,1,0,work
1711,money. between trying to get things listed and bringing the stuff down from the attic.,деньги. между попыткой внести вещи в список и переносом вещей с чердака.,Financial Problem,5,4,finance
57,An exam at school that everyone is saying you can't pass.,"Экзамен в школе, который все говорят, что ты не сможешь его сдать.",School,1,0,work
2727,there's just a lot going on and i don't know what to do.,"Просто много всего происходит, и я не знаю, что делать.",Everyday Decision Making,6,5,unknown
5310,"I feel so out of place with the group, I kind of wished that I would say more, but what I say I fear won't be accepted by the group.","Я чувствую себя настолько не в своей тарелке с группой, что мне как бы хотелось сказать больше, но я боюсь, что то, что я говорю, не будет принято группой.",Social Relationships,4,3,friends
6248,ew my mom was giving me a hard time about prociesum.,"фу, моя мама не давала мне покоя по поводу prociesum.",Family Issues,2,1,family
3265,"After speaking with the doctor, they've decided I strained a back muscle, which apparently is causing these weird symptoms.","Поговорив с врачом, они решили, что я растянул мышцу спины, что, видимо, и вызывает эти странные симптомы.","Health, Fatigue, or Physical Pain",3,2,health
6233,Mom was diagnosed with stage 3C ovarian cancer.,У мамы диагностировали рак яичников 3С стадии.,Family Issues,2,1,family
4941,I had a real hard time making friends through out school.,Мне было очень трудно заводить друзей в школе.,Social Relationships,4,3,friends
3224,Im so tired or being sick.,Я так устал или заболел.,"Health, Fatigue, or Physical Pain",3,2,health
6574,"Couldn't even say friend, 'cause we barely ever spoke. I get the nosiness from my mom and","Даже не мог сказать друг, потому что мы почти не разговаривали. Я получаю назойливость от мамы и",Social Relationships,4,3,friends
1190,I would say keep your head up because things will  get better,"Я бы посоветовал держать голову выше, потому что все наладится",Other,6,5,unknown
3010,work has been really stressful,работа была очень напряженной,Work,1,0,work
5965,"i dont have a car now bc it costs to much to fix, so its a total loss.","У меня сейчас нет машины, потому что ее ремонт стоит очень дорого, так что это полная потеря.",Financial Problem,5,4,finance
315,finding a new job with higher pay,найти новую работу с более высокой оплатой,Work,1,0,work
5322,So my girlfriend broke up with me.,Так моя девушка рассталась со мной.,Social Relationships,4,3,friends
83,"being a caregiver for a sick family friend, i feel like i have no time to myself","Будучи сиделкой за больным другом семьи, я чувствую, что у меня нет времени на себя",Social Relationships,4,3,friends
909,i have been stressed about live and planning a future after graduation from college,"я был в стрессе из-за того, что буду жить и планировать будущее после окончания колледжа",Everyday Decision Making,6,5,unknown
179,Coronavirus and panic buying have been stressing me out.,Коронавирус и панические покупки вызывают у меня стресс.,"Health, Fatigue, or Physical Pain",3,2,health
5749,"I'm always a bit scared because, like I said, everytime I say something it causes trouble.","Мне всегда немного страшно, потому что, как я уже говорил, каждый раз, когда я что-то говорю, это вызывает проблемы.",Emotional Turmoil,6,5,unknown
540,I am having a hard time getting to work,Мне трудно добираться до работы,Work,1,0,work
443,HI FRDS THANKYOU FOR TEXTINGS,"ПРИВЕТ, ФРДС, СПАСИБО ЗА СООБЩЕНИЯ",Other,6,5,unknown
1973,"my jobs sucks, it is painful on my body and very low pay.","моя работа отстой, это больно для моего тела и очень низкая зарплата.","Health, Fatigue, or Physical Pain",3,2,health
1630,life as a whole,жизнь в целом,Other,6,5,unknown
1080,I know it will  be too stressful today but we don't want to let stress take over us,"Я знаю, что сегодня будет слишком напряженно, но мы не хотим, чтобы стресс одолел нас.",Everyday Decision Making,6,5,unknown
1734,my bill,мой счет,Financial Problem,5,4,finance
1898,my glasses keep getting smudges wtf,"мои очки продолжают пачкаться, черт возьми",Other,6,5,unknown
6688,Trying to cope with conditions which you think are beyond your capabilities has led to considerable anxiety and stress.,"Попытка справиться с условиями, которые, по вашему мнению, выходят за рамки ваших возможностей, привела к значительному беспокойству и стрессу.",Emotional Turmoil,6,5,unknown
2571,"The covid-19 situation.  My job hours got cut, and I'm worried about contracting it.","Ситуация с Covid-19.  Мне сократили рабочее время, и я боюсь заразиться.",Work,1,0,work
3441,I have a stress headache and sore neck from work.,У меня от стресса болит голова и шея после работы.,"Health, Fatigue, or Physical Pain",3,2,health
726,i do not know if i want to go back to work yet.,"я еще не знаю, хочу ли я вернуться к работе.",Work,1,0,work
267,everything stress me out,все меня напрягает,Everyday Decision Making,6,5,unknown
2054,my relationship with one of my very dear friends has not been at its best,мои отношения с одним из моих очень дорогих друзей были не в лучшем виде,Social Relationships,4,3,friends
1619,lately life has been pressing down on me.,в последнее время жизнь давит на меня.,Emotional Turmoil,6,5,unknown
5706,"You must have a mental problem, you need help.","Должно быть, у вас проблемы с психикой, вам нужна помощь.",Emotional Turmoil,6,5,unknown
4365,"well, I need to figure out whats going on cause I'm pretty stressed out lately.","ну, мне нужно разобраться, что происходит, потому что в последнее время я очень напряжен.",Emotional Turmoil,6,5,unknown
696,I can't believe my wife put pasta in the chilli..,"Не могу поверить, что моя жена положила макароны в перец чили.",Family Issues,2,1,family
5730,I have just been under alot of stress lately.,В последнее время я просто испытываю сильный стресс.,Emotional Turmoil,6,5,unknown
6034,"I need a job very badly, I am going to run out of money very soon.","Мне очень нужна работа, у меня очень скоро закончатся деньги.",Financial Problem,5,4,finance
1247,i'm having trouble finding a job! i'm either over qualified or the job is too far.,"у меня проблемы с поиском работы! либо я слишком квалифицирован, либо работа слишком далека.",Work,1,0,work
3610,Then she complaints of having pain on her shoulder and all.,Потом она жалуется на боль в плече и все такое.,"Health, Fatigue, or Physical Pain",3,2,health
5594,Both President Bush and other top administration officials have spoken in menacing terms about Iran in recent days.,"И президент Буш, и другие высокопоставленные чиновники администрации в последние дни высказывались в угрожающих тонах об Иране.",Other,6,5,unknown
1132,"i recently met this girl, but i'm not sure if she is the one i want. there's red flags.","Недавно я встретил эту девушку, но не уверен, что она та, которая мне нужна. есть красные флаги.",Social Relationships,4,3,friends
753,i embarrassed myself today,я опозорился сегодня,Everyday Decision Making,6,5,unknown
6226,I'm really getting tired of my family.,Я очень устал от своей семьи.,Family Issues,2,1,family
1118,i need to get enrolled in school,мне нужно записаться в школу,School,1,0,work
641,i am struggling to find the rest of the money due to pay my electri boill for the month,я изо всех сил пытаюсь найти остаток денег для оплаты электрокотла за месяц,Financial Problem,5,4,finance
5931,"my dad is in jail, and i have a lot of complication with some friends.","мой отец в тюрьме, и у меня большие проблемы с друзьями.",Family Issues,2,1,family
6251,"I'm really, really worried and upset and keep getting conflicting information from my family with my mom tending toward the optimistic and my sister tending toward the pessimistic.","Я очень, очень обеспокоен и расстроен и продолжаю получать противоречивую информацию от своей семьи: моя мама склонна к оптимизму, а моя сестра склонна к пессимизму.",Family Issues,2,1,family
5186,i have so much shit to do.. ap exams start a freakin week from thursday.,"у меня столько дерьма нужно сделать... экзамены по АП начинаются с четверга, чертова неделя.",School,1,0,work
1325,i'm stressed out about money. i can barely pay the bills and keep food in the house.,я испытываю стресс из-за денег. я едва могу оплатить счета и держать еду в доме.,Financial Problem,5,4,finance
5684,lately i am sadder than usual and i dont know why. besides the fact that today was strait crappy.,"в последнее время мне грустнее, чем обычно, и я не знаю почему. не говоря уже о том, что сегодня было совсем паршиво.",Emotional Turmoil,6,5,unknown
4516,A lot of shit has happened to me since. I still haven't gotten my car fixed.,С тех пор со мной произошло много всякого дерьма. Я до сих пор не починил свою машину.,Other,6,5,unknown
1266,i'm just stressed about school and work. not enough time to get everything done!,я просто в стрессе из-за школы и работы. времени не хватит все сделать!,Work,1,0,work
433,hey! work has been stressing me out,привет! работа меня напрягала,Work,1,0,work
4435,The daily ups and downs.,Ежедневные взлеты и падения.,Everyday Decision Making,6,5,unknown
2776,this house remodel. it's a lot to take on alone,этот дом реконструируют. это очень сложно сделать в одиночку,Social Relationships,4,3,friends
173,corona virus,корона вирус,"Health, Fatigue, or Physical Pain",3,2,health
4110,I'm very nervous about the project and I need to just get it over with.,"Я очень нервничаю по поводу этого проекта, и мне нужно просто покончить с этим.",School,1,0,work
6356,Sorry i had to do that my mom is driving me insane.,"Прости, что мне пришлось это сделать, но моя мама сводит меня с ума.",Family Issues,2,1,family
1742,my boss has been avoiding all of my emails and i need something from him,"мой босс избегает всех моих писем, и мне нужно от него кое-что",Work,1,0,work
2889,uncertainty at work has stressed me out lately,неопределенность на работе в последнее время меня раздражает,Work,1,0,work
394,having to go to work tomorrow,завтра мне нужно идти на работу,Work,1,0,work
5273,jealous girlfriends get on my nerves,ревнивые подруги действуют мне на нервы,Social Relationships,4,3,friends
3761,I've been stressed about coronavirus,У меня стресс из-за коронавируса,"Health, Fatigue, or Physical Pain",3,2,health
4101,I'm tired of stressing about school.,Я устал переживать из-за школы.,School,1,0,work
6071,"Classes are tough, i haven't got a job yet. no income of money.","Уроки тяжелые, у меня еще нет работы. нет поступления денег.",School,1,0,work
2540,The coronavirus pandemic is stresing me out! How about you?,Пандемия коронавируса меня напрягает! А ты?,Emotional Turmoil,6,5,unknown
5046,Yeah that's me alright. I feel scared because I am going back to school.,"Да, это я, хорошо. Мне страшно, потому что я возвращаюсь в школу.",School,1,0,work
1977,my kids are not listening!,мои дети не слушаются!,Family Issues,2,1,family
6636,the one thing that really bothers me about jared is that he never had me hang out with his friends.,"Единственное, что меня действительно беспокоит в Джареде, это то, что он никогда не заставлял меня тусоваться со своими друзьями.",Social Relationships,4,3,friends
65,"at my current work, i am feeling so stressful and tired because of my team work pressure",на моей нынешней работе я чувствую себя таким напряженным и уставшим из-за давления в команде,Work,1,0,work
2939,"Well, my research is not going well.","Что ж, мои исследования идут не очень хорошо.",Work,1,0,work
1461,i've been really stressed about work.,я был очень напряжен из-за работы.,Work,1,0,work
1576,just school and homework in general,только школа и домашнее задание в целом,School,1,0,work
1042,i havent been able to make as much money as i need to pay rent.,"Я не смог заработать столько денег, сколько мне нужно, чтобы платить за аренду.",Financial Problem,5,4,finance
6783,Still can't afford a mortgage on anything worth having.,Все еще не могу позволить себе ипотеку на что-либо стоящее.,Financial Problem,5,4,finance
4465,"No more than three hours after finally picking something to major in I'm already getting shit about it. ""","Не прошло и трех часов после того, как я наконец выбрал что-то для своей специализации, и меня уже это бесит. """,School,1,0,work
1589,"Just the place overall the constant expectations, and leadership changes","Просто место в целом, постоянные ожидания и смена руководства.",Work,1,0,work
837,i have a new boss and she is not very approachable.,"у меня новый начальник, и она не очень общительна.",Work,1,0,work
714,i can't seem to find a job anywhere.,"Кажется, я нигде не могу найти работу.",Work,1,0,work
2136,"my work schedule has been stressing me out lately, there is no work life balance.","мой рабочий график в последнее время меня напрягает, нет баланса между работой и личной жизнью.",Work,1,0,work
464,hi there.  work is really stressing me out.,всем привет.  работа меня очень напрягает.,Work,1,0,work
698,i cant cook properly,я не умею правильно готовить,Other,6,5,unknown
3550,All my friends here had the flu.,Все мои друзья здесь заболели гриппом.,"Health, Fatigue, or Physical Pain",3,2,health
3847,Ahh I've been feeling really down lately because I have all this shit going on.,"Ааа, в последнее время мне очень плохо, потому что со мной происходит вся эта ерунда.",Other,6,5,unknown
1855,my dog keeps barking,моя собака продолжает лаять,Other,6,5,unknown
1255,i'm in the process of job hunting and almond is very sick.,"Я ищу работу, и Миндаль очень болен.",Social Relationships,4,3,friends
5297,I wonder how many years will go by before I can get anywhere near the holiday season without missing my Grandma so bad that I imagine her everywhere.,"Интересно, сколько лет пройдет, прежде чем я смогу приблизиться к сезону отпусков, не скучая по бабушке настолько сильно, что представляю ее повсюду.",Family Issues,2,1,family
1958,my job is stressful with a co-worker who i think is bipolar,"моя работа напряженная из-за коллеги, который, как мне кажется, страдает биполярным расстройством",Work,1,0,work
3413,I hate how Buffi and JJ freak out everytime I get sick and think i need to go to the hospital.,"Ненавижу, как Баффи и Джей-Джей сходят с ума каждый раз, когда я заболеваю, и думают, что мне нужно в больницу.",Social Relationships,4,3,friends
2867,trying to mesh two households: mine and my senior mom who we will be taking care of.,"пытаюсь объединить две семьи: мою и мою старшую маму, о которой мы будем заботиться.",Family Issues,2,1,family
4312,The adjustment with school and work have been making me insane.,Приспособление к школе и работе свело меня с ума.,School,1,0,work
3254,"Ive been trying to look for a job, but my current health issues poses a problem.","Я пытался найти работу, но мои текущие проблемы со здоровьем создают проблему.","Health, Fatigue, or Physical Pain",3,2,health
6234,My mom's in VA seeing my Aunt Lisa who is pretty sick.,"Моя мама в Вирджинии навещает мою тетю Лизу, которая очень больна.",Family Issues,2,1,family
6737,My stepmother's mom died and I was sick and sad.,"Мама моей мачехи умерла, и мне было плохо и грустно.",Family Issues,2,1,family
4903,It's the having to go back to school.,Это необходимость вернуться в школу.,School,1,0,work
5660,"as you passed out fast on my shoulder, I imagined a child waiting so sad and still for his mom to arrive.","Когда ты быстро потерял сознание на моем плече, я представил ребенка, который так грустно и все еще ждет прибытия своей мамы.",Everyday Decision Making,6,5,unknown
2402,Self quarantining for the Coronavirus.,Самостоятельный карантин из-за Коронавируса.,"Health, Fatigue, or Physical Pain",3,2,health
4287,"Since the last time I made a post, life has been extremely challenging.","С тех пор, как я в последний раз публиковал пост, жизнь стала чрезвычайно сложной.",Everyday Decision Making,6,5,unknown
495,Honestly right now the COVID-19,"Честно говоря, сейчас COVID-19","Health, Fatigue, or Physical Pain",3,2,health
2484,The amount my investments have fallen.,Сумма моих инвестиций упала.,Financial Problem,5,4,finance
1602,keeping an eye on the tenants,следить за арендаторами,Social Relationships,4,3,friends
4702,i need to work to buy equipt.,"мне нужно работать, чтобы купить оборудование.",Work,1,0,work
5820,oh one more thing.. Brandon's dog is dying and i feel like an ass because i couldn't be there for him.,"о, еще одна вещь... Собака Брэндона умирает, и я чувствую себя ослом, потому что не могу быть рядом с ним.",Social Relationships,4,3,friends
491,Homework is stressing me out,Домашняя работа меня напрягает,School,1,0,work
4029,"I'm a fuckin complication to the staff, and it is difficult for me to cope with that.","Я чертовски усложняю персонал, и мне трудно с этим справиться.",Work,1,0,work
5068,"now, school is the most stressful thing in my life.",теперь школа — самое стрессовое событие в моей жизни.,School,1,0,work
516,"I am a stay-at-home mom with a toddler, this coronavirus thing has me scared for her.","Я домохозяйка с малышом, и эта история с коронавирусом меня пугает за нее.",Family Issues,2,1,family
3033,work has been stressing me out.,работа меня напрягала.,Work,1,0,work
1860,"my entire situation is stressful, try being homeless.","Вся моя ситуация стрессовая, попробуй побыть бездомным.",Financial Problem,5,4,finance
4675,We're getting a bunch of work lately and tis STRESSING ME OUT.,"В последнее время у нас много работы, и это меня напрягает.",Work,1,0,work
1957,my job is pushing me to the limit,моя работа доводит меня до предела,Work,1,0,work
249,dude work has been kicking my butt lol,"чувак, работа меня надрала, лол",Work,1,0,work
474,"hi, recently i've been stressed with my workload from school and work with little time.","привет, в последнее время у меня стресс из-за школьной нагрузки и отсутствия времени на работу.",School,1,0,work
6528,"ahhh school sucks. its the same old crap day after day, and when your teachers feel that they dont have you under their total control, they just titch you.","ааа школа отстой. это одно и то же старое дерьмо изо дня в день, и когда ваши учителя чувствуют, что вы не держите вас под своим полным контролем, они просто ругают вас.",School,1,0,work
534,i am going through a legal situation at my job.,Я переживаю юридическую ситуацию на своей работе.,Work,1,0,work
5304,I just feel that people demand so much out of me that i dont have time to be me and live my life the way i want to.,"Я просто чувствую, что люди требуют от меня так многого, что у меня нет времени быть собой и жить так, как я хочу.",Social Relationships,4,3,friends
1550,just a little stressed out by the holidays.,просто немного нервничаю из-за праздников.,Emotional Turmoil,6,5,unknown
6764,"I need to find a job, I have to make tons of money before I go away.","Мне нужно найти работу, мне нужно заработать кучу денег, прежде чем я уеду.",Financial Problem,5,4,finance
521,i am concerned about my success in this life. it's needed for us all.,я обеспокоен своим успехом в этой жизни. это нужно всем нам.,Other,6,5,unknown
1546,james is trying to go into the military,Джеймс пытается пойти в армию,Social Relationships,4,3,friends
670,I am worried about COVID-19.,Я беспокоюсь о COVID-19.,"Health, Fatigue, or Physical Pain",3,2,health
546,i am having money issues,у меня проблемы с деньгами,Financial Problem,5,4,finance
3524,My mind has been working overtime for a week and I've been having some strange dreams.,"Мой разум неделю работал сверхурочно, и мне снились странные сны.",Emotional Turmoil,6,5,unknown
50,all these extra hours at work are driving me insane.,все эти дополнительные часы на работе сводят меня с ума.,Work,1,0,work
365,got a load of work and am procrastinating,"у меня много работы, и я откладываю дела на потом",Work,1,0,work
6245,After feeling very angry and upset with my mom.,"После того, как я очень разозлился и расстроился из-за мамы.",Family Issues,2,1,family
765,i feel lonely,я чувствую себя одиноким,Emotional Turmoil,6,5,unknown
3743,Finding a job! It's been so draining.,Ищем работу! Это было так истощающе.,Work,1,0,work
875,i have been having a hard time finding a job,мне было трудно найти работу,Work,1,0,work
274,family coming for a visit. they have special diets-i am nervous about cooking.,семья приезжает в гости. у них особая диета – я нервничаю по поводу готовки.,Family Issues,2,1,family
4781,I worry all the time about completing my assignments.,Я все время беспокоюсь о выполнении своих заданий.,School,1,0,work
3759,Moving and getting the next step of my life going.,Переезд и переход к следующему шагу в жизни.,Everyday Decision Making,6,5,unknown
502,hounded by robo calls,преследуемый звонками роботов,Other,6,5,unknown
6672,"she was crying the other day because it had been a month since our dog, Rocky, died.","на днях она плакала, потому что прошел месяц со дня смерти нашей собаки Рокки.",Emotional Turmoil,6,5,unknown
4775,Today at work was stressful.,Сегодня на работе был стресс.,Work,1,0,work
6833,"My Dad is always a difficult person, but today he really just put me in a horrible mood.","Мой папа всегда трудный человек, но сегодня он просто привел меня в ужасное настроение.",Family Issues,2,1,family
1578,just some changes happening at work.,просто некоторые изменения происходят на работе.,Work,1,0,work
3367,My health has been questionable as of late and I don't rest as well as I used to.,"В последнее время мое здоровье под вопросом, и я не отдыхаю так хорошо, как раньше.","Health, Fatigue, or Physical Pain",3,2,health
5498,I have been feeling kind of lonely and on the outside of things lately.,В последнее время я чувствую себя одиноким и отстраненным от всего.,Emotional Turmoil,6,5,unknown
3215,I am so tired I like can't wake myself up.,"Я так устал, что не могу проснуться.","Health, Fatigue, or Physical Pain",3,2,health
2330,reaching my goals at work,достижение моих целей на работе,Work,1,0,work
3628,I've not been feeling very well again today.,Сегодня я снова чувствую себя не очень хорошо.,"Health, Fatigue, or Physical Pain",3,2,health
585,i am so behind on my bills i don't want to lose my apartment.,"Я так задолжал по счетам, что не хочу терять свою квартиру.",Financial Problem,5,4,finance
2570,The covid19 situation is stressing me out. I can't find toilet paper. We all lost jobs.,Ситуация с covid19 меня напрягает. Я не могу найти туалетную бумагу. Мы все потеряли работу.,Work,1,0,work
4697,My schedule at work always conflicted with things.,Мой график на работе всегда противоречил вещам.,Work,1,0,work
2074,my sister is on my ass,моя сестра на моей заднице,Family Issues,2,1,family
5122,"With going to school, I can't really work enough to make enough money to pay for a place all by myself.","Ходя в школу, я не могу работать достаточно, чтобы заработать достаточно денег, чтобы самостоятельно оплатить место.",Financial Problem,5,4,finance
6758,I realize that right Our Financial situation doesn't look to good.,Я это понимаю. Наше финансовое положение выглядит не очень хорошим.,Financial Problem,5,4,finance
6486,"I already have been studying for about a week now, but I'm just worried cause it's all unknowns and I think it might be really tough.","Я уже учусь около недели, но я просто волнуюсь, потому что все это неизвестно, и я думаю, что это может быть очень сложно.",School,1,0,work
1174,i went to work with this lady that told me she would pay me and she hasnt even done so,"я пошел на работу к одной женщине, которая сказала мне, что заплатит мне, но она даже этого не сделала",Work,1,0,work
3778,Finding childcare has been hard!,Найти уход за ребенком было сложно!,Family Issues,2,1,family
6733,"I don't know, I miss a lot of people a lot more than I thought I did before I thought about things I missed too much.","Не знаю, я скучаю по многим людям гораздо больше, чем думал до того, как задумался о вещах, по которым слишком сильно скучал.",Social Relationships,4,3,friends
498,"honestly, organizing social situations when most people are out of town or busy","честно, организовывать социальные ситуации, когда большинство людей находятся за городом или заняты",Social Relationships,4,3,friends
6027,How am i supposed to make a living from this when I just can't get into it. I feel like it's making me seriously miserable.,"Как я могу зарабатывать на жизнь этим, если я просто не могу в это вникнуть. Я чувствую, что это делает меня серьезно несчастным.",Work,1,0,work
6212,My mom thinks Ellie isn't ready and I can't judge for myself in this situation.,"Моя мама считает, что Элли не готова, и я не могу судить сама в этой ситуации.",Family Issues,2,1,family
563,i am lonely and don't know how to solve the problem of getting over my depression.,"я одинок и не знаю, как решить проблему преодоления депрессии.",Emotional Turmoil,6,5,unknown
580,i am really deciding on whether i should quit my job or not.,"я действительно решаю, стоит ли мне уходить с работы или нет.",Work,1,0,work
2088,my son is failing science class,мой сын проваливает уроки естествознания,Family Issues,2,1,family
2316,preparing myself for my upcoming wedding.,готовлюсь к предстоящей свадьбе.,Family Issues,2,1,family
200,covid-19 is all over my town and i'm afraid to die!,"Covid-19 распространился по всему моему городу, и я боюсь умереть!","Health, Fatigue, or Physical Pain",3,2,health
1631,life has been all around stressful lately,в последнее время жизнь полна стрессов,Everyday Decision Making,6,5,unknown
6716,"Because of all my emotional burdens, I have become apathetic and have no drive to excel academically.",Из-за всей моей эмоциональной нагрузки я стал апатичным и не имею стремления к успеху в учебе.,School,1,0,work
1830,my dad needs surgery next week,моему отцу нужна операция на следующей неделе,Family Issues,2,1,family
5804,I am feeling shitty and lonely.,Я чувствую себя дерьмово и одиноко.,Emotional Turmoil,6,5,unknown
4078,i'm sad that i have to go to work though.,"хотя мне грустно, что мне нужно идти на работу.",Work,1,0,work
2833,trying to beat my addiction that i been battling for 4 years very hard to beat,"пытаюсь побороть свою зависимость, с которой я боролся уже 4 года, очень трудно победить","Health, Fatigue, or Physical Pain",3,2,health
1827,my current job has been stressing me out.,моя текущая работа меня напрягает.,Work,1,0,work
5682,i feel like s h i t. it's kind of hard for me to even describe the way that i feel right now. at the risk of not being understood,"я чувствую себя дерьмово. мне даже трудно описать то, что я чувствую сейчас. рискуя быть непонятым",Emotional Turmoil,6,5,unknown
5145,ehhhh I need to get my hold lifted tomorrow so I can register for classes.,"эххх, завтра мне нужно снять хватку, чтобы я мог записаться на занятия.",School,1,0,work
4118,It is a tumultuous time for my family right now,Для моей семьи сейчас неспокойное время,Family Issues,2,1,family
3182,"but yeah, now I am feeling way tired, a bit on the sore side and fatigued.","но да, сейчас я чувствую себя очень усталым, немного болеющим и утомленным.","Health, Fatigue, or Physical Pain",3,2,health
2413,Since the Covid-19 I have to rething my travel plans to Oakland for my second opinion.,"После Covid-19 мне пришлось пересмотреть свои планы поездки в Окленд, чтобы получить второе мнение.","Health, Fatigue, or Physical Pain",3,2,health
6848,Got into another fight with my brother.,Попал в очередную драку с братом.,Family Issues,2,1,family
4169,I've been sort of frustrated at work lately.,В последнее время я немного расстроен на работе.,Work,1,0,work
2859,Trying to homeschool my son is really stressing me out,Попытка обучать сына на дому меня очень напрягает,Family Issues,2,1,family
4016,"i was having another ""one of those days"" and was quite frustrated with the way i was feeling.","у меня был еще один «один из тех дней», и я был очень расстроен тем, как себя чувствовал.",Emotional Turmoil,6,5,unknown
283,feeling inadequate at work/doubting what occupation fits for me,"чувствую себя неадекватным на работе/сомневаюсь, какая профессия мне подойдет",Work,1,0,work
67,"at the time i was very angry to with my friend and then , i am going to depression stage","в то время я очень злился на своего друга, а затем у меня наступила стадия депрессии",Social Relationships,4,3,friends
6338,My daughter is suffering badly from the relationship my mother created between that old man and my child.,"Моя дочь сильно страдает от отношений, которые моя мать создала между этим стариком и моим ребенком.",Family Issues,2,1,family
2211,Not knowing whether or not my husband will lose his job due to COVID-19.,"Не знаю, потеряет ли мой муж работу из-за COVID-19.",Work,1,0,work
5549,The problem is that Brenda and her roommate are not talking so more drama!,"Проблема в том, что Бренда и ее соседка по комнате не разговаривают так драматично!",Social Relationships,4,3,friends
1526,I've been worrying about COVID-19 a lot.,Я много беспокоился о COVID-19.,"Health, Fatigue, or Physical Pain",3,2,health
1238,i'm having a hard time at ork,мне тяжело в Орке,Work,1,0,work
1322,i'm stressed about work since we have a filing deadline next week.,"Я нервничаю из-за работы, так как на следующей неделе у нас крайний срок подачи заявок.",Work,1,0,work
6341,Bills were late and I couldn't aford a babysitter for her.,"Счета опаздывали, и я не мог позволить себе нанять для нее няню.",Financial Problem,5,4,finance
1150,i totaled my car and i need another car asap.,"Я подсчитал свою машину, и мне срочно нужна другая машина.",Financial Problem,5,4,finance
4353,Very nervous about going back to work.,Очень нервничаю по поводу возвращения на работу.,Work,1,0,work
3755,just had to spend a ton of money fixing our plumbing,просто пришлось потратить кучу денег на ремонт сантехники,Financial Problem,5,4,finance
1807,my child's father is not active in my sons life and i'm struggling!,"отец моего ребенка не принимает активного участия в жизни моего сына, и я борюсь с трудностями!",Family Issues,2,1,family
353,Girl tell me why my aunt (that lives) around the corner stole $20 from me.,"Девушка, скажите мне, почему моя тетя (которая живет) за углом украла у меня 20 долларов.",Family Issues,2,1,family
3336,the past couple weeks have been ultra busy and stressfull.,последние пару недель были очень загруженными и напряженными.,Work,1,0,work
5175,My classes have far too much reading already.,В моих классах уже слишком много читают.,School,1,0,work
4476,"seriously, I look back on the things I HAVE to accomplish each day, and it's insane!","серьезно, я оглядываюсь назад на то, что мне ДОЛЖНО выполнить каждый день, и это безумие!",Everyday Decision Making,6,5,unknown
5476,his girlfriend broke up with him.,его девушка рассталась с ним.,Social Relationships,4,3,friends
2792,This virus that's going around.  Finding an apartment is hard.  Everything Is expensive,"Этот вирус, который ходит вокруг.  Найти квартиру сложно.  Все дорого",Financial Problem,5,4,finance
4468,Like.. I feel like I absolutely cannot relax if there's something that needs to be done around the house.,"Типа... Я чувствую, что совершенно не могу расслабиться, если нужно что-то сделать по дому.",Everyday Decision Making,6,5,unknown
629,i am stressed out over my current electric bill. i am not going to be able to pay it.,Я испытываю стресс из-за текущего счета за электричество. я не смогу его оплатить.,Financial Problem,5,4,finance
3346,"Mad depression is really, really bad and makes me want to drink.","Безумная депрессия — это очень, очень плохо, и мне хочется пить.","Health, Fatigue, or Physical Pain",3,2,health
3634,I'm really tired and I do not feel very well.,Я очень устал и чувствую себя не очень хорошо.,"Health, Fatigue, or Physical Pain",3,2,health
3745,Hi dear am not comfortable with my boyfriend,"Привет, дорогая, мне некомфортно со своим парнем",Social Relationships,4,3,friends
6298,"my marraige is falling apart and my husband doesnt want to talk about it, just issue demands and ultimatums.","мой брак разваливается, и мой муж не хочет об этом говорить, а только предъявляет требования и ультиматумы.",Family Issues,2,1,family
4532,It's been exhausting trying to maintain a normal day when your mind is consumed with one thought.,"Было утомительно пытаться вести обычный день, когда твой разум поглощен одной мыслью.",Emotional Turmoil,6,5,unknown
2175,Not being able to see my family.,Невозможность увидеть свою семью.,Family Issues,2,1,family
6364,"On another note, my mom is pissed at me.","С другой стороны, моя мама злится на меня.",Family Issues,2,1,family
3727,covid 19 pandemic disease,пандемическое заболевание covid 19,"Health, Fatigue, or Physical Pain",3,2,health
4741,ONE WAY just to have dinner with a bunch of people I don't like and my mom and bro?,"ОДИН СПОСОБ просто поужинать с группой людей, которые мне не нравятся, а также с моей мамой и братом?",Social Relationships,4,3,friends
2251,"oh you know, my roommate flooded the kitchen again.  it's the 10th time this week!","ох, знаешь, мой сосед по комнате снова затопил кухню.  это 10-й раз на этой неделе!",Social Relationships,4,3,friends
4583,sooooo we went to collina's after having huge debates and fights over what to eat for dinner.,"ооооо, мы пошли к Коллине после огромных дебатов и ссор по поводу того, что есть на ужин.",Other,6,5,unknown
1473,i've been stressed about applying for my house loan.,Я был в стрессе из-за подачи заявления на получение кредита на жилье.,Financial Problem,5,4,finance
4593,No idea what I'm going to cook for dinner.,"Понятия не имею, что буду готовить на ужин.",Other,6,5,unknown
4447,It does become tiresome and we've a long day of work ahead of us,"Это становится утомительно, и впереди нас ждет долгий рабочий день.",Work,1,0,work
5184,Too bad they have to go back to school.,"Жаль, что им придется вернуться в школу.",School,1,0,work
3692,I have been trying to get my 3 year old grandson to finally finish his potty training.,Я пытался уговорить своего трехлетнего внука наконец приучить его к горшку.,Family Issues,2,1,family
4377,Work has been so exhausting for me lately.,В последнее время работа меня очень утомляет.,Work,1,0,work
6655,alot of things are stressing me out right now and one of them is really worrying me bc if its true than i totally just fucked up my life.,"Многие вещи сейчас меня раздражают, и одна из них меня очень беспокоит, потому что если это правда, то я только что испортил свою жизнь.",Emotional Turmoil,6,5,unknown
3797,I'm greatly concerned about defunding Police.,Я очень обеспокоен сокращением финансирования полиции.,Other,6,5,unknown
4417,"I've taken time to do a lot of thinking, and a lot of things have changed in my mind. I think it's for the better, but we'll see.","Я потратил время на то, чтобы много подумать, и многое изменилось в моем сознании. Думаю, это к лучшему, но посмотрим.",Emotional Turmoil,6,5,unknown
3400,"no movie, or song, or anything can cheer me up.","ни фильм, ни песня, ни что-то еще не может поднять мне настроение.",Emotional Turmoil,6,5,unknown
1747,my boss is always giving me a hard time,мой босс всегда доставляет мне неприятности,Work,1,0,work
3266,also my mom went to the doctor cause she's still having pain.,"еще моя мама обратилась к врачу, потому что у нее все еще болит.",Family Issues,2,1,family
4355,We get to depend on them so much that when they cease to work we dont know what to do!,"Мы настолько зависим от них, что когда они перестают работать, мы не знаем, что делать!",Everyday Decision Making,6,5,unknown
3626,"But even when I was there, she wasn't doing too well physically.","Но даже когда я был там, физически она чувствовала себя не очень хорошо.","Health, Fatigue, or Physical Pain",3,2,health
1314,I'm stressed about my finances because of COVID and entering grad school.,Я переживаю из-за своих финансов из-за COVID и поступления в аспирантуру.,School,1,0,work
1278,i'm not making enough money to make ends meet.,"я не зарабатываю достаточно денег, чтобы сводить концы с концами.",Financial Problem,5,4,finance
1513,i've been trying to get pregnant and still nothing,"я пытаюсь забеременеть, но ничего не получается",Family Issues,2,1,family
97,Being laod off from my job,Меня уволили с работы,Work,1,0,work
3276,"Im just so tired from everything and i think im getting sick, but what can ya do?","Я так устал от всего и думаю, что заболею, но что ты можешь сделать?","Health, Fatigue, or Physical Pain",3,2,health
2386,school is getting very hard.,в школе становится очень тяжело.,School,1,0,work
4309,That's an issue I'm having an extremely difficult time grasping...having a job that doesn't make me happy.,"Это проблема, которую мне очень трудно понять... работа, которая не делает меня счастливым.",Work,1,0,work
5345,I can't have a nice life!,Я не могу жить хорошо!,Emotional Turmoil,6,5,unknown
5750,I need to release a lot of anger.,Мне нужно высвободить много гнева.,Emotional Turmoil,6,5,unknown
3812,Work has me so stressed you wouldn't believe! It's a nightmare.,"Работа меня так напрягает, что вы не поверите! Это кошмар.",Work,1,0,work
4213,maybe that's why i'm having so much trouble quitting...,может поэтому мне так трудно бросить курить...,Work,1,0,work
240,disease is killing people,болезнь убивает людей,"Health, Fatigue, or Physical Pain",3,2,health
1398,it is the fact that i now have guardianship of my grandkids.   i worry about it.,"Дело в том, что теперь у меня есть опека над моими внуками.   я беспокоюсь об этом.",Family Issues,2,1,family
3655,Lately I really haven't been sleeping well.,В последнее время я действительно плохо сплю.,"Health, Fatigue, or Physical Pain",3,2,health
1609,lack of free time is really getting me down.,отсутствие свободного времени меня очень расстраивает.,Work,1,0,work
1693,money is a big issue right now,деньги сейчас большая проблема,Financial Problem,5,4,finance
3288,My baby is sick and I feel bad that he is less than comfortable due to his health.,"Мой ребенок заболел, и мне жаль, что он чувствует себя не очень комфортно из-за своего здоровья.","Health, Fatigue, or Physical Pain",3,2,health
2847,Trying to find a new roommate.,Пытаюсь найти нового соседа по комнате.,Social Relationships,4,3,friends
1564,just exhausted from working all night on this project that's due soon,"просто устал работать всю ночь над этим проектом, который скоро выйдет",Work,1,0,work
2108,my study is to leave strees of that time,моя задача - покинуть улицы того времени,School,1,0,work
3128,worried about paying bills on time,беспокоюсь о своевременной оплате счетов,Financial Problem,5,4,finance
135,buying my first home,покупка моего первого дома,Financial Problem,5,4,finance
454,hi friend. give me some idea preparing a meal. this makes me streeful in deciding. give,"привет, друг. подскажи мне идею приготовления еды. это заставляет меня сомневаться в принятии решения. давать",Everyday Decision Making,6,5,unknown
3619,"I've been very sick for a week, mostly homebound.","Я был очень болен в течение недели, в основном был дома.","Health, Fatigue, or Physical Pain",3,2,health
1932,"My husband works with the person he cheated on me with, how do i handle this?","Мой муж работает с человеком, с которым он мне изменил, как мне с этим справиться?",Family Issues,2,1,family
1573,just money honestly! you know how it is,"просто деньги честно! ты знаешь, как это",Financial Problem,5,4,finance
1768,my bosses are engaged in some serious conflict and dragging me into it,мое начальство затеяло какой-то серьезный конфликт и втягивает в него меня,Work,1,0,work
4512,This puts me two full weeks behind already and is a bit stressful.,Из-за этого я уже отстаю на две полные недели и это немного напрягает.,Other,6,5,unknown
2728,there's just so much going on at work.,на работе столько всего происходит.,Work,1,0,work
6646,I really don't think I can keep a lasting relationship because of it.,"Я действительно не думаю, что смогу сохранить длительные отношения из-за этого.",Social Relationships,4,3,friends
2956,What hasn't been stressing me out?,Что меня не напрягало?,Emotional Turmoil,6,5,unknown
2617,the kids have been behaving badly,дети вели себя плохо,Family Issues,2,1,family
4409,"im so stressed out, i just dont have time for extra work.","Я так напряжен, что у меня просто нет времени на дополнительную работу.",Work,1,0,work
1160,i was having chest pains the other day,на днях у меня были боли в груди,"Health, Fatigue, or Physical Pain",3,2,health
965,i have been working too many hours but don't have a choice because of home issues,"я работаю слишком много часов, но у меня нет выбора из-за домашних проблем",Work,1,0,work
979,i have had a headache for several days,у меня болит голова уже несколько дней,"Health, Fatigue, or Physical Pain",3,2,health
6135,It pretty much sucks because I need money to pay my bills.,"Это отстой, потому что мне нужны деньги, чтобы оплатить счета.",Financial Problem,5,4,finance
6460,"I need to start working, big time.","Мне нужно начать работать, пора.",Work,1,0,work
2027,My parents are old and I'm unsure if the coronavirus will happen to them,"Мои родители старые, и я не уверен, случится ли с ними коронавирус.",Family Issues,2,1,family
3901,"Going back to work SUCKED... I still can't seem to get back into the swing of things, haha...","Возвращение на работу - ОТСТОЙ... Кажется, я до сих пор не могу вернуться в строй, хаха...",Work,1,0,work
684,"I am worried about the coronavirus and economy, how about you?","Меня беспокоит коронавирус и экономика, а вы?",Financial Problem,5,4,finance
1574,"just not enough time in the day, so many things to do!","просто не хватает времени в сутках, так много дел!",Everyday Decision Making,6,5,unknown
1703,money situation,ситуация с деньгами,Financial Problem,5,4,finance
4339,this is gonna be so hard today...everytime i start to even think about it my stomach turns.,"сегодня будет так тяжело... каждый раз, когда я начинаю об этом думать, у меня переворачивается живот.","Health, Fatigue, or Physical Pain",3,2,health
5895,"Instead, this seems to say, I am most afraid of overextending myself and not being able to meet all the obligations that I've put on myself.","Вместо этого, кажется, это говорит о том, что я больше всего боюсь перенапряжения и неспособности выполнить все обязательства, которые я на себя возложил.",Emotional Turmoil,6,5,unknown
5161,"because of that, he fears for our kids when they go to school that no matter what grades they get, it won't be good enough for me.","из-за этого он опасается за наших детей, когда они пойдут в школу, что какие бы оценки они ни получили, мне этого будет недостаточно.",School,1,0,work
1040,I haven't been able to get out like I used to because my anxiety is so bad.,"Я не могу выйти, как раньше, потому что очень сильно волнуюсь.",Emotional Turmoil,6,5,unknown
6183,I can't talk to my parents about my deep feelings.,Я не могу говорить с родителями о своих глубоких чувствах.,Family Issues,2,1,family
4146,"Its really hard to balance out my time, and my friends.",Очень сложно сбалансировать свое время и время с друзьями.,Social Relationships,4,3,friends
5701,paperwork and money and stuff seriously stress me out and make me want to barf..but its important..so yes. im officially scared.,"документы, деньги и прочее меня серьезно напрягают и вызывают рвоту… но это важно… так что да. я официально напуган.",Financial Problem,5,4,finance
5511,"I notice that because of my parents divorce, that might be why I'm so scared to love.","Я замечаю, что из-за развода родителей, возможно, именно поэтому я так боюсь любить.",Family Issues,2,1,family
6111,I'm so stressed out.. I can't pay my rent.. cause i'm not working over time..,Я в таком стрессе.. Я не могу платить за аренду.. потому что не работаю в течение длительного времени..,Financial Problem,5,4,finance
76,becoming a sahm isn't what i expected.,"Стать самом — это не то, чего я ожидал.",Work,1,0,work
2582,The current pandemic and how much its discussed on the news,"Текущая пандемия и то, как много ее обсуждают в новостях","Health, Fatigue, or Physical Pain",3,2,health
6058,"It's the loan that's holding everything else up, which is highly frustrating.","Все остальное держится на кредите, и это очень расстраивает.",Financial Problem,5,4,finance
6832,i'm under the impression that my family thinks i am completely miserable and i have no way of getting a hold of them.,"у меня сложилось впечатление, что моя семья думает, что я совершенно несчастен, и у меня нет возможности связаться с ними.",Family Issues,2,1,family
5940,like totally depressed. dont wanna see or talk to anyone.,как будто полная депрессия. не хочу ни с кем видеться и разговаривать.,Emotional Turmoil,6,5,unknown
3751,My son has been so angry lately.,Мой сын в последнее время очень зол.,Emotional Turmoil,6,5,unknown
5058,Now I need to start studying for my finals.,Теперь мне нужно начать готовиться к выпускному экзамену.,School,1,0,work
1444,i've been having car problems lately and worried i would need to find another car.,"В последнее время у меня были проблемы с машиной, и я беспокоился, что мне придется искать другую машину.",Financial Problem,5,4,finance
322,friend drama,друг драма,Social Relationships,4,3,friends
5379,"Last night was so bad i considered calling my mom just because i needed someone to talk to so bad, it just seems like lately i cant do anything.","Прошлой ночью было так плохо, что я подумывал позвонить маме только потому, что мне так нужно было с кем-то поговорить, просто кажется, что в последнее время я ничего не могу сделать.",Family Issues,2,1,family
2556,"The covid 19 crisis, is stressing me out. I dont know how we are going to make it thru","Кризис Covid 19 меня напрягает. Я не знаю, как мы справимся",Emotional Turmoil,6,5,unknown
5598,i'm so upset and overwhelmed right now.,я сейчас так расстроена и подавлена.,Emotional Turmoil,6,5,unknown
3868,it's really making me worry about the future of my family.,это действительно заставляет меня беспокоиться о будущем моей семьи.,Family Issues,2,1,family
6777,I'm not so sure he could make it to St. Augustine this week and I have noooo money right now.,"Я не уверен, что он сможет добраться до Сент-Огастина на этой неделе, а у меня сейчас нуоооо денег.",Financial Problem,5,4,finance
5912,"Your Actual Problem Anxiety and a restless dissatisfaction, either with circumstances or with unfulfilled emotional requirements, have produced considerable stress.",Ваша реальная проблема Тревога и беспокойная неудовлетворенность обстоятельствами или неудовлетворенными эмоциональными потребностями привели к значительному стрессу.,Emotional Turmoil,6,5,unknown
4474,Their schedules lately had made it hard for them to get even this small amount of time together.,Их графики в последнее время не позволяли им проводить даже такое небольшое количество времени вместе.,Other,6,5,unknown
2723,there is not enough coverage at work and i have been doing the work of 2,"на работе недостаточно освещения, а я работаю за 2",Work,1,0,work
6222,"Her mother was threatened by her, worried.","Ее мать угрожала ей, волновалась.",Family Issues,2,1,family
3234,"First of all, I hurt my feet when I was moving.","Прежде всего, я повредил ноги при движении.","Health, Fatigue, or Physical Pain",3,2,health
4591,Posting every day is hard.,Публиковать каждый день сложно.,Everyday Decision Making,6,5,unknown
5324,"I know my life is busy, I feel the strain from it all the time, but damn, it's scary when I write it all out like that, isn't it?","Я знаю, что моя жизнь насыщена, я все время чувствую от этого напряжение, но, черт возьми, страшно, когда я все это расписываю, не так ли?",Everyday Decision Making,6,5,unknown
2692,the upcoming spring college semester.,предстоящий весенний семестр в колледже.,School,1,0,work
4473,i feel so trapped in my house even though im usually here most of the time.,"Я чувствую себя запертым в своем доме, хотя обычно большую часть времени я здесь.",Emotional Turmoil,6,5,unknown
1179,i woke up late this morning and was almost late to a meeting.,Сегодня утром я проснулся поздно и почти опоздал на встречу.,Work,1,0,work
3880,now i'm sad because i have to work on my final........,"теперь мне грустно, потому что мне нужно работать над финалом........",School,1,0,work
3376,"I seriously rocked out hard core until I had a huge headache, and felt like I was gonna pass out.","Я серьезно раскачивался до тех пор, пока у меня не разболелась сильная головная боль, и я почувствовал, что сейчас потеряю сознание.","Health, Fatigue, or Physical Pain",3,2,health
1369,I'm worried about my college courses. It's tough for me right now.,Я беспокоюсь о курсах в колледже. Мне сейчас тяжело.,School,1,0,work
5050,I remember being so scared once school got out and not having a schedule or a job.,"Я помню, как мне было так страшно, когда школа закончилась, и у меня не было ни графика, ни работы.",Work,1,0,work
3980,"I have to work today, and I am horribly unenthused about this.","Мне сегодня нужно работать, и я ужасно не в восторге от этого.",Work,1,0,work
3141,Wow how did you know. My job let me go because of COVID-19,"Ух ты, как ты узнал. Меня отпустили с работы из-за COVID-19",Work,1,0,work
4267,once i think abt the time we had in rg my heart aches.,"как только я думаю о том времени, которое мы провели в ринге, у меня болит сердце.",Emotional Turmoil,6,5,unknown
2034,my position at work is changing... again!,моя позиция на работе меняется...опять!,Work,1,0,work
5608,"I want so so badly to make them feel better, but we all know it's tough to cheer someone up when they've set their mind on being depressed.","Я так сильно хочу, чтобы они почувствовали себя лучше, но мы все знаем, что трудно подбодрить кого-то, когда он настроен на депрессию.",Social Relationships,4,3,friends
5404,"im sad, depressed, hurt, and a little angry because of those friends right now.","Мне сейчас грустно, я в депрессии, обижен и немного зол из-за этих друзей.",Social Relationships,4,3,friends
3753,I am stressed about whether or not I will be attending school in person.,"Меня беспокоит, буду ли я посещать школу лично.",School,1,0,work
1275,"i'm not getting enough hours at work.  christmas was expensive, and i'm broke.","мне не хватает часов на работе.  Рождество обошлось дорого, и я разорен.",Work,1,0,work
832,i have a lot of upcoming deadlines at work,у меня много предстоящих сроков на работе,Work,1,0,work
973,"i have been worrying about finding a way to make money, without being miserable.","Я беспокоился о том, чтобы найти способ зарабатывать деньги, не будучи при этом несчастным.",Financial Problem,5,4,finance
5652,I want to go to the doctor and get a blood test because I'm still so tired all the time that I keep getting worried I might have mono.,"Я хочу пойти к врачу и сдать анализ крови, потому что я все еще настолько устаю, что продолжаю беспокоиться, что у меня может быть моно.","Health, Fatigue, or Physical Pain",3,2,health
336,getting everything together to go to houston for a family members heart surgery.,"собираю все вместе, чтобы поехать в Хьюстон на операцию на сердце членам семьи.",Family Issues,2,1,family
3538,My dad has out of control swelling in his remaining leg.,У моего отца неконтролируемая опухоль на оставшейся ноге.,"Health, Fatigue, or Physical Pain",3,2,health
1256,I'm just concerned about not making enough money this month,"Меня просто беспокоит, что в этом месяце я не заработаю достаточно денег.",Financial Problem,5,4,finance
5018,"School is so stressing, and a lot of things have been goin down the drain for me.","Школа – это такой стресс, и многие вещи для меня пошли насмарку.",School,1,0,work
1046,i haven't been getting enough help around the house.,мне не хватает помощи по дому.,Family Issues,2,1,family
3104,work. we have a huge going on,работа. у нас происходит огромное событие,Work,1,0,work
3781,Just not knowing the future and whether or not i will be able to work,Просто не знаю будущего и смогу ли я работать,Work,1,0,work
4756,OK big problem with working today..,"Ладно, большая проблема с работой сегодня..",Work,1,0,work
1653,Losing my job bc of the corona situation,Теряю работу из-за ситуации с короной,Work,1,0,work
4536,I am stress about all the stuff going on in my life.,"Я испытываю стресс из-за всего, что происходит в моей жизни.",Other,6,5,unknown
43,All of the COVID-19 happenings and the financial fallout that has happened as a result.,"Все события, связанные с Covid-19, и финансовые последствия, которые произошли в результате.",Financial Problem,5,4,finance
3552,Many sleepless nights had weakened my own body after this ongoing bout with severe dehydration complicated by my first ever case of constipation.,"Многие бессонные ночи ослабили мое тело после продолжающегося приступа тяжелого обезвоживания, осложненного моим первым случаем запора.","Health, Fatigue, or Physical Pain",3,2,health
5638,"To Grave dismay, my little fury dog Scout has become incredibly ill.","К ужасу Грейва, моя маленькая ярая собака Скаут сильно заболела.",Other,6,5,unknown
5279,I have been experiencing self pity lately.,В последнее время я испытываю жалость к себе.,Emotional Turmoil,6,5,unknown
4378,work has just been crazy lately.,работа в последнее время просто сумасшедшая.,Work,1,0,work
2978,Wondering if my food stamps are gonna stretch until we get more.,"Интересно, продлятся ли мои талоны на питание, пока мы не получим больше?",Financial Problem,5,4,finance
2049,My relationship with my best friend. I like him.,Мои отношения с лучшим другом. Он мне нравится.,Social Relationships,4,3,friends
6040,we lost our payday for our last job.,мы потеряли зарплату за нашу последнюю работу.,Financial Problem,5,4,finance
4268,One of the things I was most worried about was losing friends,Больше всего меня беспокоила потеря друзей.,Social Relationships,4,3,friends
767,i feel so worried about the situation an i will try to compromise her.,Я так обеспокоен этой ситуацией и попытаюсь скомпрометировать ее.,Emotional Turmoil,6,5,unknown
4648,"With Christmas coming, everything's been hectic.",С приближением Рождества все было беспокойно.,Everyday Decision Making,6,5,unknown
1990,my life is falling apart.,моя жизнь рушится.,Emotional Turmoil,6,5,unknown
3023,work has been so stressful lately. i have been the only one on the unit for 3 days now.,работа в последнее время такая напряженная. я был единственным в отделении уже 3 дня.,Work,1,0,work
4933,"School is stressful, and very busy.",Школа напряженная и очень загруженная.,School,1,0,work
4858,"It's sad that I've fallen out of touch with SO many people this semester, but college is supposed to be extremely busy, right?","Грустно, что в этом семестре я потерял связь с ТАКИМ количеством людей, но в колледже должно быть очень много дел, верно?",School,1,0,work
2631,the most recent thing that has been stressing me out would have to be school,"последнее, что меня напрягало, это школа",School,1,0,work
3067,"work is starting to pile up, and i am too easliy distracted.","работы начинает накапливаться, и я слишком легко отвлекаюсь.",Work,1,0,work
2753,this corona virus has really stressed me out. im sick of not working.,этот короновирус меня очень напугал. мне надоело не работать.,Work,1,0,work
2216,not making the cut for the a police academy,не попасть в полицейскую академию,Work,1,0,work
4652,"i've just been thinking about things a lot lately i guess, and it all scares me.","Думаю, в последнее время я много о чём-то думаю, и всё это меня пугает.",Other,6,5,unknown
485,holiday season,курортный сезон,Other,6,5,unknown
4003,I think im just frustrated with a lot of the stuff that has been going on in my life.,"Я думаю, что меня просто расстраивает многое из того, что происходит в моей жизни.",Emotional Turmoil,6,5,unknown
1755,my boss is never around.,моего босса никогда нет рядом.,Work,1,0,work
2158,No toilet paper on the shelves at Walmart.,На полках Walmart нет туалетной бумаги.,Everyday Decision Making,6,5,unknown
1685,money and my bills i don't know how to keep up,"деньги и мои счета, я не знаю, как успевать",Financial Problem,5,4,finance
538,i am having a baby soon. i need to clean out that room.,у меня скоро будет ребенок. мне нужно убрать эту комнату.,Everyday Decision Making,6,5,unknown
1162,I was just laid off.,Меня только что уволили.,Work,1,0,work
4614,"I'm trying very hard not to spend money because I've been spending too much lately, which means eating up the food I already bought and not buying new stuff.","Я очень стараюсь не тратить деньги, потому что в последнее время я трачу слишком много, а это значит, что я доедаю уже купленную еду и не покупаю новые вещи.",Financial Problem,5,4,finance
5936,"it feels like i can't get out of this house, these days. obligation and paranoia and nerves caging me with threats of bodily harm.","такое ощущение, что я не могу выйти из этого дома в эти дни. обязательства, паранойя и нервы, сковывающие меня угрозами телесных повреждений.",Emotional Turmoil,6,5,unknown
1395,it is stressful now a days i am going through the test reading all the time,"сейчас это стресс, я все время прохожу тест и читаю",School,1,0,work
746,I don't know when I am going to be able to go back to work because of COVID-19.,"Я не знаю, когда смогу вернуться на работу из-за COVID-19.",Work,1,0,work
4144,its not looking too easy right now with all the crap that i need to do to actualy graduate.,"Сейчас это не кажется таким уж простым, учитывая всю ту ерунду, которую мне нужно сделать, чтобы действительно получить высшее образование.",School,1,0,work
3242,"I'm not making the money I could, I'm not in good health.","Я не зарабатываю тех денег, которые мог бы, у меня плохое здоровье.","Health, Fatigue, or Physical Pain",3,2,health
3636,"Work is beastly, I'm really struggling to have any enthusiasm for my job anymore.","Работа ужасная, я действительно изо всех сил пытаюсь сохранить хоть какой-то энтузиазм по поводу своей работы.",Work,1,0,work
134,buying a house has been pretty stressful!,покупка дома была довольно стрессовой ситуацией!,Everyday Decision Making,6,5,unknown
405,"Having trouble at work, dont know how to handle it.","Проблемы на работе, не знаю, как с этим справиться.",Work,1,0,work
5920,my emotional isolation is starting to concern me.,моя эмоциональная изоляция начинает меня беспокоить.,Emotional Turmoil,6,5,unknown
2667,"The shutdown is stressing me out, it has changed my school and work schedule.","Отключение вызывает у меня стресс, оно изменило мой учебный и рабочий график.",Financial Problem,5,4,finance
5773,we went to robins long lost grandparents house and we cryed cause it was so sad. and,"мы пошли в дом давно потерянных бабушки и дедушки Робинс и плакали, потому что это было так грустно. и",Family Issues,2,1,family
1558,Just been stressed with all the pandemic stuff going on.,Просто был в стрессе из-за всей происходящей пандемии.,"Health, Fatigue, or Physical Pain",3,2,health
2755,This corona virus thing has me worried sick,Эта штука с короновирусом меня до ужаса беспокоит,Emotional Turmoil,6,5,unknown
6718,Damn so that screwed up our plans.,"Черт, так это испортило наши планы.",Everyday Decision Making,6,5,unknown
4164,I've been really stressed and cranky and mood-swingy lately just trying to get things figured out.,"В последнее время я был в сильном стрессе, раздражителен и переменчив в настроении, просто пытаясь разобраться во всем.",Emotional Turmoil,6,5,unknown
6225,I often feel bad when it comes to my friends back home.,"Мне часто становится плохо, когда дело касается моих друзей дома.",Social Relationships,4,3,friends
3390,And that I wake up with an upset stomach and a headache when I think about going to work.,"И что я просыпаюсь с расстройством желудка и головной болью, когда думаю о том, чтобы пойти на работу.","Health, Fatigue, or Physical Pain",3,2,health
2045,my relationship has been stressing me out.,мои отношения меня напрягали.,Social Relationships,4,3,friends
2757,"This corona virus, with the kids being out of school.  We are now going onto our 3 week.","Этот короновирус, когда дети не ходят в школу.  Сейчас у нас идет 3-я неделя.","Health, Fatigue, or Physical Pain",3,2,health
4981,School has been driving me nuts.,Школа сводила меня с ума.,School,1,0,work
5022,high school is so frustrating.,средняя школа так разочаровывает.,School,1,0,work
6002,"My car is messed up, and we're short of the funds needed to deal with it at the moment.","Моя машина сломалась, и на данный момент у нас нет средств, необходимых для ее устранения.",Financial Problem,5,4,finance
3774,I have been stressing over grocery shopping Iam all must running out of grocery,"Я переживаю из-за покупки продуктов. У меня, должно быть, заканчиваются продукты.",Everyday Decision Making,6,5,unknown
1421,it's my job. i am being harassed and don't know what to do about it,"это моя работа. меня преследуют и я не знаю, что с этим делать",Work,1,0,work
3954,"i had things to say, and they were pretty important... but i'm so effing tired, i just forgot.","мне было что сказать, и они были очень важными... но я так устал, что просто забыл.",Emotional Turmoil,6,5,unknown
180,Coronavirus has been stressing me out due to being in furlough,Коронавирус вызвал у меня стресс из-за отпуска,Work,1,0,work
4791,"Junk food is pretty much all I've been eating, but I don't want that.","Нездоровая пища – это почти все, что я ем, но я этого не хочу.","Health, Fatigue, or Physical Pain",3,2,health
970,i have been worried about paying a bill,я беспокоился об оплате счета,Financial Problem,5,4,finance
5189,I'm somewhat sad because some of my friends are leaving out of town or already out of town.,"Мне немного грустно, потому что некоторые мои друзья уезжают за город или уже уезжают из города.",Social Relationships,4,3,friends
828,i have a job evaluation coming up next week. i'm stressed about it.,На следующей неделе у меня будет оценка работы. меня это беспокоит.,Work,1,0,work
130,"Bowling center shutdown, no coaching lessons for a month. No money.","Закрытие боулинг-центра, отсутствие тренерских занятий в течение месяца. Нет денег.",Financial Problem,5,4,finance
602,I am stressed about cornovirus,Меня беспокоит корновирус,"Health, Fatigue, or Physical Pain",3,2,health
3017,work has been so bad lately,работа была так плоха в последнее время,Work,1,0,work
5581,her husband and son are in jail too.,ее муж и сын тоже находятся в тюрьме.,Family Issues,2,1,family
419,Hey my friend! I need to talk to you about a situation tthat's urgent.,"Эй, мой друг! Мне нужно поговорить с вами о срочной ситуации.",Other,6,5,unknown
6750,"not getting my dad anything, but I have no money right now.","Я ничего не получаю отцу, но у меня сейчас нет денег.",Financial Problem,5,4,finance
4239,My new job is killing me.,Моя новая работа убивает меня.,Work,1,0,work
1868,my family is stressing me,моя семья меня напрягает,Family Issues,2,1,family
4275,"Problem is, I'm now off my game and, worse, having trouble expressing myself to clients.","Проблема в том, что я сейчас не в себе и, что еще хуже, мне трудно выражать свои мысли клиентам.",Work,1,0,work
4641,"Most weekends, the biggest challenge comes with the decision whether to face ""undone"" stuff and a messy house or suffer a lack of true rest.","В большинстве выходных самая большая проблема связана с решением, столкнуться ли с «несделанными» делами и беспорядком в доме или страдать от недостатка полноценного отдыха.",Other,6,5,unknown
1456,i've been really stressed about money and finances lately.,в последнее время я очень переживаю из-за денег и финансов.,Financial Problem,5,4,finance
118,believing i'm incompetent at my job.  feels like in over my head.,"полагая, что я некомпетентен в своей работе.  такое чувство, будто у меня над головой.",Work,1,0,work
4200,"Lately, some things have been bothering me and when i think about them they get me so down.","В последнее время некоторые вещи меня беспокоят, и когда я думаю о них, они меня так расстраивают.",Emotional Turmoil,6,5,unknown
2930,"Well, at times, when I text my supposedly BFF in NY, I get very frustrated...","Ну, иногда, когда я пишу своему предположительно лучшему другу в Нью-Йорке, я очень расстраиваюсь...",Social Relationships,4,3,friends
4592,i've been thinking a lot lately and it seems to me that my priorities aren't in the right place.,"в последнее время я много думал, и мне кажется, что мои приоритеты расставлены неправильно.",Everyday Decision Making,6,5,unknown
5611,"I'm under a lot of stress, and I don't think I can take all this on like I am.","Я нахожусь в состоянии сильного стресса и не думаю, что смогу вынести все это так, как сейчас.",Emotional Turmoil,6,5,unknown
3906,he doesnt have enough time with me cuzz oh oh he has to go back to work.,"ему не хватает времени со мной, потому что, ох, ему нужно вернуться на работу.",Social Relationships,4,3,friends
6483,I've been feeling weary again about going back to school.,Я снова чувствую усталость от возвращения в школу.,School,1,0,work
526,"i am currently stressed about the holidays coming up, and making sure everyone is happy.","Сейчас я переживаю по поводу приближающихся праздников и необходимости убедиться, что все счастливы.",Social Relationships,4,3,friends
517,I am always having arguments with my girlfriend,Я постоянно ссорюсь со своей девушкой,Social Relationships,4,3,friends
1683,money and bills has been stressing me out big time,деньги и счета меня очень напрягают,Financial Problem,5,4,finance
1654,losing pay at my job,потеря зарплаты на моей работе,Work,1,0,work
2210,not knowing where i am going to live with a lease end approaching!,"не знаю, где я буду жить с приближением окончания срока аренды!",Everyday Decision Making,6,5,unknown
2830,trying to afford all these christmas presents.,пытаюсь позволить себе все эти рождественские подарки.,Financial Problem,5,4,finance
5738,"One thing we all agree on is that we have to support the troops, and that the risk of terror attacks is higher due to this war.",В одном мы все согласны: мы должны поддерживать войска и что из-за этой войны повышается риск террористических атак.,Other,6,5,unknown
6005,"I'm tight on money, so I can't afford to really go out and buy any material.","У меня стеснено с деньгами, поэтому я не могу позволить себе пойти и купить какой-либо материал.",Financial Problem,5,4,finance
2500,The corona virus affecting my family in a negative way.,Вирус короны негативно повлиял на мою семью.,Family Issues,2,1,family
2782,this overseas move and trying to figure out how we will move the dogs.,"этот переезд за границу и пытаемся придумать, как мы будем передвигать собак.",Family Issues,2,1,family
6303,There's SOO much drama going on within my family.,В моей семье происходит ТАК много драмы.,Family Issues,2,1,family
1233,i'm feeling stuck like if i can't go anywhere to live my life i'm being threatened,"я чувствую себя застрявшим, как будто я не могу никуда пойти и жить своей жизнью, мне угрожают",Emotional Turmoil,6,5,unknown
6207,My mom is extremely mad at me.,Моя мама очень злится на меня.,Family Issues,2,1,family
892,i have been on a diet and i'm not losing weight.,я сидел на диете и не худею.,"Health, Fatigue, or Physical Pain",3,2,health
2940,"well, we're expecting a new baby soon so that will mean some adjusting for everyone.","что ж, мы скоро ожидаем нового ребенка, так что это будет означать некоторую корректировку для всех.",Family Issues,2,1,family
2364,School and my job. I need to not lose my job right now,Школа и моя работа. Мне нужно не потерять работу прямо сейчас,School,1,0,work
3704,having a pile of laundry to do,нужно постирать кучу белья,Other,6,5,unknown
1522,i've been worried about getting enough sleep at night.,"я беспокоился о том, чтобы выспаться по ночам.","Health, Fatigue, or Physical Pain",3,2,health
3256,I have a chronic medical problem that can't currently be cured.,"У меня хроническая медицинская проблема, которую в настоящее время невозможно вылечить.","Health, Fatigue, or Physical Pain",3,2,health
5067,My abnormal psych class alone requires hours of effort outside of our weekly meetings.,"Один только мой урок ненормальной психологии требует нескольких часов усилий, помимо наших еженедельных встреч.",School,1,0,work
1946,my job and the clients that i am currently having to interact with.,"моя работа и клиенты, с которыми мне сейчас приходится взаимодействовать.",Work,1,0,work
5724,i'm just super anxious about things lately. anxious to the point of not being able to really accomplish too many things because i just get too anxious.,"я просто очень беспокоюсь о вещах в последнее время. Я беспокоюсь до такой степени, что не могу сделать слишком много вещей, потому что я просто слишком волнуюсь.",Other,6,5,unknown
1798,My car is not working due to a wiring error I made,Моя машина не работает из-за допущенной мною ошибки в проводке.,Other,6,5,unknown
4789,"Yes, I'm Stressed. I have to pack up an office that's so full of crap that I can hardly get to my wheelie chair.","Да, я в стрессе. Мне нужно собрать вещи в офисе, который настолько завален дерьмом, что я едва могу добраться до своего кресла-каталки.",Work,1,0,work
4453,"I know that there is a lot going on with the whole house situation, but he seems hard core stressed.","Я знаю, что во всем доме происходит много всего, но он, кажется, находится в сильном стрессе.",Other,6,5,unknown
2612,The house is such a mess.,В доме такой беспорядок.,Other,6,5,unknown
2897,very stress,очень стресс,Other,6,5,unknown
5473,You can't be friends with someone who never talks to you and acts like you're a nobody which is what she has done to me.,"Невозможно дружить с человеком, который никогда с тобой не разговаривает и ведет себя так, будто ты никто, и именно это она сделала со мной.",Social Relationships,4,3,friends
1806,"my child was mean to me this morning, he was talking bad words.","мой ребенок был груб со мной сегодня утром, он говорил плохие слова.",Family Issues,2,1,family
2658,the recent situation stressing me is my finances.,"недавняя ситуация, которая меня беспокоит, - это мои финансы.",Financial Problem,5,4,finance
5571,"Right now, I have a lot of stress looming over me.",Сейчас меня нависает сильный стресс.,Other,6,5,unknown
1981,"my kids constantly need my attention, so trying to get things done has been stressful.","моим детям постоянно нужно мое внимание, поэтому попытки добиться цели вызывают стресс.",Family Issues,2,1,family
4455,we couldnt even sit through dinner without them fighting.,"мы не могли даже просидеть за ужином, чтобы они не ссорились.",Social Relationships,4,3,friends
4946,"I took a test today that I forgot to study for, so I doubt I did very well.","Сегодня я сдавал тест, к которому забыл подготовиться, поэтому сомневаюсь, что справился хорошо.",School,1,0,work
5388,he can't handle the fact that i have guy friends.,"он не может смириться с тем фактом, что у меня есть друзья-парни.",Social Relationships,4,3,friends
1339,i'm studying for an exam and i feel like i'm running out of time,"я готовлюсь к экзамену и чувствую, что у меня заканчивается время",School,1,0,work
281,feeling alone and that i am not part of anything,чувствую себя одиноким и что я ни для чего не являюсь частью,Emotional Turmoil,6,5,unknown
5380,"things are dragging again lately, i feel really lonely.","в последнее время дела снова затягиваются, я чувствую себя очень одиноким.",Emotional Turmoil,6,5,unknown
761,i feel like i have been just working all the time and no fun.,"у меня такое чувство, будто я все время просто работал и не развлекался.",Work,1,0,work
5870,"stressful at times, VERY stressful at other times.","иногда стрессовый, иногда ОЧЕНЬ стрессовый.",Other,6,5,unknown
166,commuting to work,по дороге на работу,Work,1,0,work
2180,Not being able to work because of the coronavirus,Не могу работать из-за коронавируса,Work,1,0,work
6784,"I am starting to look for work, after my trip I'll be out of funds.","Начинаю искать работу, после поездки у меня закончатся средства.",Financial Problem,5,4,finance
1171,i went to pick up medicine and my insurance was denied.  i tried to call the company,"Я пошел за лекарством, но мне отказали в страховке.  я пытался позвонить в компанию",Financial Problem,5,4,finance
3843,A stressful aspect to this all is that I have to finish my week out there.,"Стрессовым аспектом всего этого является то, что мне нужно закончить свою неделю там.",Emotional Turmoil,6,5,unknown
2452,stressing about my daughter's marriage,переживаю по поводу замужества моей дочери,Family Issues,2,1,family
3897,"Each time I have to tell someone I don't have a job yet, I feel that much more defeated.","Каждый раз, когда мне приходится говорить кому-то, что у меня еще нет работы, я чувствую себя еще более разбитым.",Work,1,0,work
5871,You can sometimes be a person of great internal stress.,Иногда вы можете быть человеком с большим внутренним напряжением.,Emotional Turmoil,6,5,unknown
3830,To switch gears....in retrospect: I regret many things about this year and this semester,Чтобы переключить передачу.... оглядываясь назад: я сожалею о многом в этом году и в этом семестре.,School,1,0,work
6433,so many things i have to do and think about i simply cannot handle daily shitty.,"так много всего, что мне нужно сделать и о чем подумать, я просто не могу справляться с ежедневной ерундой.",Everyday Decision Making,6,5,unknown
5765,"I'm freaking out, I need this so bad.","Я схожу с ума, мне это так нужно.",Other,6,5,unknown
1176,I wish I could go to visit my daughter and her family in CA.,Мне бы хотелось поехать навестить свою дочь и ее семью в Калифорнии.,Social Relationships,4,3,friends
3210,"im tired tho, dont know if ill be able to stay awake.","Хотя я устал, не знаю, смогу ли я бодрствовать.","Health, Fatigue, or Physical Pain",3,2,health
473,"hi, i'm upset with my husband hanging out with his drinking friends.","привет, я расстроена тем, что мой муж тусуется со своими пьющими друзьями.",Family Issues,2,1,family
5288,"the fact that he couldn't even call to invite me or say good night, or hi, or anything, just makes me feel like more of an outsider.","тот факт, что он даже не смог позвонить мне, чтобы пригласить меня, пожелать спокойной ночи, привет или что-то в этом роде, просто заставляет меня чувствовать себя посторонним.",Social Relationships,4,3,friends
6776,I can't really afford one entire night of wasted work.,Я не могу позволить себе целую ночь потраченной впустую работы.,Work,1,0,work
461,hi im stressing about school,"привет, я переживаю из-за школы",School,1,0,work
2116,my uncle is really sick,мой дядя очень болен,Family Issues,2,1,family
2058,my roommate,мой сосед по комнате,Social Relationships,4,3,friends
5429,now I won't get to walk with those friends.,теперь мне не удастся гулять с этими друзьями.,Social Relationships,4,3,friends
4247,My work for Monday sucks.,Моя работа на понедельник отстой.,Work,1,0,work
5813,"When you cry at watching Ladder 49 because she loses the love of her life, imagine if that acutally happened to you.","Когда вы плачете при просмотре «Лестницы 49» из-за того, что она теряет любовь всей своей жизни, представьте, если бы это действительно случилось с вами.",Other,6,5,unknown
4093,I'm so very upset lately about my job situation!,В последнее время я очень расстроена из-за ситуации на работе!,Work,1,0,work
6715,"They make me really sad, and they make me realize that things are really fucked up.","Они меня очень огорчают и заставляют осознать, что все действительно хреново.",Emotional Turmoil,6,5,unknown
5083,i have problems balancing work and school.,у меня проблемы с совмещанием работы и учебы.,Work,1,0,work
6690,I really needed it off and I'm still struggling to catch up without stressing myself out so much I go crazy.,"Мне действительно нужно было это отключить, и я все еще пытаюсь наверстать упущенное, не напрягаясь настолько, что схожу с ума.",Emotional Turmoil,6,5,unknown
5767,I don't know what solution is best to deal with this month.,"Я не знаю, с каким решением лучше всего иметь дело в этом месяце.",Everyday Decision Making,6,5,unknown
1063,i just feel really overwhelmed,я просто чувствую себя очень подавленным,Emotional Turmoil,6,5,unknown
2708,The whole COVID-19 thing,Вся эта история с COVID-19,Everyday Decision Making,6,5,unknown
3203,"You may suffer from low energy, allergies, or some kind of chronic health problem.","Вы можете страдать от упадка сил, аллергии или каких-либо хронических проблем со здоровьем.","Health, Fatigue, or Physical Pain",3,2,health
5408,I haven't been working with great people lately and its been starting to bug me.,"В последнее время я не работаю с замечательными людьми, и это начинает меня беспокоить.",Work,1,0,work
3185,LOL I have a terrible headache.,"ЛОЛ, у меня ужасно болит голова.","Health, Fatigue, or Physical Pain",3,2,health
5055,I dont have any time to study which i despretely need to do since i'm not doing to good in school at the moment.,"У меня нет времени на учебу, а это мне крайне необходимо, поскольку в данный момент я не очень хорошо учусь в школе.",School,1,0,work
2172,not being able to relax fully. my mind wonders alot.,не могу полностью расслабиться. мой разум многому удивляется.,Emotional Turmoil,6,5,unknown
4115,Invariably of late it seems that being myself has caused problems and hurt feelings.,"В последнее время неизменно кажется, что быть самим собой вызывает проблемы и ранит чувства.",Emotional Turmoil,6,5,unknown
6587,He's lonely and feels like he has no friends cos his roommate is mad at him too.,"Он одинок и чувствует, что у него нет друзей, потому что его сосед по комнате тоже на него злится.",Social Relationships,4,3,friends
889,i have been losing and becoming distant from some of my friends.,я терял и отдалялся от некоторых своих друзей.,Social Relationships,4,3,friends
2025,my niece leaving family home uninhabitable,"моя племянница покидает семейный дом, непригодный для проживания",Family Issues,2,1,family
36,"about my husband drinking problem. his drinking all day, spending $19 everyday.","о проблемах моего мужа с алкоголем. он пил весь день, тратя 19 долларов каждый день.",Family Issues,2,1,family
4461,"I'm especially conflicted at this point because I don't where to go with my life, especially job related.","В этот момент я особенно в противоречии, потому что не знаю, куда двигаться в своей жизни, особенно в том, что касается работы.",Work,1,0,work
3000,work has been crazy! we have had to make some organizational changes in my department.,работа была сумасшедшей! нам пришлось внести некоторые организационные изменения в моем отделе.,Work,1,0,work
628,i am stressed out over getting our old house all packed up.,"Я нервничаю из-за того, что наш старый дом полностью собран.",Everyday Decision Making,6,5,unknown
2228,"nothing much, just work. it has been really busy lately.","ничего особенного, просто работа. в последнее время он был очень занят.",Work,1,0,work
2408,Several layoffs at work,Несколько увольнений на работе,Work,1,0,work
6059,What's the differance between slavery and being forced to work because everything is so expensive?,"В чем разница между рабством и принуждением работать, потому что все очень дорого?",Work,1,0,work
6244,i can't stand my parents either. seriously.,я тоже терпеть не могу своих родителей. серьезно.,Family Issues,2,1,family
2590,The economy has been stressing me out lately.,Экономика в последнее время меня напрягает.,Financial Problem,5,4,finance
1494,I've been stressing about not anting to spend money on food deliveries.,"Я подчеркивал, что не хочу тратить деньги на доставку еды.",Financial Problem,5,4,finance
1069,I just had a mental breakdown.,У меня просто случился психический срыв.,Emotional Turmoil,6,5,unknown
5399,With another sigh Abigail carried on with her work and cursed the fact that as the senior admin she was forced to do more work.,"С еще одним вздохом Эбигейл продолжила свою работу и прокляла тот факт, что, будучи старшим администратором, она была вынуждена делать больше работы.",Work,1,0,work
3317,I haven't had a good night's sleep in i dont know how long i feel drained because i haven't been able to sleep..,"Я не спал хорошо ночью, не знаю, как долго я чувствую себя опустошенным, потому что не мог заснуть..","Health, Fatigue, or Physical Pain",3,2,health
439,"hey, want to grab a bite to eat and chat. could really use a break.","эй, хочу перекусить и поболтать. действительно не помешал бы перерыв.",Other,6,5,unknown
4358,"we worked on stalled today as well. and yet, i still feel confused and diluted.",мы сегодня тоже работали над застопорившимся. и все же я все еще чувствую себя сбитым с толку и разбавленным.,Emotional Turmoil,6,5,unknown
1821,my co-worker is on vacation and i have to do her job this week.,"моя коллега в отпуске, и мне нужно выполнить ее работу на этой неделе.",Work,1,0,work
6256,"i feel bad,i have been really bitchy to mom lately.","мне плохо, я в последнее время очень раздражаюсь по отношению к маме.",Family Issues,2,1,family
2366,school and work are both super stressful.,школа и работа - это очень стресс.,Work,1,0,work
6013,"I finished shifting in one section earlier this week, and unfortunately can do no more because there aren't enough shelves to go around.","Ранее на этой неделе я закончил смену в одной секции и, к сожалению, больше ничего не могу сделать, потому что полок недостаточно, чтобы их можно было обойти.",Other,6,5,unknown
907,i have been stressed about finding a way to work from home.,"я был в стрессе из-за того, что нашел способ работать из дома.",Work,1,0,work
1142,"I think I'm failing my statistics class, and it's really causing me anxiety!","Я думаю, что проваливаю урок по статистике, и это меня очень беспокоит!",School,1,0,work
861,i have been dealing with a bad coworker,я имел дело с плохим коллегой,Emotional Turmoil,6,5,unknown
2796,"This whole coronavirus mess is stressing me out, not sure whats going to happen","Вся эта неразбериха с коронавирусом меня напрягает, я не знаю, что произойдет.",Everyday Decision Making,6,5,unknown
525,I am currently stressed about the coronavirus and wheter I can work,"В настоящее время меня беспокоит коронавирус и вопрос о том, смогу ли я работать.",Work,1,0,work
5203,im not having a good time with all the roomies and they wont talk to me.,"Я не хорошо провожу время со всеми соседями по комнате, и они не разговаривают со мной.",Social Relationships,4,3,friends
2709,the whole decision to leave my job in six months.,все решение уйти с работы через шесть месяцев.,Financial Problem,5,4,finance
4221,My control has been shite over the past couple days. I need to do *something* today to get myself back.,"За последние пару дней мой контроль был дерьмовым. Мне нужно сделать *что-то* сегодня, чтобы прийти в себя.",Emotional Turmoil,6,5,unknown
4294,So I'm frustrated and it takes me back to the drawing board of not really being sure what to do.,"Итак, я расстроен, и это возвращает меня к чертежной доске, когда я не совсем уверен, что делать.",Everyday Decision Making,6,5,unknown
1586,just stressing about money in general,просто переживаю из-за денег в целом,Financial Problem,5,4,finance
2522,The Coronavirus and staying home,Коронавирус и пребывание дома,"Health, Fatigue, or Physical Pain",3,2,health
1534,I've had a lot of work than usual these past couple weeks at my job,"За последние пару недель у меня было много работы, чем обычно.",Work,1,0,work
1459,I've been really stressed about the coronavirus and the quarantine.,Я очень переживал из-за коронавируса и карантина.,"Health, Fatigue, or Physical Pain",3,2,health
6220,well my mom has been very sick.,"ну, моя мама очень заболела.",Family Issues,2,1,family
786,i got passed over for a promotion at work.,меня обошли вниманием при повышении на работе.,Work,1,0,work
1462,i've been really stressed out about money lately.,в последнее время я очень переживаю из-за денег.,Financial Problem,5,4,finance
4094,I'm starting to get really discouraged about finding a real job and also more and more angry about shutters.,"Я начинаю сильно разочаровываться в поиске настоящей работы, а также все больше и больше злюсь на ставни.",Work,1,0,work
2675,the situation with iran had me stressed out the other day.,ситуация с Ираном меня на днях напрягла.,Other,6,5,unknown
1895,my girlfriend is concerned i am not earning enough to support our future family.,"моя девушка обеспокоена тем, что я недостаточно зарабатываю, чтобы прокормить нашу будущую семью.",Financial Problem,5,4,finance
6726,You need help. I'm worried about you.,Вам нужна помощь. Я волнуюсь за тебя.,Social Relationships,4,3,friends
1434,I've been feeling overworked and under appreciated at work lately.,В последнее время я чувствую себя переутомленным и недооцененным на работе.,Work,1,0,work
3340,"It's a very hectic, crazy, busy, stressful time for me.. Running through thousands of emotions due ot various recent situations.","Для меня это очень беспокойное, сумасшедшее, занятое и напряженное время.. Прохожу через тысячи эмоций из-за различных недавних ситуаций.",Emotional Turmoil,6,5,unknown
1242,i'm having friends over for dinner and i don't know what to serve them,"ко мне на ужин приходят друзья, и я не знаю, что им подать",Everyday Decision Making,6,5,unknown
5253,i got in an argument the other day with a friends boyfriend.. .. it was horrible.,На днях я поругалась с парнем подруги... ... это было ужасно.,Social Relationships,4,3,friends
1782,my boyfriend lot his job,мой парень получил свою работу,Financial Problem,5,4,finance
150,ceramics,керамика,Other,6,5,unknown
3762,The stock market is tanking and its killing my retirement!,"Фондовый рынок рушится, и это убивает мою пенсию!",Financial Problem,5,4,finance
6593,then why would I get so jealous and upset when his girlfriend is around.,"тогда почему я так ревную и расстраиваюсь, когда его девушка рядом.",Social Relationships,4,3,friends
5984,"I feel my life slipping away a day at a time, utterly wasted because of the mismanagement of my employers.","Я чувствую, что моя жизнь ускользает день за днем, совершенно потраченная впустую из-за плохого управления моими работодателями.",Work,1,0,work
5062,I can barely walk and I still have to go to school because of my stupid final.,"Я едва могу ходить, и мне все еще нужно идти в школу из-за моего дурацкого выпускного.",School,1,0,work
2767,This coronovirus pandemic and all these jobs that are being lost. It's scary !,"Эта пандемия короновируса и все эти рабочие места, которые теряются. Это страшно!",Work,1,0,work
3318,I haven't been sleeping well lately for worry.,В последнее время я плохо сплю из-за беспокойства.,"Health, Fatigue, or Physical Pain",3,2,health
3622,I went to work and I found out that Kasey is sick and has been sick for several weeks.,"Я пошла на работу и узнала, что Кейси больна и болеет уже несколько недель.",Social Relationships,4,3,friends
5386,One of my friends seems to be mad at me and I don't know what I did. I haven't seen or really talked to this friend sence she left.,"Один из моих друзей, кажется, злится на меня, и я не знаю, что я сделал. Я не видел и не разговаривал с этой подругой с тех пор, как она ушла.",Social Relationships,4,3,friends
6689,"It is very hard for me to be concise as this is a big issue for me, and I am not at all settled on the issue.","Мне очень трудно быть кратким, поскольку для меня это большой вопрос, и я совсем не уверен в этом вопросе.",Emotional Turmoil,6,5,unknown
557,i am in an emotionally abusive relationship and things keep getting worse.,"Я нахожусь в эмоционально оскорбительных отношениях, и ситуация становится все хуже.",Social Relationships,4,3,friends
5782,it's complete traffic bottleneck.,это полное пробковое место.,Other,6,5,unknown
5198,Been working my tail off trying to prep for a huge loss in billable hours thanks to the holidays.,"Я работал изо всех сил, пытаясь подготовиться к огромной потере оплачиваемых часов из-за праздников.",Work,1,0,work
4881,all this stress and frustration is really taking a toll on my school work too.,весь этот стресс и разочарование действительно сказываются и на моей учебе.,School,1,0,work
6685,"He began to tell me how his life fell apart, and his family abandoned him because he couldn't get his life back together.","Он начал рассказывать мне, как его жизнь развалилась, и семья бросила его, потому что он не мог наладить свою жизнь.",Family Issues,2,1,family
4524,"Lately, I've been feeling like my emotions conflict with my actions a lot.","В последнее время я чувствую, что мои эмоции часто противоречат моим действиям.",Emotional Turmoil,6,5,unknown
273,family,семья,Family Issues,2,1,family
2754,This corona virus pandemic has been stressing me out.,Эта пандемия короновируса меня напрягла.,Emotional Turmoil,6,5,unknown
3484,"The whole 'winter' thing is kinda putting a cramp on my style though, damn you short days and freezing cold steel.","Однако вся эта «зима» как бы сводит меня с ума, черт возьми, короткие дни и ледяная сталь.",Other,6,5,unknown
72,"balancing working enough to pay bills, but also not overworking.","балансируя на работе, достаточной для оплаты счетов, но при этом не переутомляясь.",Work,1,0,work
5485,My point is to express my concern over my younger sister whom I feel is making som poor decisions.,"Я хочу выразить свою обеспокоенность по поводу моей младшей сестры, которая, как мне кажется, принимает неверные решения.",Family Issues,2,1,family
5779,You are experiencing extreme emotional disappointment because it would seem that a particular relationship is no longer running smoothly.,"Вы испытываете крайнее эмоциональное разочарование, потому что кажется, что в конкретных отношениях больше не все гладко.",Social Relationships,4,3,friends
230,debt payments,выплаты по долгам,Financial Problem,5,4,finance
2602,The global pandemic has been at the top of my stressors.,Глобальная пандемия была для меня главным стрессором.,"Health, Fatigue, or Physical Pain",3,2,health
1114,i need to find a job,мне нужно найти работу,Work,1,0,work
5899,i'm under an unusual amount of stress here,я здесь нахожусь в необычном стрессе,Emotional Turmoil,6,5,unknown
3259,I'm starting to worry about my health more and more.,Я все больше начинаю беспокоиться о своем здоровье.,"Health, Fatigue, or Physical Pain",3,2,health
6547,"It's been really crazy.. last week of school so all the teachers are cramming last minute information into our heads, and tons and tons of homework.","Это было настоящее безумие... последняя неделя в школе, поэтому все учителя вбивают нам в головы последнюю информацию и тонны домашних заданий.",School,1,0,work
2623,the lost of my job,потеря моей работы,Work,1,0,work
4660,"Our stove is unuseable, so I don't know what to have for dinner.","Наша плита непригодна, поэтому я не знаю, что приготовить на ужин.",Everyday Decision Making,6,5,unknown
2838,trying to divorce as soon as possible,пытаюсь развестись как можно скорее,Family Issues,2,1,family
6118,John isn't cooperating in the lease break and I'm so in debt that I don't know where to start.,"Джон не участвует в перерыве в аренде, а я настолько в долгах, что не знаю, с чего начать.",Financial Problem,5,4,finance
1368,i'm worried about moving,я беспокоюсь о переезде,Other,6,5,unknown
3832,"I kept losing track of how that last one goes, and trying to write it up was a serious pain.","Я продолжал терять представление о том, как проходит этот последний случай, и попытка описать его была серьезной болью.",Other,6,5,unknown
2077,my sister's dog has fleas and my husband is having a conniption about it.,"У собаки моей сестры блохи, а мой муж расстроен по этому поводу.",Family Issues,2,1,family
4785,"My parents order so much food when we go out for meals, it kills me.","Мои родители заказывают так много еды, когда мы ходим куда-нибудь поесть, что это убивает меня.",Family Issues,2,1,family
1901,My graduate school application have been stressing me out!,Мое заявление в аспирантуру меня напрягало!,School,1,0,work
2449,stressed out about my health not feeling well very congested.,"переживал из-за своего здоровья, плохо себя чувствовал, сильно перегружен.","Health, Fatigue, or Physical Pain",3,2,health
5527,i feel bad for dorota's mom.,мне жаль маму Дороты.,Family Issues,2,1,family
2695,"the usual, kids, doctors, money, too much of everything.","обычное дело, дети, врачи, деньги, всего слишком много.",Family Issues,2,1,family
2977,wishing i had more time to work to save money for a home.,"хотелось бы, чтобы у меня было больше времени на работу, чтобы накопить деньги на дом.",Financial Problem,5,4,finance
429,hey! i've been pretty stressed about waiting to hear back about internships.,"привет! Я был очень взволнован, ожидая ответа о стажировках.",Work,1,0,work
3169,It's like I'm not sleeping too well.,Будто я плохо сплю.,"Health, Fatigue, or Physical Pain",3,2,health
5397,My boyfriend is having a hard time with his family.,Моему парню тяжело в семье.,Social Relationships,4,3,friends
2267,one of my workers had been slacking off.,один из моих работников бездельничал.,Work,1,0,work
2874,tryiong to figure out how to make more money to support my family,"пытаюсь придумать, как заработать больше денег, чтобы прокормить свою семью",Financial Problem,5,4,finance
5032,I am not at peace when it comes to doing well in school.,"Я не спокоен, когда дело доходит до успехов в школе.",School,1,0,work
5580,I assume it from stress and tiredness.,Я предполагаю это от стресса и усталости.,Other,6,5,unknown
6144,What if it is your husband or wife that cheats on you?,"Что делать, если вам изменяет муж или жена?",Family Issues,2,1,family
2191,Not happy about having to stay home in semi isolation,"Не рад, что приходится оставаться дома в полуизоляции",Social Relationships,4,3,friends
5209,"I Feel that he was really mistreated in past relationships, because he thinks more times than he should that i am mad at him.","Я чувствую, что с ним действительно плохо обращались в прошлых отношениях, потому что он думает чаще, чем следовало бы, что я злюсь на него.",Social Relationships,4,3,friends
5642,"jared and i have been having this huge fight, and its been draining me terribly.","У нас с Джаредом была серьезная ссора, и это меня ужасно истощало.",Social Relationships,4,3,friends
2379,School has been stressing me out quite a bit,Школа меня сильно напрягла,School,1,0,work
6616,"He's been too much stress for the group lately, and no one wants to hang out with him anymore.","В последнее время он стал слишком большим стрессом для группы, и никто больше не хочет с ним тусоваться.",Social Relationships,4,3,friends
6470,I still don't know what I want to do with my life and it's worrying me.,"Я до сих пор не знаю, чем хочу заниматься в жизни, и это меня беспокоит.",Emotional Turmoil,6,5,unknown
2272,our financial situation,наше финансовое положение,Financial Problem,5,4,finance
252,due to lack of sleep i am feeling stressful,из-за недостатка сна я чувствую стресс,"Health, Fatigue, or Physical Pain",3,2,health
3163,"Ok, I've been up on too little sleep too long, and the Bad Influence is telling me to get to bed.","Хорошо, я слишком долго спал слишком мало, и Плохое Влияние велит мне лечь спать.","Health, Fatigue, or Physical Pain",3,2,health
3380,I am so bothered by this I have a bad headache I THINK my fever just came back and my throat and jaw are so painful,"Меня это так беспокоит, у меня сильно болит голова. Я ДУМАЮ, что у меня только что вернулась температура, и у меня очень болят горло и челюсть.","Health, Fatigue, or Physical Pain",3,2,health
2676,The spread of covid-19 is crazy,Распространение Covid-19 сумасшедшее,"Health, Fatigue, or Physical Pain",3,2,health
5637,i know my dad is depressed because of the divorce and his job and the rest of his siblings aren't all that mentally stable either.,"я знаю, что мой отец в депрессии из-за развода и его работы, да и остальные его братья и сестры тоже не такие уж психически устойчивые.",Family Issues,2,1,family
2447,stressed about my poor weight loss efforts.,переживал из-за своих плохих усилий по снижению веса.,"Health, Fatigue, or Physical Pain",3,2,health
2317,presenting in front of other people,представление перед другими людьми,Work,1,0,work
4084,I'm so confused about what to do lately I hate being so stressed out and run down.,"Я так растерян, что делать в последнее время, что ненавижу быть в таком стрессе и изнурении.",Emotional Turmoil,6,5,unknown
2608,The health pandemic that is effecting everyone. To health and financial its horrible.,"Пандемия здоровья, которая затрагивает всех. Для здоровья и финансов это ужасно.",Financial Problem,5,4,finance
6024,"in became ""I suck at writing and will never finish anything"" or ""I have no money and am a failure as a responsible adult"".","превратился в «Я плохо пишу и никогда ничего не закончу» или «У меня нет денег, и я неудачник как ответственный взрослый человек».",Emotional Turmoil,6,5,unknown
4529,It has been a very hard week. I have had to admit to my own problems and I have had to set boundaries with my family.,Это была очень тяжелая неделя. Мне пришлось признать свои собственные проблемы и установить границы со своей семьей.,Family Issues,2,1,family
1258,"im just feeling under appreciated ya know, and super depressed.","Я просто чувствую, что меня недооценивают, понимаешь, и я в супер депрессии.",Emotional Turmoil,6,5,unknown
5719,I have been going through a huge emotional issue lately and I cant control it.,"В последнее время у меня возникла огромная эмоциональная проблема, и я не могу ее контролировать.",Emotional Turmoil,6,5,unknown
6344,Aunt Cheryl and Pop's passing have been tough on me.,Смерть тети Шерил и папы тяжело переживалась для меня.,Family Issues,2,1,family
1649,looking for a new job,ищу новую работу,Work,1,0,work
3656,It's especially difficult when one works nights because I'm asleep during the day when things are open and chores can be done.,"Особенно трудно работать по ночам, потому что днем ​​я сплю, когда все открыто и можно заняться домашними делами.",Work,1,0,work
5639,Stress has made me irrational.,Стресс сделал меня иррациональным.,Emotional Turmoil,6,5,unknown
2412,"Since I am in quartantine, I can't go outside which is sad.","Поскольку я нахожусь на карантине, я не могу выйти на улицу, что печально.",Everyday Decision Making,6,5,unknown
5281,things have been a little hectic with my brother.,с моим братом дела были немного беспокойными.,Family Issues,2,1,family
1967,my job which is cool and all but it takes time to move up and the pay is lousy..,"моя работа классная и все такое, но чтобы продвинуться по карьерной лестнице, нужно время, а зарплата паршивая..",Work,1,0,work
254,"Due to the coronavirus, I no longer have a job, it is scary.","Из-за коронавируса у меня больше нет работы, это страшно.",Work,1,0,work
2748,thinking about this new move that is coming up.,"думая об этом новом шаге, который приближается.",Everyday Decision Making,6,5,unknown
3358,"One may think we're doing fine but if I had to lay it on the line, we're losing ground with every passing day, we're not okay.","Кто-то может подумать, что у нас все в порядке, но если бы мне пришлось поставить на кон, мы теряем позиции с каждым днем, мы не в порядке.",Emotional Turmoil,6,5,unknown
4291,"So I have to go to work, and I'm really nervous","Мне пора на работу, и я очень нервничаю.",Work,1,0,work
4570,all it does is stress me out and i can't get my shit done on time.,"все это вызывает у меня стресс, и я не могу сделать все вовремя.",School,1,0,work
4569,work always has to come before relaxation,работа всегда должна предшествовать отдыху,Work,1,0,work
5470,"Needless to say she missed the party, She just got sad, then she got stuck.'","Излишне говорить, что она пропустила вечеринку. Ей просто стало грустно, а потом она застряла».",Social Relationships,4,3,friends
5566,"My daddy didn't love us and left, so she had to work.","Мой папа нас не любил и ушел, поэтому ей пришлось работать.",Family Issues,2,1,family
6500,I have to go to school today to have a meeting with my History Project Group.,"Сегодня мне нужно пойти в школу, чтобы встретиться с моей группой по историческому проекту.",School,1,0,work
3591,i'm on such a bad sleeping schedule.,у меня такой плохой график сна.,"Health, Fatigue, or Physical Pain",3,2,health
2275,our president is sick and he needs to be removed from office,наш президент болен и его нужно отстранить от должности,Other,6,5,unknown
3165,I either sleep too much or I'm up all night like I am now trying to find a way to make myself tired.,"Я либо сплю слишком много, либо не сплю всю ночь, как будто сейчас пытаюсь найти способ устать.","Health, Fatigue, or Physical Pain",3,2,health
2308,poor sleep even if i go to bed on time,"плохой сон, даже если я ложусь спать вовремя","Health, Fatigue, or Physical Pain",3,2,health
3889,College and work have been killing me.,Колледж и работа убивали меня.,Work,1,0,work
6278,"I hate being at home too, I hate having to work and I hate the constant tension with my parents.","Я тоже ненавижу находиться дома, ненавижу работать и ненавижу постоянную напряженность в отношениях с родителями.",Family Issues,2,1,family
4430,This house doesn't shield me from the world's pain that I believe I feel everyday.,"Этот дом не защищает меня от боли мира, которую, как мне кажется, я чувствую каждый день.",Emotional Turmoil,6,5,unknown
4032,I'm also upset over not getting a day off.,"Еще я расстроена тем, что у меня нет выходного.",Work,1,0,work
1992,My manager is difficult to deal with.  I am stressed so much.  Help I need my friends ..,С моим менеджером трудно иметь дело.  Я так напряжен.  Помогите мне нужны мои друзья..,Work,1,0,work
5443,It took 3 weeks of calling them for someone to figure out that they didn't have my transcripts.,"Мне потребовалось 3 недели, чтобы позвонить им, чтобы кто-то выяснил, что у них нет моих стенограмм.",Social Relationships,4,3,friends
1668,"man, my job is unreal! such unreasonable demands and the customer is an idiot!","чувак, моя работа нереальная! такие необоснованные требования и заказчик идиот!",Work,1,0,work
1596,just trying to learn all my new tasks at work,просто пытаюсь изучить все мои новые задачи на работе,Work,1,0,work
35,aagh insurance company overdrafted my checking acccount in error and refuses to fix.,ааа страховая компания по ошибке перерасходовала мой текущий счет и отказывается это исправить.,Financial Problem,5,4,finance
1417,its family,его семья,Family Issues,2,1,family
2804,This whole pandemic crisis is stressful and very concerning,Весь этот пандемический кризис вызывает стресс и очень тревожит.,"Health, Fatigue, or Physical Pain",3,2,health
1482,I've been stressed for the past four years living under Trump,Последние четыре года жизни при Трампе я находился в стрессе.,Other,6,5,unknown
6396,Chris and I head over to my moms for dinner and things just felt weird.,"Мы с Крисом отправляемся к моей маме на ужин, и все кажется странным.",Family Issues,2,1,family
5006,Im stressed and worried about school.,Я в стрессе и беспокоюсь о школе.,School,1,0,work
1811,my college admissions,мои поступления в колледж,School,1,0,work
6189,Brian called and for some reason I feel like he does not like to talk as long as he used to.,"Брайан позвонил, и мне почему-то кажется, что он не любит разговаривать так долго, как раньше.",Social Relationships,4,3,friends
3244,"Because of this, I am not in a good mood today.",Из-за этого у меня сегодня не хорошее настроение.,Other,6,5,unknown
2868,trying to pay off my debt,пытаюсь погасить свой долг,Financial Problem,5,4,finance
6348,It bothers me because it reminds me of my mother and I get scared.,"Меня это беспокоит, потому что напоминает мне о моей матери, и я пугаюсь.",Emotional Turmoil,6,5,unknown
6403,"With three days left on his own countdown, Dean began to worry in earnest.","Когда до его собственного обратного отсчета оставалось три дня, Дин начал всерьез волноваться.",Emotional Turmoil,6,5,unknown
5827,So I feel really irresponsible lately. I was supposed to meet chrissy to get the key to the apartment to feed her cat while she's gone.,"Поэтому в последнее время я чувствую себя очень безответственным. Я должен был встретиться с Крисси, чтобы получить ключ от квартиры и покормить ее кошку, пока ее нет.",Social Relationships,4,3,friends
1184,i would be stressful,у меня был бы стресс,Other,6,5,unknown
6029,Too bad i don't have enough money to buy them.,"Жаль, что у меня нет достаточно денег, чтобы купить их.",Financial Problem,5,4,finance
182,Coronavirus has definitely increased my anxiety,Коронавирус определенно усилил мое беспокойство,Emotional Turmoil,6,5,unknown
2605,the grading system for my classes this semester is really harsh.,система оценок моих занятий в этом семестре очень суровая.,School,1,0,work
3846,after that megan just dropped us off and now i'm tired and my stomach hurts.,"после этого Меган просто подвезла нас, и теперь я устала, и у меня болит живот.","Health, Fatigue, or Physical Pain",3,2,health
4541,"Its like, two weeks out of every month I get incredibly upset with life.",Примерно две недели в месяц я невероятно расстраиваюсь из-за жизни.,Emotional Turmoil,6,5,unknown
2668,the situation about the coronavirous,ситуация с коронавирусом,"Health, Fatigue, or Physical Pain",3,2,health
2955,what has stressed me out was trying to get a certain amount of turk done.,"Что меня напрягло, так это попытка сделать определенное количество турки.",Work,1,0,work
6406,its been getting so stressful lately and i have all these essays and shit do i cant fucking do it,"в последнее время у меня такой стресс, и у меня есть все эти эссе и всякая ерунда, я, черт возьми, не могу это сделать",School,1,0,work
1488,i've been stressing a lot about school,я много переживал из-за школы,School,1,0,work
3280,"As usual, she's very worried about my health and work.","Как обычно, она очень переживает за мое здоровье и работу.",Work,1,0,work
6352,"since my mom and I got in that big fight, i couldn't","с тех пор как мы с мамой сильно поссорились, я не мог",Family Issues,2,1,family
6756,"Now I'm grounded for two weeks which is so stupid, and I can't have the phone for this weekend.","Теперь меня арестовали на две недели, что очень глупо, и на эти выходные у меня не будет телефона.",Other,6,5,unknown
3676,my poor baby didnt eat for days and was sick and depressed,"мой бедный ребенок не ел несколько дней, был болен и подавлен",Family Issues,2,1,family
6032,My computer crapped on itself at the beginning of the week and no amount of work has managed to revive it yet.,"Мой компьютер обосрался в начале недели, и никакими усилиями его пока не удалось оживить.",School,1,0,work
1709,"money, as always.  always worried about money.","деньги, как всегда.  всегда беспокоился о деньгах.",Financial Problem,5,4,finance
1169,i was very upset about planning a meal today. can u please suggest a meal plan.,"Я был очень расстроен из-за того, что планировал сегодня поесть. Можете ли вы предложить план питания?",Everyday Decision Making,6,5,unknown
5540,"I think the hardest thing is turning down friends and family when they invite me to do something that I want to do, but just don't have time for.","Я думаю, что самое сложное — это отказывать друзьям и семье, когда они предлагают мне сделать что-то, что я хочу сделать, но у меня просто нет на это времени.",Family Issues,2,1,family
6687,I think im suffering from depression or something because Ive been so sad lately.,"Я думаю, что страдаю от депрессии или чего-то еще, потому что в последнее время мне было так грустно.",Emotional Turmoil,6,5,unknown
3477,"Well, obviously, I gained some weight in the middle.","Ну, очевидно, я набрал вес в середине.",Other,6,5,unknown
572,i am not making enough money to support my family.,"я не зарабатываю достаточно денег, чтобы содержать свою семью.",Financial Problem,5,4,finance
2747,thinking about the holidays and getting together with family,думаю об отпуске и собираюсь с семьей,Family Issues,2,1,family
366,Gotta love back home in the middle of the semester :/,Мне очень хочется вернуться домой в середине семестра :/,School,1,0,work
5114,SCHOOL School is incredibly hectic.,ШКОЛА В школе невероятно суматошно.,School,1,0,work
2470,Thank you for replying. Yes there have been some recent events that have stressed me out,"Спасибо за ответ. Да, в последнее время произошли некоторые события, которые меня расстроили.",Other,6,5,unknown
2735,these kids are driving me crazy,эти дети сводят меня с ума,Family Issues,2,1,family
1581,just stressed about getting ready for the baby!,просто переживаю из-за подготовки к рождению ребенка!,Family Issues,2,1,family
120,big project at work has had me pulling my hair out,большой проект на работе заставил меня рвать на себе волосы,Work,1,0,work
5308,"dude it got so fucking annoying, i feel bad for Amber, having to deal with them too.","чувак, это чертовски раздражает, мне жаль Эмбер, мне тоже приходится с ними иметь дело.",Social Relationships,4,3,friends
2473,thanks for asking. to much work and so little time..lol,"спасибо, что спросили. много работы и так мало времени.. лол",Work,1,0,work
2299,People panic buying certain items so that others don't have them.,"Люди в панике покупают определенные предметы, чтобы их не было у других.",Other,6,5,unknown
3568,"It's been nearly four months since Castiel let Dean use his body, still shaking from his encounter with famine and Sam's screams as he detoxed.","Прошло почти четыре месяца с тех пор, как Кастиэль позволил Дину использовать свое тело, он все еще дрожит от голода и криков Сэма во время детоксикации.","Health, Fatigue, or Physical Pain",3,2,health
1722,my 13 year old hates school and tries everything to avoid going,"мой 13-летний ребенок ненавидит школу и делает все возможное, чтобы не ходить туда",Family Issues,2,1,family
1133,i recently started a new job and its hard to transition.,"Недавно я начал новую работу, и мне сложно перейти на другую работу.",Work,1,0,work
2802,This whole COVID thing. I can't do anything right now!,Вся эта история с COVID. Я сейчас ничего не могу сделать!,"Health, Fatigue, or Physical Pain",3,2,health
5796,"It hurts my feelings a great deal, but I am not allowed to express that.","Это очень ранит мои чувства, но мне не разрешено это выражать.",Emotional Turmoil,6,5,unknown
5986,I spend money on classes that hold no interest for me so I don't do the work and now I'm very behind.,"Я трачу деньги на занятия, которые меня не интересуют, поэтому не делаю работу и теперь сильно отстаю.",School,1,0,work
5232,"i guess its partially my own fault, but i dont like being around a bunch of people i dont know or like and being ignored by my supposed ""best friend"".","Я думаю, это отчасти моя вина, но мне не нравится находиться среди группы людей, которых я не знаю или не люблю, и когда мой предполагаемый «лучший друг» игнорирует меня.",Social Relationships,4,3,friends
6134,"I need to get that job, I need to get the money, and I need to get out.","Мне нужно получить эту работу, мне нужно получить деньги, и мне нужно уйти.",Financial Problem,5,4,finance
2236,now a  days working tension has been increased and get more tensioned,теперь рабочее напряжение увеличилось и стало еще более напряженным,Work,1,0,work
4366,"well, unfortunately, some hard times came upon my family...","ну, к сожалению, для моей семьи настали тяжелые времена...",Family Issues,2,1,family
480,hi. recently i have been stressing about a situation involving my child.,"привет. Недавно я переживал из-за ситуации, связанной с моим ребенком.",Family Issues,2,1,family
1036,i have too many things on my plate at work.,у меня слишком много дел на работе.,Work,1,0,work
2100,my stomach has been hurting and has recently gotten worse.,"у меня болел желудок, и в последнее время стало еще хуже.","Health, Fatigue, or Physical Pain",3,2,health
6010,"I really need to find someway to make some money, which means applying for jobs.","Мне действительно нужно найти способ заработать немного денег, а это значит, что я пойду искать работу.",Financial Problem,5,4,finance
4572,"I was stressed today, trying to get everything done.","Сегодня я был в стрессе, пытаясь успеть все сделать.",Everyday Decision Making,6,5,unknown
1519,i've been wondering if i should apply for promotion at work or not.,"Я думал, стоит ли мне подавать заявление на повышение на работе или нет.",Work,1,0,work
3250,I'm a bit frustrated about how long it is taking me to lose weight.,"Я немного расстроен тем, как долго мне нужно, чтобы похудеть.","Health, Fatigue, or Physical Pain",3,2,health
1796,my car has broken down and i really can't afford to fix it.,"Моя машина сломалась, и я действительно не могу позволить себе ее починить.",Financial Problem,5,4,finance
5216,He isn't putting in everything he's got and he goes to sick call everyday to avoid training.,"Он не выкладывает все, что у него есть, и каждый день ходит на больничный, чтобы избежать тренировок.",Work,1,0,work
2899,waiting on hip replacement surgery for a year has really stressed me out,ожидание операции по замене тазобедренного сустава в течение года меня очень расстроило,"Health, Fatigue, or Physical Pain",3,2,health
6254,my mom lost her job today.,моя мама сегодня потеряла работу.,Family Issues,2,1,family
1358,I'm working from home all the time.,Я все время работаю дома.,Work,1,0,work
2309,possibly being short of money,"возможно, не хватает денег",Financial Problem,5,4,finance
1041,i haven't been able to lose weight despite working out and eating healthy.,"Мне не удалось похудеть, несмотря на тренировки и здоровое питание.","Health, Fatigue, or Physical Pain",3,2,health
3782,I have been stressed out about moving.,У меня был стресс по поводу переезда.,Other,6,5,unknown
725,i didn't have the income that i expected to have for my bills,"у меня не было того дохода, который я ожидал получить по своим счетам",Financial Problem,5,4,finance
5353,The relationships with my friends from high school have completely changed and they're more painful than fulfilling.,"Отношения с моими школьными друзьями полностью изменились, и они скорее болезненны, чем приносят удовлетворение.",Social Relationships,4,3,friends
5605,Washington has been under heightened security because of the continuing threat of terrorism.,Вашингтон находится под усиленными мерами безопасности из-за сохраняющейся угрозы терроризма.,Other,6,5,unknown
164,college is super hard I'm not doing well in essay,"В колледже очень сложно, у меня не очень хорошо получается сочинение",School,1,0,work
1764,my boss whats more production from me at work!,"мой босс, а что еще от меня на работе!",Work,1,0,work
207,currently my relationship but i'm working on it.,"в настоящее время мои отношения, но я работаю над этим.",Social Relationships,4,3,friends
5671,So scared and worried that everything is falling apart.,"Так напуган и обеспокоен, что все рушится.",Emotional Turmoil,6,5,unknown
3594,"My tooth is still killing me, and that means a trip to the denist, for some severly overpriced dental work.","Мой зуб все еще убивает меня, а это означает поход к стоматологу за стоматологическими услугами, стоимость которых сильно завышена.","Health, Fatigue, or Physical Pain",3,2,health
1195,i would say work is very stressful lately. the pressure to meet stats is difficult,"я бы сказал, что работа в последнее время очень напряженная. давление, чтобы соответствовать статистике, сложно",Work,1,0,work
739,i dont know if i should be letting my kid watch so much tv.,"Я не знаю, стоит ли мне позволять моему ребенку так много смотреть телевизор.",Other,6,5,unknown
2348,"Recently, I've been stressed about finishing my school work on time","В последнее время меня беспокоило то, что я успеваю закончить школьную работу вовремя.",School,1,0,work
6064,My money situation is grim and scary.,Моя финансовая ситуация мрачна и пугающая.,Financial Problem,5,4,finance
4669,A simple unwillingness to keep up with daily routine.,Простое нежелание соблюдать распорядок дня.,Everyday Decision Making,6,5,unknown
6668,Asked me some questions about Reza and now I KNOW he's in deep trouble.,"Задал мне несколько вопросов о Резе, и теперь я ЗНАЮ, что у него большие проблемы.",Social Relationships,4,3,friends
3384,"So, I have decided that the reason for my bad moods is because I'm always tired.","Итак, я решил, что причина моего плохого настроения в том, что я всегда уставший.","Health, Fatigue, or Physical Pain",3,2,health
5811,I know I haven't been sleeping very well this past week.,"Я знаю, что плохо спал на прошлой неделе.","Health, Fatigue, or Physical Pain",3,2,health
2813,today i suddenly facing a road accident.,сегодня я внезапно попал в дорожно-транспортное происшествие.,Other,6,5,unknown
3519,My stomach has definitely shrank on the inside in the past few weeks from my lack of hunger and thus irregular eating.,"За последние несколько недель мой желудок определенно сжался изнутри из-за отсутствия голода и, следовательно, нерегулярного питания.","Health, Fatigue, or Physical Pain",3,2,health
2103,my stress timing is loss of many things.,Мой стресс связан с потерей многих вещей.,Everyday Decision Making,6,5,unknown
1260,i'm just going through a lot.,я просто через многое прохожу.,Emotional Turmoil,6,5,unknown
6428,"I get downstairs the tv room is a mess, dishes need tobe put away, and my Mom's bed needs to be made.","Я спускаюсь вниз, в комнате с телевизором беспорядок, нужно убрать посуду и заправить маминую кровать.",Everyday Decision Making,6,5,unknown
1543,I've recently been struggling to connect with people in my life,В последнее время мне было трудно общаться с людьми в моей жизни,Social Relationships,4,3,friends
133,Buying a home and figuring out how to pay for it,"Покупка дома и выяснение, как за него платить",Financial Problem,5,4,finance
2011,my mother and sister got into a fight and are no longer speaking.,моя мать и сестра поругались и больше не разговаривают.,Family Issues,2,1,family
6194,my grandpa is really really sick.,мой дедушка действительно очень болен.,Family Issues,2,1,family
3766,"I really want to plan a vacation, but COVID has made me question whether travel is safe","Я очень хочу спланировать отпуск, но COVID заставил меня задуматься, безопасно ли путешествие.",Emotional Turmoil,6,5,unknown
6304,I can't provide for them if I drop school.,"Я не смогу их обеспечить, если брошу школу.",School,1,0,work
4979,i have a history test in like 2 hours.,у меня тест по истории примерно через 2 часа.,School,1,0,work
4866,School is going to be such a bitch to get back into after all this.,После всего этого в школу будет очень тяжело возвращаться.,School,1,0,work
4106,i'm trying to decide what i wanna do in life..and after niamh's entry..i'm even more frustrated.,"я пытаюсь решить, чем хочу заниматься в жизни... и после появления Ниам... я расстраиваюсь еще больше.",Everyday Decision Making,6,5,unknown
2770,This COVID-19 is stressing me because of the amount of people who are infected.,Этот COVID-19 вызывает у меня стресс из-за количества инфицированных людей.,"Health, Fatigue, or Physical Pain",3,2,health
874,i have been having a hard time dealing with a problem at work. can you give me advice,мне было трудно справиться с проблемой на работе. можешь дать мне совет,Work,1,0,work
2628,the managers at the bakery are treating me unfairly after i helped open it.,"Менеджеры пекарни относятся ко мне несправедливо после того, как я помог ее открыть.",Work,1,0,work
168,concentrating at work,концентрация на работе,Work,1,0,work
3893,"Dammit distance, that seems to be the problem of my life.","Черт побери, это, кажется, проблема всей моей жизни.",Other,6,5,unknown
3670,Kira was sick and dying today so she couldnt make it.,"Кира сегодня болела и умирала, поэтому не смогла прийти.","Health, Fatigue, or Physical Pain",3,2,health
6550,"I'm not gonna be good at school, I don't really care to be good at school","Я не буду хорошо учиться в школе, мне все равно, чтобы хорошо учиться в школе.",School,1,0,work
3350,"Between Tom's surgery last week, a sick wife and a sick kid over the past week, and my mom's surgery this Thursday, I'm dangerous to be around.","Из-за операции Тома на прошлой неделе, больной жены и больного ребенка на прошлой неделе и операции моей мамы в этот четверг мне опасно находиться рядом.",Family Issues,2,1,family
4867,"finals are quickly aproaching, and i am seriously worried about my grades for the first time in a very long time.","Быстро приближается финал, и я впервые за очень долгое время серьезно беспокоюсь о своих оценках.",School,1,0,work
3418,"I've had a nagging lower backache for about three days now, and finally started blasting it with ibuprofen.","У меня уже три дня ноющая боль в пояснице, и, наконец, я начал лечить ее ибупрофеном.","Health, Fatigue, or Physical Pain",3,2,health
5091,I neeeeed to work on my grad school essay.,Мне нужно поработать над сочинением для аспирантуры.,School,1,0,work
4313,The days following my rejection from Re-Creation things have been weird bewteen Baney and myself.,"В дни, прошедшие после моего отказа от Re-Creation, между мной и Бэйни были странные отношения.",Social Relationships,4,3,friends
447,hi friend i have been having trouble falling asleep,"привет друг, у меня проблемы с засыпанием","Health, Fatigue, or Physical Pain",3,2,health
3750,No time to myself,Нет времени на себя,Social Relationships,4,3,friends
4129,It was tough and I'm scared to get my grade back.,"Это было тяжело, и я боюсь вернуть свою оценку.",School,1,0,work
4769,im the one makin all the effort for everything all the time and its never good enough for anyone.,"Я тот, кто постоянно прилагает все усилия для всего, и это никогда не бывает достаточно хорошо для кого-либо.",Social Relationships,4,3,friends
3437,"The lead up to it these last few days have been amazingly stressful, it's the waiting that kills you.","Подготовка к этому последние несколько дней была невероятно напряженной, именно ожидание убивает тебя.",Emotional Turmoil,6,5,unknown
4862,I'm at school again as my computer is still messed up.,"Я снова в школе, так как мой компьютер все еще не работает.",School,1,0,work
90,being hit on by coworker,на тебя нападает коллега,Work,1,0,work
3046,work has me stressed out due to the schedule from the holidays,работа вызывает у меня стресс из-за графика праздников,Work,1,0,work
3196,I am extremely tired today I can not seem to stay awake. I need to eat some good food.,Я сегодня очень устал и не могу уснуть. Мне нужно съесть немного хорошей еды.,"Health, Fatigue, or Physical Pain",3,2,health
5340,I'm tired of people trying to guilt trip me into something I don't want to do.,"Я устал от людей, которые пытаются внушить мне чувство вины и заставить меня делать то, чего я не хочу.",Social Relationships,4,3,friends
6706,i'm so tired of smoking with joe that i think i'd quit just to stop doing it with him.,"я так устала курить с Джо, что думаю, что бросила бы курить только ради того, чтобы перестать курить с ним.",Other,6,5,unknown
5240,you know what is really getting on my nerves.. having johns emotions cramping up my relationship.,"ты знаешь, что действительно действует мне на нервы... эмоции Джона портят мои отношения.",Emotional Turmoil,6,5,unknown
6717,"So yes, my schedule was fucked up, thou not in the way i expected.","Так что да, мой график был испорчен, не так, как я ожидал.",Work,1,0,work
3994,i refused to care for so long.but yah now its starting to bother me.,я так долго отказывался заботиться. но теперь это начинает меня беспокоить.,Emotional Turmoil,6,5,unknown
1840,my daughter sarah,моя дочь Сара,Family Issues,2,1,family
6613,Her husband was cheating on her with another man!,Муж изменял ей с другим мужчиной!,Social Relationships,4,3,friends
4651,Life is too much stress right now.,В жизни сейчас слишком много стресса.,Emotional Turmoil,6,5,unknown
4055,I'm getting upset that i keep missing Will and Grace!,"Я расстраиваюсь, что продолжаю скучать по Уиллу и Грейс!",Other,6,5,unknown
2166,Not being able to go outside,Не имея возможности выйти на улицу,Everyday Decision Making,6,5,unknown
6073,Money is tight though and I have to pay off these stupid student loans.,"Однако с деньгами туго, и мне приходится выплачивать эти дурацкие студенческие кредиты.",Financial Problem,5,4,finance
6095,"We didn't have enough money in the first place so, what the fuck is your problem old man?","Во-первых, у нас не было достаточно денег, так в чем, черт возьми, твоя проблема, старик?",Financial Problem,5,4,finance
6838,My baby daddy won't go with me.,Мой маленький папа не пойдет со мной.,Social Relationships,4,3,friends
4398,"I have too much work to do, and too little time.",У меня слишком много работы и слишком мало времени.,Work,1,0,work
3011,Work has been really stressful lately.,В последнее время работа была очень напряженной.,Work,1,0,work
1604,kids are sick so i had to miss work again,"дети заболели, поэтому мне снова пришлось пропустить работу",Family Issues,2,1,family
2261,"omg this shit sucks, my brain is ready to explode.","омг это отстой, мой мозг готов взорваться.",Emotional Turmoil,6,5,unknown
655,I am unable to work because of the Covid 19. It is so stressful,Я не могу работать из-за Covid 19. Это такой стресс.,Work,1,0,work
570,i am not making enough money,я зарабатываю недостаточно денег,Financial Problem,5,4,finance
6282,Been going crazy because of my parents I really dislike them a lot.,"Я схожу с ума из-за своих родителей, они мне очень не нравятся.",Family Issues,2,1,family
6035,Can't even get any from my folks and with over a week to go till I get my first payslip from my new job things are looking dicey.,"Я даже не могу получить ничего от своих родителей, а до того, как я получу свою первую расчетную ведомость с новой работы, осталось больше недели, все выглядит рискованно.",Family Issues,2,1,family
4043,I'm getting a bit sick of working at the moment.,Мне сейчас немного надоело работать.,Work,1,0,work
3289,Got a headache from stress and not eating.,Голова заболела от стресса и отказа от еды.,"Health, Fatigue, or Physical Pain",3,2,health
2162,"noisy, disrespectful, rude tenants","шумные, неуважительные, грубые арендаторы",Social Relationships,4,3,friends
2507,The Corona virus here in Washington is very stressful.,"Вирус Короны здесь, в Вашингтоне, вызывает большой стресс.","Health, Fatigue, or Physical Pain",3,2,health
5040,"At this point, I was very upset and worried about my work plans during school.",В этот момент я очень расстроился и беспокоился о своих планах работы во время учебы.,Work,1,0,work
4767,"My phone lost service and we filled the tub with cold water, sticking our feet or hands in it every so often.","Мой телефон перестал работать, и мы наполнили ванну холодной водой, время от времени засовывая в нее ноги или руки.",Other,6,5,unknown
6140,i still have issues with fitting in and my parents are fighting like crazy still and my father is incredibly abusive and controlling.,"У меня все еще есть проблемы с приспособлением, мои родители все еще ссорятся как сумасшедшие, а мой отец невероятно жестокий и контролирующий.",Family Issues,2,1,family
6214,i can't handle my little brother's sickness.,я не могу справиться с болезнью моего младшего брата.,Family Issues,2,1,family
1364,I'm worried about finding a new place to live.,Я беспокоюсь о поиске нового жилья.,Everyday Decision Making,6,5,unknown
5752,"I feel insecure, unsafe, I'm afraid that everything is going to kill me.","Я чувствую себя неуверенно, небезопасно, боюсь, что все меня убьет.",Emotional Turmoil,6,5,unknown
6253,my mom lost her job.,моя мама потеряла работу.,Family Issues,2,1,family
3416,"I fucking hate gaining weight, I hate being bloated, and tired all the freaking time, I hate this.","Я чертовски ненавижу набирать вес, ненавижу раздуваться и постоянно уставать, ненавижу это.","Health, Fatigue, or Physical Pain",3,2,health
6038,hence why i want more money!,вот почему я хочу больше денег!,Financial Problem,5,4,finance
6551,i'm stressin more and more about school.,я все больше и больше переживаю из-за школы.,School,1,0,work
4273,"I have been scheduling my GRE, which I am kind of (alot actually) nervous about.","Я планирую сдачу GRE, из-за чего (на самом деле, очень) нервничаю.",School,1,0,work
2862,trying to keep up with my research schedule.,пытаюсь идти в ногу со своим графиком исследований.,School,1,0,work
4870,i still haven't looked up what my classes are for the semester and I'm starting school tomorrow.,"Я до сих пор не узнал, какие у меня занятия на этот семестр, и завтра я иду в школу.",School,1,0,work
4804,I'm so worried all the time I can't relax.,"Я все время так волнуюсь, что не могу расслабиться.",Everyday Decision Making,6,5,unknown
6515,"I really should be working on homework, but I just have a hard time bringing myself to do it.","Мне действительно следовало бы поработать над домашним заданием, но мне просто трудно заставить себя это сделать.",School,1,0,work
6213,"So, it starts out that I'm cranky, because I had a bad weekend, and I just didn't want to go to school.","Итак, все начинается с того, что я злюсь, потому что у меня были плохие выходные, и я просто не хотел идти в школу.",Emotional Turmoil,6,5,unknown
2983,work always stresses me out; let's talk about it some more.,работа всегда меня напрягает; давайте поговорим об этом еще.,Work,1,0,work
1320,i'm stressed about where to go to school next.,"меня волнует вопрос, куда пойти в школу дальше.",School,1,0,work
5298,"I'm a little stressed right now, mainly because people around me have been so moody lately.","Я сейчас немного напряжен, главным образом потому, что люди вокруг меня в последнее время такие капризные.",Social Relationships,4,3,friends
5095,"I have a Literature exam tomorrow, I haven't even read the book yet.","Завтра у меня экзамен по литературе, я еще даже книгу не читал.",School,1,0,work
545,i am having issues with my ex husband.  he is wanting to move from town and take our son,у меня проблемы с бывшим мужем.  он хочет переехать из города и забрать нашего сына,Family Issues,2,1,family
3989,"I must be more tired than I thought, though - I'm constantly fucking things up today.","Однако я, должно быть, устал больше, чем думал: сегодня я постоянно все портю.",Everyday Decision Making,6,5,unknown
690,I been stressed out about work lately.,В последнее время у меня стресс из-за работы.,Work,1,0,work
42,All of my classes moving online,Все мои занятия переходят в онлайн,School,1,0,work
2096,my spouse had to have a biopsy done.,моему супругу пришлось сделать биопсию.,"Health, Fatigue, or Physical Pain",3,2,health
2765,This Coronavirus thing has really got me worried.,Эта ситуация с коронавирусом меня очень обеспокоила.,"Health, Fatigue, or Physical Pain",3,2,health
2254,ohh man work is just killing me today,"ох чувак, работа меня сегодня просто убивает",Work,1,0,work
6031,Which really sucks cause I have no money.,"Это действительно отстой, потому что у меня нет денег.",Financial Problem,5,4,finance
3660,"My body aches from tossing and turning all nightm waking up, falling asleep, waking up, falling asleep, when i finally slept i had more of those lucid nightmares.","Мое тело болит от того, что я ворочаюсь всю ночь, просыпаюсь, засыпаю, просыпаюсь, засыпаю, а когда я наконец заснул, мне снова снились эти осознанные кошмары.","Health, Fatigue, or Physical Pain",3,2,health
2997,"work has been crazy lately, they fired my co worker.","последнее время работа сумасшедшая, моего коллегу уволили.",Work,1,0,work
5411,went to coreys' because she blamed me and I didn't want to talk to her,"пошел к Кори, потому что она винила меня, и я не хотел с ней разговаривать",Social Relationships,4,3,friends
4836,Got frustrated while workin on my math cuz well i am so lossed on wat we are doin in that class.,"Я расстроился, пока работал над математикой, потому что я так потерян от того, что мы делаем в этом классе.",School,1,0,work
5334,"Social situations make me nervous sometimes, and I worry about the DSU student body hating me.","Социальные ситуации иногда заставляют меня нервничать, и я беспокоюсь о том, что студенты ДГУ меня ненавидят.",School,1,0,work
2678,the state of our country,состояние нашей страны,Other,6,5,unknown
124,"bills. with the holidays coming up, i just don't know how i'm going to manage.","счета. с приближением праздников я просто не знаю, как я справлюсь.",Financial Problem,5,4,finance
5916,Everyone on my team cannot stand him.,Все в моей команде его терпеть не могут.,Social Relationships,4,3,friends
2203,not having enough time in the day,не хватает времени в течение дня,Everyday Decision Making,6,5,unknown
24,a problem at work,проблема на работе,Work,1,0,work
587,"i am so ready to buy a home, but i am still a broke college student.","Я так готов купить дом, но я все еще бедный студент колледжа.",Financial Problem,5,4,finance
1714,Mostly work and money issues.,В основном вопросы работы и денег.,Work,1,0,work
2005,My mom was taken to the hospital by ambulance yesterday afternoon.,Вчера днём мою маму увезли на машине скорой помощи.,Family Issues,2,1,family
6305,My host there had a family emergency to deal with.,"У моего хозяина была семейная чрезвычайная ситуация, с которой нужно было разобраться.",Other,6,5,unknown
4467,"grandpa took us out to dinner, it was hard.","дедушка пригласил нас на ужин, это было тяжело.",Family Issues,2,1,family
4828,Getting pretty more and more worn out for school and work recently.,В последнее время все больше и больше устаю от учебы и работы.,School,1,0,work
2373,school has been recently. i want to make sure i graduate as soon as possible.,"школа была недавно. Я хочу быть уверенным, что закончу обучение как можно скорее.",School,1,0,work
5768,probablly from being so stressed out lately.,"вероятно, от такого стресса в последнее время.",Other,6,5,unknown
5179,I've been stressing over college lately.,В последнее время я переживаю из-за колледжа.,School,1,0,work
552,I am having some issues with my girlfriend at home not giving me space.,"У меня проблемы с моей девушкой дома, которая не дает мне места.",Social Relationships,4,3,friends
6614,"I think i have told some people about this, but i am getting so tired of my roommate and his boyfriend drama.","Думаю, я рассказал об этом некоторым людям, но я так устал от драмы с моим соседом по комнате и его парнем.",Social Relationships,4,3,friends
3976,I have stress and worry about my future and I have made mistakes.,"У меня стресс, я беспокоюсь о своем будущем и совершаю ошибки.",Everyday Decision Making,6,5,unknown
1235,im felling pretty ok actually altho there seems to be lots of fault in the software that we're developing for research,"на самом деле я чувствую себя вполне нормально, хотя в программном обеспечении, которое мы разрабатываем для исследований, похоже, много ошибок",Work,1,0,work
2311,potentially not being able to afford my apartment once my healthcare kicks in,"потенциально я не смогу позволить себе квартиру, как только начнет действовать мое медицинское обслуживание",Financial Problem,5,4,finance
4511,"So yeah, our schedules conflict so much, it's gonna be really hard finding time to see each other.","Так что да, наши графики настолько конфликтуют, что будет очень сложно найти время, чтобы увидеться друг с другом.",Social Relationships,4,3,friends
2771,This Covid19 pandemic is stressing me out with the kids being home from school,"Пандемия Covid19 вызывает у меня стресс, поскольку дети возвращаются из школы домой.",School,1,0,work
1644,living with my mom again has me stressed.,жизнь с мамой снова вызывает у меня стресс.,Family Issues,2,1,family
632,I am stressful about no job and need to feed my 4 months old baby.,"Я испытываю стресс из-за отсутствия работы, и мне нужно кормить своего 4-месячного ребенка.",Financial Problem,5,4,finance
3885,yes...now i'm sad because i have to work.,"да... сейчас мне грустно, потому что мне нужно работать.",Work,1,0,work
1408,it's been a pain to try and coordinate with everyone to figure out thanksgiving plans!,"было очень трудно координировать свои действия со всеми, чтобы разработать планы на День благодарения!",Family Issues,2,1,family
6826,Thats the problem in my family.,Это проблема в моей семье.,Family Issues,2,1,family
4565,everyday life is so exhausting that i can't control it. only to pick up,"повседневная жизнь настолько утомительна, что я не могу ее контролировать. только чтобы забрать",Everyday Decision Making,6,5,unknown
1178,I wish I earned enough at home so I could continue self-isolating.,"Мне бы хотелось зарабатывать достаточно дома, чтобы продолжать самоизоляцию.",Financial Problem,5,4,finance
5439,I haven't even gotten to see her because she doesn't really want me and my sisters to see her in the state she's in.,"Я даже не смог ее увидеть, потому что она на самом деле не хочет, чтобы я и мои сестры видели ее в том состоянии, в котором она находится.",Family Issues,2,1,family
4480,"Morning sickness, weird food cravings, wired up emotions.","Утреннее недомогание, странная тяга к еде, напряжённые эмоции.","Health, Fatigue, or Physical Pain",3,2,health
4385,Yeah. + I've been really paranoid about how I talk lately.,"Ага. + В последнее время я стал по-настоящему параноиком по поводу того, как я говорю.",Other,6,5,unknown
1116,i need to find a new job!,мне нужно найти новую работу!,Work,1,0,work
6409,So much work to do today it's retarded.,"Столько работы сегодня, что это отстало.",Work,1,0,work
1636,"life in general has been stressful, thank you for asking.","жизнь в целом была напряженной, спасибо, что спросили.",Everyday Decision Making,6,5,unknown
3300,Q. You've been having trouble going to sleep.,В. У вас проблемы со сном.,"Health, Fatigue, or Physical Pain",3,2,health
4868,i still have no idea and it's turning my classes into a burden i can't handle. because i'm not working toward any kind of goal it makes the whole thing,"я до сих пор понятия не имею, и это превращает мои занятия в бремя, с которым я не могу справиться. потому что я не стремлюсь к какой-либо цели, в этом и состоит все дело",School,1,0,work
3430,i've been having a lot of trouble doing that sleep thing lately. or staying asleep.,в последнее время у меня были большие проблемы со сном. или оставаться спящим.,"Health, Fatigue, or Physical Pain",3,2,health
5526,"im getting kinda sick of people constantly butting into our business, and there being the extra worry about others.","Меня уже тошнит от людей, постоянно вмешивающихся в наши дела, и от того, что я беспокоюсь о других.",Social Relationships,4,3,friends
2707,the whole covid 19 situation,вся ситуация с covid 19,"Health, Fatigue, or Physical Pain",3,2,health
4962,I'm all depressed today about school and life in general!,Я сегодня вся в депрессии из-за школы и жизни в целом!,Emotional Turmoil,6,5,unknown
806,i had to take my car into the shop and was expensive.,"Мне пришлось отвезти машину в магазин, и это было дорого.",Financial Problem,5,4,finance
2008,my money life has me down,"мои деньги, жизнь меня сбивает с толку",Financial Problem,5,4,finance
3625,I didn't sleep well or long enough and my back is kinda sore.,"Я спал плохо и недостаточно долго, и у меня немного болит спина.","Health, Fatigue, or Physical Pain",3,2,health
2834,trying to best discipline my children.,стараюсь как можно лучше дисциплинировать своих детей.,Family Issues,2,1,family
6174,"Work has been rough this week, started out the week with having to tell family that we didn't have a room for them because CP over booked us.","На этой неделе работа была тяжелой, неделя началась с того, что нам пришлось сказать семье, что у нас нет для них комнаты, потому что CP забронировала нас слишком много.",Work,1,0,work
2799,This whole Coronavirus thing and being forced to go to work has me very stressed.,Вся эта история с коронавирусом и необходимость ходить на работу вызвали у меня сильный стресс.,Work,1,0,work
6014,The only problem is that we don't have any of the money right now and I have a car payment and insurance due in about a week.,"Единственная проблема в том, что у нас сейчас нет денег, а мне нужно оплатить машину и страховку примерно через неделю.",Financial Problem,5,4,finance
5632,"like today, it makes me extremly stressed.","как и сегодня, это вызывает у меня сильный стресс.",Other,6,5,unknown
5116,SCHOOL IS ABSOLUTELY KILLING ME,ШКОЛА МЕНЯ АБСОЛЮТНО УБИВАЕТ,School,1,0,work
960,i have been trying to apply for a loan but to no avail.,"Я пытался подать заявку на кредит, но безуспешно.",Financial Problem,5,4,finance
5267,"Along with not affording it, I don't think I'm ready to move out.","Помимо того, что я не могу себе этого позволить, я не думаю, что готов уехать.",Financial Problem,5,4,finance
2742,Things at work have been hectic and this virus is crazy,"На работе было беспокойно, и этот вирус просто сумасшедший.",Work,1,0,work
2530,the coronavirus has everyone on lockdown,Коронавирус держит всех на карантине,Other,6,5,unknown
1000,i have no idea what to make for dinner,"я понятия не имею, что приготовить на ужин",Everyday Decision Making,6,5,unknown
1286,"i'm overwhelmed, need a day away from this house! going stir crazy.","Я перегружен, мне нужен день вдали от этого дома! схожу с ума.",Family Issues,2,1,family
1438,i've been having a hard time emotionally and financially lately.,в последнее время у меня были тяжелые времена эмоционально и финансово.,Financial Problem,5,4,finance
6077,I'm almost positive that my parents aren't going to get along all next weekend and that my house is going to be a hell hole.,"Я почти уверен, что мои родители не будут ладить все следующие выходные и что мой дом превратится в адскую дыру.",Family Issues,2,1,family
902,i have been sressing about not getting enough hits on turk,"я переживал из-за того, что не получил достаточно просмотров на турке",Financial Problem,5,4,finance
6640,i dont have time for alot of things and people right now which is building stress.,"У меня сейчас нет времени на многие вещи и людей, и это усиливает стресс.",Social Relationships,4,3,friends
6800,"I can't make it through school, I cause my family problems and I can't keep a man in my life.","Я не могу окончить школу, создаю проблемы в семье и не могу удержать мужчину в своей жизни.",School,1,0,work
4965,you're starting to make school unbearable.,ты начинаешь делать школу невыносимой.,School,1,0,work
6549,So I was supposed to use this weekend to study for the exam I have to retake.,"Итак, я должен был использовать эти выходные для подготовки к экзамену, который мне нужно пересдать.",School,1,0,work
3312,"I'm so tired though, I wanna sleep but I don't.","Я так устал, хочу спать, но не могу.","Health, Fatigue, or Physical Pain",3,2,health
2082,my sleep. i've had terrible insomnia for months and its wearing me down.,"мой сон. У меня была ужасная бессонница в течение нескольких месяцев, и это меня утомляло.","Health, Fatigue, or Physical Pain",3,2,health
4269,OSAP complications are stressing me out.,Сложности OSAP вызывают у меня стресс.,Work,1,0,work
2467,Taking it day by day but starting to feel like a prisoner.,"Принимаю это изо дня в день, но начинаю чувствовать себя пленником.",Emotional Turmoil,6,5,unknown
2156,no one qualifying to give me a kidney,никто не имеет права отдать мне почку,"Health, Fatigue, or Physical Pain",3,2,health
4034,i'm becoming very depressed about not getting a job.,"я впадаю в очень депрессию из-за того, что не могу найти работу.",Work,1,0,work
5541,O man big mistake telling emily what was wrong because now she doesnt like my best friend.,"О чувак, большая ошибка сказать Эмили, что случилось, потому что теперь ей не нравится моя лучшая подруга.",Social Relationships,4,3,friends
3303,My back hurts and I am having trouble sleeping.,У меня болит спина и я плохо сплю.,"Health, Fatigue, or Physical Pain",3,2,health
3019,work has been so busy and it's making me tired and stressed.,"работа была настолько загружена, что я устала и нервничала.",Work,1,0,work
2039,my proposal deadline is tomorrow and no one is sending me their stuff,"Срок моего предложения - завтра, и никто не присылает мне свои вещи",Work,1,0,work
1721,Mturk tasks pay is so low,Оплата за задания Mturk такая низкая,Work,1,0,work
1297,i'm so stressed about my finances. i don't even know where to start,"я так обеспокоен своими финансами. я даже не знаю, с чего начать",Financial Problem,5,4,finance
4037,I'm debilitated by my midterms and Dennis and I haven't been on the same page lately.,"Я устал от промежуточных экзаменов, и мы с Деннисом в последнее время не были на одной волне.",School,1,0,work
1667,man we're having a lot of isssues with the new house,"чувак, у нас много проблем с новым домом",Everyday Decision Making,6,5,unknown
851,i have an employee who calls in sick all the time and isn't doing her job.,"У меня есть сотрудница, которая постоянно заболевает и не выполняет свою работу.",Work,1,0,work
5519,ome people get pissed at me and just dont talk to me anymore and they never even talked to me about it like tina.,"Некоторые люди злятся на меня и просто больше не разговаривают со мной, и они даже никогда не говорили со мной об этом, как Тина.",Social Relationships,4,3,friends
5636,what happened to Michael today makes me angrier than I've been in a long time.,"то, что случилось с Майклом сегодня, злит меня сильнее, чем когда-либо за долгое время.",Social Relationships,4,3,friends
5422,"Christmas time, especially lately is becoming more annoying, not because I don't like Christmas but because it's being turned into a political corectness nightmare.","Рождество, особенно в последнее время, становится все более раздражающим, не потому, что я не люблю Рождество, а потому, что оно превращается в кошмар политической корректности.",Other,6,5,unknown
5213,"when people, friends, get mad at me because my schedule doesnt revolve around them.","когда люди, друзья, злятся на меня, потому что мое расписание не зависит от них.",Social Relationships,4,3,friends
1580,just some personal stuff.,просто какие-то личные вещи.,Emotional Turmoil,6,5,unknown
6524,"I have so much homework to do this week, it's crazy.","У меня так много домашней работы на этой неделе, это безумие.",School,1,0,work
2200,"not having enough money to save, eat, and necessities.","не имея достаточно денег, чтобы накопить, поесть и предметы первой необходимости.",Financial Problem,5,4,finance
1466,I've been recently stressing about the economy.,В последнее время я подчеркиваю важность экономики.,Financial Problem,5,4,finance
1487,I've been stressed out with trying to work from home with my daughter home,"Я был в стрессе из-за того, что пытался работать дома, пока моя дочь была дома.",Work,1,0,work
4816,"Last night when I got home, mad from work, as seems to be the case lately too often, I asked tsb to make dinner.","Вчера вечером, когда я вернулся домой, разозлившись на работу, как это, кажется, слишком часто случается в последнее время, я попросил TSB приготовить ужин.",Work,1,0,work
896,I have been really stressed over money concerns and coronavirus.,Я очень переживал из-за проблем с деньгами и коронавируса.,Financial Problem,5,4,finance
3682,I've been worrying a lot about coronavirus lately and vulnerable family members,В последнее время я много беспокоюсь о коронавирусе и уязвимых членах семьи.,Family Issues,2,1,family
5420,He's a friend that hasn't had much positive stability in his life.,"Он друг, у которого в жизни не было особой позитивной стабильности.",Social Relationships,4,3,friends
1871,my fiance is in jail,мой жених в тюрьме,Emotional Turmoil,6,5,unknown
4418,"unfortunately, I have to go to work today and won't be able to watch it!","К сожалению, мне сегодня нужно идти на работу, и я не смогу это посмотреть!",Other,6,5,unknown
2140,my work/life balance aren't in line with each other,мой баланс между работой и личной жизнью не соответствует друг другу,Work,1,0,work
3921,I am tired and I only barely did the work I was supposed to do and I feel nasty.,"Я устал, едва выполнил работу, которую должен был сделать, и чувствую себя отвратительно.",Work,1,0,work
378,"have been trying to clean and organize my closet, what a mess!","Пытаюсь навести порядок в своем шкафу, какой беспорядок!",Everyday Decision Making,6,5,unknown
3879,my constant absenteeism is starting to become a problem.,мои постоянные прогулы начинают становиться проблемой.,Everyday Decision Making,6,5,unknown
3293,The combination of the lack of sleep and the massive disappointment in myself is causing me to become emotionally unstable.,"Сочетание недостатка сна и огромного разочарования в себе приводит к тому, что я становлюсь эмоционально нестабильным.",Emotional Turmoil,6,5,unknown
3330,i worried what would happen to me late at night when everyone else is sleeping.if i could just sleep i could handle this.,"Я беспокоился, что произойдет со мной поздно ночью, когда все остальные спят. Если бы я мог просто поспать, я бы с этим справился.","Health, Fatigue, or Physical Pain",3,2,health
1974,my kids and their school and activities schedule.,"мои дети, их школа и расписание мероприятий.",School,1,0,work
5154,I have to work tomorrow and I don't get monday off.,"Мне завтра на работу, а в понедельник у меня нет выходного.",Other,6,5,unknown
12,A house almost fell on my earlier.  It really did.,Раньше на меня чуть не упал дом.  Это действительно так.,"Health, Fatigue, or Physical Pain",3,2,health
5346,"erin dosnt like me, my girlfriend broke up with me and im losing my friends.","Эрин я не нравлюсь, моя девушка рассталась со мной, и я теряю друзей.",Social Relationships,4,3,friends
6712,my boss is a bad person.,мой босс плохой человек.,Work,1,0,work
6045,"I can't afford my car insurance as it is, let alone if the rates went up.","Я не могу позволить себе страховку автомобиля в нынешнем виде, не говоря уже о том, если бы тарифы выросли.",Financial Problem,5,4,finance
3548,"Like my mom, for example, she has breast surgery and now she has a headache and is somewhat depressed, and I just feel very bad for her.","Как, например, моя мама, она сделала операцию на груди, и теперь у нее болит голова и она в какой-то депрессии, и мне ее очень жаль.",Family Issues,2,1,family
369,great stress about work,сильный стресс на работе,Work,1,0,work
62,applying for a writing grant with many requirements.,подача заявки на письменный грант со многими требованиями.,Work,1,0,work
402,having to type messages on my phone.,мне приходится набирать сообщения на телефоне.,Other,6,5,unknown
3794,Thinking about the virus,Думая о вирусе,Social Relationships,4,3,friends
4104,I'm tired of worrying about school.,Я устал беспокоиться о школе.,School,1,0,work
854,i have an essay due tomorrow and i haven't started,"завтра мне нужно написать эссе, а я еще не начал",School,1,0,work
2531,The Coronavirus has got me scared for older people in my life.,Коронавирус заставил меня бояться пожилых людей в моей жизни.,"Health, Fatigue, or Physical Pain",3,2,health
4506,"Too intelligent to lay around the house all day, they become neurotic if left alone for long periods.","Слишком умные, чтобы целый день лежать дома, они становятся невротиками, если их надолго оставлять в покое.",Other,6,5,unknown
6263,i was so worried things would be bad this weekend and get me all upset so i can't study and do well on my 2 exams.,"Я так волновалась, что в эти выходные все будет плохо, и я расстроюсь, что не смогу учиться и хорошо сдать два экзамена.",School,1,0,work
541,i am having car issues,у меня проблемы с машиной,Other,6,5,unknown
1477,I've been stressed about my romantic relationship lately.,В последнее время меня беспокоят мои романтические отношения.,Social Relationships,4,3,friends
5335,"My boyfriend. I haven't seen him, or been able to communicate easily, for nearly a month.",Мой парень. Я не видел его и не мог свободно общаться уже почти месяц.,Social Relationships,4,3,friends
1838,my daughter is having issues in kindergarten with someone stealing her stuff.,у моей дочери проблемы в детском саду: кто-то украл ее вещи.,Family Issues,2,1,family
2878,ugh let me tell you,"ух, позволь мне сказать тебе",Other,6,5,unknown
5532,The degree of my addiction is sad and scary.,Степень моей зависимости печальна и пугает.,"Health, Fatigue, or Physical Pain",3,2,health
1731,my baby is learning to climb out of her crib,мой ребенок учится вылезать из кроватки,Other,6,5,unknown
6644,i cant stand things of mine disappearing. not being able to trust the people you live with,"Я терпеть не могу, когда мои вещи исчезают. неспособность доверять людям, с которыми живешь",Family Issues,2,1,family
1254,i'm in the middle of a messy divorce.,я нахожусь в процессе грязного развода.,Emotional Turmoil,6,5,unknown
6112,I'm so tired of the stress of keeping after a landlord with no ethics.,"Я так устал от стресса, связанного с преследованием домовладельца, лишенного этики.",Social Relationships,4,3,friends
747,i don't know where i should work,"я не знаю, где мне работать",Work,1,0,work
6744,"I feel under a lot of pressure lately, things with my gf are shakey.. i really do not wish to get into it.","В последнее время я чувствую сильное давление, дела с моей девушкой шаткие.. я действительно не хочу вдаваться в подробности.",Social Relationships,4,3,friends
6546,My class drive me insane and people in it annoy me.,"Мой класс сводит меня с ума, и люди в нем меня раздражают.",School,1,0,work
4337,"Thinking some, and realized that Im gonna have a hard time working with my whole situation going on.","Подумав немного, я понял, что мне будет трудно работать со всей моей ситуацией.",Work,1,0,work
6376,we're all just so damn busy with work and with other things that it is so difficult to coincide schedules and get together for half an hour.,"мы все настолько чертовски заняты работой и другими делами, что так сложно согласовать графики и собраться на полчаса.",Social Relationships,4,3,friends
887,i have been looking for a new job,я искал новую работу,Work,1,0,work
231,deciding if i should work out or not,"решаю, стоит ли мне тренироваться или нет","Health, Fatigue, or Physical Pain",3,2,health
4251,No wonder like I feel like I'm struggling with my identity lately...,"Неудивительно, что в последнее время я чувствую, что борюсь со своей личностью...",Emotional Turmoil,6,5,unknown
3961,"I have been frustrated, trying to sort things out.","Я был расстроен, пытаясь разобраться во всем.",Everyday Decision Making,6,5,unknown
6227,He cheated on my mom.,Он изменил моей маме.,Family Issues,2,1,family
450,"Hi friend, I often had stress in deciding a meal. please help me how to handle this stre","Привет, друг, у меня часто возникал стресс при принятии решения о еде. пожалуйста, помогите мне, как справиться с этой проблемой",Everyday Decision Making,6,5,unknown
5793,i'm sick of being worried about it all the time.,мне надоело постоянно об этом беспокоиться.,Emotional Turmoil,6,5,unknown
5925,so my life has been so stressful lately.,поэтому моя жизнь в последнее время была такой напряженной.,Emotional Turmoil,6,5,unknown
2688,The uncertainty about my workload over the next couple months is stressing me out.,Неопределенность относительно моей рабочей нагрузки в ближайшие пару месяцев меня напрягает.,Work,1,0,work
2239,"oh boy, where to start! i guess my biggest stressor is my boss.","о боже, с чего начать! Я думаю, мой самый большой стрессор - это мой босс.",Work,1,0,work
5997,"She's under a bit of stress and feels like she's in a permanent rut down here, especially in the financial spectrum.","Она находится в состоянии небольшого стресса и чувствует, что у нее здесь постоянная колея, особенно в финансовой сфере.",Financial Problem,5,4,finance
3787,Classes have been super stressful lately,Занятия в последнее время были очень напряженными,School,1,0,work
1351,i'm trying to pay off credit cards,я пытаюсь расплатиться по кредитной карте,Financial Problem,5,4,finance
2703,The virus that is spreading.,"Вирус, который распространяется.",Other,6,5,unknown
6766,I am tired of losing money.,Я устал терять деньги.,Financial Problem,5,4,finance
2704,the washing machine is broken and i'm really behind on laundry.,"стиральная машина сломана, и я сильно запаздываю со стиркой.",Everyday Decision Making,6,5,unknown
4717,"I had a lot of stress at home and school, with the added stress of work, and people that didn't take me seriously, it was just a bad year.","У меня был большой стресс дома и в школе, плюс дополнительный стресс на работе и люди, которые не воспринимали меня всерьез, это был просто плохой год.",School,1,0,work
4686,everyday I feel like I have messed something up.,"каждый день мне кажется, что я что-то напутал.",Everyday Decision Making,6,5,unknown
3637,I have some other stuff on my mind but I don't feel like sharing. I'm stressed because I need a new job.,"У меня есть еще кое-что на уме, но мне не хочется делиться. Я в стрессе, потому что мне нужна новая работа.",Emotional Turmoil,6,5,unknown
5217,My roomate is having some crazy boyfriend problems.,У моей соседки по комнате какие-то сумасшедшие проблемы с парнем.,Social Relationships,4,3,friends
1334,i'm stressing out about bills. how about you?,я переживаю из-за счетов. а ты?,Financial Problem,5,4,finance
2541,The coronavirus pandemic is taking a toll on me financially.,Пандемия коронавируса наносит мне финансовый ущерб.,Financial Problem,5,4,finance
3939,I feel frustrated by how long it is taking to finish household tasks. 2.,"Меня расстраивает то, сколько времени уходит на выполнение домашних дел. 2.",Other,6,5,unknown
5892,Insecurities and the inability to deal with them.,Неуверенность и неспособность с ними справиться.,Emotional Turmoil,6,5,unknown
5679,I think it finally sunk it that my dog of 13 years had died.,"Я думаю, что наконец-то до меня дошло, что моя 13-летняя собака умерла.",Family Issues,2,1,family
3191,"He needs to start eating, though, and his lack of appetite is discouraging.","Однако ему нужно начать есть, и отсутствие аппетита обескураживает.",Social Relationships,4,3,friends
217,dealing with finding a daycare for my daughter,занимаюсь поиском детского сада для моей дочери,Family Issues,2,1,family
6789,i feel bad for my mom i keep putting her through shit.,"мне жаль свою маму, я продолжаю заставлять ее проходить через это дерьмо.",Family Issues,2,1,family
6094,There is so much shame attached to money in my family.,В моей семье так много стыда связано с деньгами.,Family Issues,2,1,family
6372,My mom got me sick.,Моя мама меня заболела.,Family Issues,2,1,family
2446,Stressed about COVID-19 my health and my job,"Стресс из-за COVID-19, моего здоровья и работы",Work,1,0,work
5182,People at my school suck.,Люди в моей школе — отстой.,School,1,0,work
3826,I'm homeschooling my son and he's struggling to stay focuses,"Я обучаю своего сына на дому, и он изо всех сил пытается сосредоточиться",School,1,0,work
2643,The pandemic is causing me a great deal of stress.,Пандемия вызывает у меня большой стресс.,"Health, Fatigue, or Physical Pain",3,2,health
6297,My brother's friends are over and they are arguing over it.,Друзья моего брата приехали и спорят из-за этого.,Family Issues,2,1,family
4876,"omggggggggggggg school is stressing me out so bad, i have like a total of tests to make up its sucks the biggest dick.","омгггггггггггг школа меня так напрягает, что мне нужно сдать кучу тестов, чтобы компенсировать это отстой, самый большой член.",School,1,0,work
935,i have been stressing a lot about my failing relationship with my girl.,я много переживал из-за своих неудачных отношений с девушкой.,Social Relationships,4,3,friends
1273,"i'm not at liberty to disclose that, but it's something weighing down heavy on me.","Я не имею права раскрывать это, но это тяжело давит на меня.",Emotional Turmoil,6,5,unknown
3348,while taking those drink so much alcohol so then there has to be something that will happen to me and then maybe he'll feel bad. here,"пока они принимают так много алкоголя, что со мной должно что-то случиться, и тогда, возможно, ему станет плохо. здесь",Other,6,5,unknown
2864,trying to make more money has me stressed out.,попытка заработать больше денег вызвала у меня стресс.,Financial Problem,5,4,finance
4639,i'm actually really stressed about finding an apartment because i have to be moved out by dec.,"на самом деле я очень переживаю из-за поиска квартиры, потому что к декабрю мне нужно переехать.",Other,6,5,unknown
5675,"I felt so scared when I was pregnant, like where are we going to get money to raise another human?!?!","Мне было так страшно, когда я была беременна, типа, где мы возьмем деньги, чтобы вырастить еще одного человека?!?!",Financial Problem,5,4,finance
5003,"It just gets so boring, and school REALLY is starting to suck. and Mr. Laber and Ms. Nyarady do not help.","Становится так скучно, и школа ДЕЙСТВИТЕЛЬНО начинает отстой. а г-н Лабер и г-жа Ньяради не помогают.",School,1,0,work
4042,i'm frustrated about school and about getting where i want to be.,"я расстроен из-за школы и из-за того, что я достиг того, чего хочу.",School,1,0,work
2296,people at work are so rude,люди на работе такие грубые,Work,1,0,work
5741,"Everyone, I repeat, everyone fears the Inevitable Moment.","Все, повторяю, все боятся Неизбежного Момента.",Other,6,5,unknown
84,being a new mom and trying to find time to myself,быть молодой мамой и пытаться найти время для себя,Family Issues,2,1,family
5431,i really dont like working everyday. and my days off are not the same as anyone elses and that makes me sad. in other news.,"мне действительно не нравится работать каждый день. и мои выходные не такие, как у других, и это меня огорчает. в других новостях.",Work,1,0,work
5599,I'm kinda distraught and no one is here to talk to.,"Я немного расстроен, и мне не с кем поговорить.",Emotional Turmoil,6,5,unknown
462,Hi my friend. I need your help.,"Привет, мой друг. Мне нужна ваша помощь.",Other,6,5,unknown
4,a certain person at work is being really angry with me lately.,один человек на работе в последнее время очень злится на меня.,Work,1,0,work
5071,So right now school is getting crazy with the amount of work.,Так что сейчас школа сходит с ума от объема работы.,School,1,0,work
3326,That's probably one of the reasons I had so much trouble sleeping last night.,"Вероятно, это одна из причин, по которой мне было так трудно заснуть прошлой ночью.","Health, Fatigue, or Physical Pain",3,2,health
4647,There are so many things I have to do and not enough time to do them.,"Мне нужно сделать так много дел, а времени на них не хватает.",Everyday Decision Making,6,5,unknown
5762,"We are in dire need of a nice place to refer, especially since the incident with the heart medication dog.","Нам очень нужно хорошее место, куда можно было бы обратиться, особенно после инцидента с собакой, лечащей сердце.",Other,6,5,unknown
1052,i hear that there may be a storm coming and i work outside.,"Я слышу, что может быть гроза, и работаю на улице.",Work,1,0,work
3113,working part time job,работа неполный рабочий день,Work,1,0,work
7,a few things - i can fill you in later when we chat,"кое-что — я могу рассказать вам позже, когда мы поболтаем",Other,6,5,unknown
6665,You feel like you are out of control with your emotions.,"Вы чувствуете, что вышли из-под контроля своих эмоций.",Emotional Turmoil,6,5,unknown
5866,Too much stress in my life.,Слишком много стресса в моей жизни.,Emotional Turmoil,6,5,unknown
848,i have a ton of stuff to do at work,у меня куча дел на работе,Work,1,0,work
2238,o have a lot on my plate right now with work and school,у меня сейчас много дел на работе и учебе,Work,1,0,work
2922,well i was at work and i been stressed out becuase theres alot of people coming at,"ну, я был на работе и был в стрессе, потому что сюда приходит много людей",Work,1,0,work
5634,We made a terrible mistake.,Мы совершили ужасную ошибку.,Other,6,5,unknown
2701,"The virus situation, I'm not sure when I'll be able to work again","Ситуация с вирусом, я не уверен, когда снова смогу работать.",Work,1,0,work
653,i am trying to write my thesis,я пытаюсь написать диссертацию,School,1,0,work
6354,My mother is driving me crazy.,Моя мать сводит меня с ума.,Family Issues,2,1,family
968,i have been worried about getting everything ready for our party on saturday.,"Я беспокоился о том, чтобы все подготовить к нашей вечеринке в субботу.",Social Relationships,4,3,friends
6825,"her parents, god, especially her mom pisses me off. not believing her, not caring enough for her. what a horrible mom, in my eyes.","ее родители, боже, особенно меня бесит ее мама. не верил ей, недостаточно заботился о ней. какая ужасная мама, на мой взгляд.",Family Issues,2,1,family
2600,the fact that we just opened a new shop for the business and there's still bugs that nee,"тот факт, что мы только что открыли новый магазин для бизнеса, и все еще есть ошибки, которые не нужны",Work,1,0,work
1009,i have one close friend . and i have fight with her. she did not talk to me . so i am ve,у меня есть один близкий друг. и я ссорюсь с ней. она не разговаривала со мной. так что я ве,Social Relationships,4,3,friends
929,i have been stressed out about finances and how to get everything paid,"меня беспокоили финансы и то, как все оплатить",Financial Problem,5,4,finance
5710,I get so nervous in those types of situations I don't even work on my audition,"Я так нервничаю в таких ситуациях, что даже не работаю на прослушивании.",Emotional Turmoil,6,5,unknown
4173,I've been terrible about keeping this updated since coming back to PA.,"Я ужасно старался держать это в курсе с тех пор, как вернулся в Пенсильванию.",Other,6,5,unknown
2362,School,Школа,School,1,0,work
6261,My brother and I have been arguing and having disagreements at work.,Мы с братом ссорились и имели разногласия на работе.,Family Issues,2,1,family
6173,I'm in so much trouble with my mom.,У меня такие проблемы с мамой.,Family Issues,2,1,family
251,due to certain circumstances that have donned on me it has been tough to meet financial,"из-за определенных обстоятельств, которые на меня наложили, мне было трудно удовлетворить финансовые",Financial Problem,5,4,finance
3132,worrying about meeting financial obligations and paying bills,беспокойство о выполнении финансовых обязательств и оплате счетов,Financial Problem,5,4,finance
2711,The work here is overwhelming,Работа здесь огромная,Work,1,0,work
5967,"I was barely able to maintain any retail shows, and thats where the serious money is.","Мне едва удавалось поддерживать какие-либо розничные выставки, и именно в этом заключаются серьезные деньги.",Financial Problem,5,4,finance
1535,i've had horrible tooth problems that require surgery and i do not have enough money to,"У меня были ужасные проблемы с зубами, требующие хирургического вмешательства, и у меня не было достаточно денег, чтобы",Financial Problem,5,4,finance
6843,My mother is pissing me off.,Моя мать бесит меня.,Family Issues,2,1,family
4905,I have to head to college a few times tomorrow to finish up paper work for my scholarship!,"Завтра мне нужно несколько раз отправиться в колледж, чтобы закончить работу над документами для получения стипендии!",School,1,0,work
3356,"Not only did it hurt like hell, but now I have to wait an entire week to find out the results of the biopsy.","Мало того, что было чертовски больно, так еще и теперь мне придется ждать целую неделю, чтобы узнать результаты биопсии.","Health, Fatigue, or Physical Pain",3,2,health
2462,Super stresses about coronavirus and its impact on my job and my finances,Суперстресс из-за коронавируса и его влияния на мою работу и мои финансы,Work,1,0,work
1715,mostly work and working too many hours,в основном работаю и работаю слишком много часов,Work,1,0,work
1648,Looking for a Job,Ищу работу,Work,1,0,work
1698,money or lack thereof. money is always stressful.,деньги или их отсутствие. деньги – это всегда стресс.,Financial Problem,5,4,finance
4381,Work was going quite badly for me.,Работа у меня шла совсем плохо.,Work,1,0,work
4646,Work has been stessful and other stuff has been even more stressful.,"Работа была напряженной, а другие вещи были еще более напряженными.",Work,1,0,work
614,I am stressed about the virus effect on the economy,Меня беспокоит влияние вируса на экономику,Financial Problem,5,4,finance
2932,"well, i have a bunch of tests for school coming up.","ну, у меня впереди куча тестов в школе.",School,1,0,work
3672,"Pain so bad that I couldn't eat, sleep, pee, walk, etc.","Боль была настолько сильной, что я не мог есть, спать, писать, ходить и т. д.","Health, Fatigue, or Physical Pain",3,2,health
1622,"lately, i have been really stressed about a project i am working on in school.","в последнее время меня очень беспокоит проект, над которым я работаю в школе.",School,1,0,work
507,how busy i am at work.,насколько я занят на работе.,Work,1,0,work
4082,I'm sick of working and planning and long-term goals.,"Мне надоело работать, планировать и долгосрочные цели.",Work,1,0,work
3355,"To make things worse, I'm four weeks out of knee surgery and long periods of standing can be quite painful.","Что еще хуже, мне осталось четыре недели до операции на колене, и длительное стояние может быть довольно болезненным.","Health, Fatigue, or Physical Pain",3,2,health
3765,Finances. The reduced hours at work have me scrambling for cash.,Финансы. Сокращение рабочего времени заставляет меня бороться за наличные.,Work,1,0,work
1743,"my boss has been crazy lately, threatened to let me go.","мой босс в последнее время сошел с ума, угрожал меня отпустить.",Work,1,0,work
1924,my husband is stressing me out. he lost his job and he's been home waay to much!!,мой муж меня напрягает. он потерял работу и слишком много бывал дома!!,Emotional Turmoil,6,5,unknown
5023,"It's getting really scary now as to what I will be doing, this time when I have left school.","Теперь становится по-настоящему страшно, что я буду делать, на этот раз, когда я закончу школу.",School,1,0,work
4787,i hate that we have a new one due every two weeks.,"ненавижу, что каждые две недели у нас появляется новый.",School,1,0,work
2396,"school work, life, choices","школьная работа, жизнь, выбор",School,1,0,work
1620,lately the biggest stressor for me has been deadlines at work after year end.,в последнее время самым большим стрессом для меня были сроки на работе после конца года.,Work,1,0,work
6115,I didn't go shopping because I don't have a lot of money.,"Я не ходил по магазинам, потому что у меня мало денег.",Financial Problem,5,4,finance
2739,they have predicted severe weather for today.,они предсказали на сегодня суровую погоду.,Other,6,5,unknown
2173,not being able to save money from my paycheck,не могу откладывать деньги из своей зарплаты,Financial Problem,5,4,finance
2803,this whole ivf proces,весь этот процесс ЭКО,"Health, Fatigue, or Physical Pain",3,2,health
4796,it's always those times when you have SO much on your mind that it's hard to write one because you don't know where to start.,"всегда наступают такие моменты, когда у тебя ТАК много мыслей на уме, что трудно написать, потому что не знаешь, с чего начать.",Other,6,5,unknown
1791,"my car broke down again, but i can't afford a new one.","Моя машина снова сломалась, но я не могу позволить себе новую.",Financial Problem,5,4,finance
4063,im just really worried about things lately...idk...,я просто очень беспокоюсь о вещах в последнее время...не знаю...,Everyday Decision Making,6,5,unknown
3629,He wasn't in the best of shape when it all went down.,"Когда все пошло наперекосяк, он был не в лучшей форме.",Emotional Turmoil,6,5,unknown
3873,"I dunno lah, my whole cycle seems to be screwed up.. from this jobhunting stress I think! Sheesh..","Я не знаю, да, кажется, весь мой цикл испортился ... я думаю, из-за этого стресса при поиске работы! Блин..",Work,1,0,work
512,how to get out of the relationship that i am in. i am tired of feeling used.,"как выйти из отношений, в которых я нахожусь. Я устал чувствовать себя использованным.",Social Relationships,4,3,friends
6165,I am very worried about my mother.,Я очень волнуюсь за свою мать.,Family Issues,2,1,family
554,I am having trouble finding a job,У меня проблемы с поиском работы,Work,1,0,work
2554,The Cover pandemic has been stressing me out,Пандемия обложки меня напрягла,"Health, Fatigue, or Physical Pain",3,2,health
1704,money situation has been the biggest stress for me,денежная ситуация была для меня самым большим стрессом,Financial Problem,5,4,finance
5343,"A close friend of his passed away the other day, in a car accident.",На днях в автокатастрофе погиб его близкий друг.,Social Relationships,4,3,friends
1240,I'm having a hard time getting a job. This virus doesn't help with the job search.,Мне трудно найти работу. Этот вирус не помогает в поиске работы.,Work,1,0,work
5099,the fact I really need to get good grades this year.,"тот факт, что мне действительно нужно получить хорошие оценки в этом году.",School,1,0,work
1360,im worried about asking for that raise at work,я боюсь просить о повышении на работе,Work,1,0,work
2561,The COVID-19 mess has been stressing me out.,Беспорядок с Covid-19 меня напрягает.,Emotional Turmoil,6,5,unknown
2980,work,работа,Work,1,0,work
1016,i have so much to do around my house i don't kow where to begin first.,"У меня так много дел по дому, что я не знаю, с чего начать в первую очередь.",Everyday Decision Making,6,5,unknown
3990,"I need a lot of looking after, and I get quite anxious when my mum isn't around.","За мной нужно много присматривать, и я очень волнуюсь, когда мамы нет рядом.",Family Issues,2,1,family
5659,I dont think Im goin to be able to handle this whole week.,"Не думаю, что смогу выдержать всю эту неделю.",Other,6,5,unknown
2323,problem with a girlfriend,проблема с девушкой,Social Relationships,4,3,friends
1975,my kids are driving me crazy,мои дети сводят меня с ума,Family Issues,2,1,family
3741,I've been thinking about the future a lot so it's been hard for me to manage the stress.,"Я много думал о будущем, поэтому мне было трудно справиться со стрессом.",Other,6,5,unknown
2285,"Past relationship, work, and pandemic crisis","Прошлые отношения, работа и пандемический кризис",Work,1,0,work
5901,my stress levels cant handle this!!,мой уровень стресса не выдержит этого!!,Other,6,5,unknown
4211,Makes me weary for the day they inevitably run out of ways to raise the level.,"Меня утомляет тот день, когда у них неизбежно закончатся способы повысить уровень.",Other,6,5,unknown
5176,"well, it scares me because what if the same thing happens when I'm done with college?","ну, это меня пугает, а что, если то же самое произойдет, когда я закончу колледж?",School,1,0,work
734,i don't have enough time to cook so i spend too much money on restaurants,"у меня нет времени готовить, поэтому я трачу слишком много денег на рестораны",Financial Problem,5,4,finance
2509,The corona virus is really stressing me out!,Вирус короны меня очень напрягает!,"Health, Fatigue, or Physical Pain",3,2,health
3730,this darn covid has been stressing me out. people don't listen!,этот чертов ковид меня напрягает. люди не слушают!,"Health, Fatigue, or Physical Pain",3,2,health
579,"I am panicking, I receive zero income during this Coronavirus pandemic. Idk what to do!","Я в панике, во время пандемии коронавируса я получаю нулевой доход. Я не знаю, что делать!",Work,1,0,work
4383,Working on my resume has gotten me so frustrated.,Работа над резюме меня очень расстроила.,Work,1,0,work
4733,It's hard to put into words the different emotions and thoughts that run through my head on a daily basis.,"Трудно выразить словами различные эмоции и мысли, которые ежедневно приходят мне в голову.",Emotional Turmoil,6,5,unknown
4207,Living Reseda makes me increasingly uncomfortable every time something like this happens.,"Жизнь в Резеде заставляет меня чувствовать себя все более неуютно каждый раз, когда происходит что-то подобное.",Other,6,5,unknown
4195,Lately I've been frustrated by the day job.,В последнее время меня расстраивает повседневная работа.,Work,1,0,work
6723,Shit get hard and stresses me out and it's so hard to get by and right now I'm just trying to relieve the stress and get through it all.,"Дерьмо становится все труднее и вызывает у меня стресс, и с этим так трудно справиться, и сейчас я просто пытаюсь снять стресс и пережить все это.",Emotional Turmoil,6,5,unknown
237,"didn't have the money to enroll for classes until today, yikes","до сегодняшнего дня у меня не было денег, чтобы записаться на занятия, да",Financial Problem,5,4,finance
4543,when i start to stress about work i eat.,"когда я начинаю переживать из-за работы, я ем.",Work,1,0,work
5364,She's sad because she thinks that people view her as 'the bitchy' girlfriend.,"Ей грустно, потому что она думает, что люди считают ее «стервозной» девушкой.",Social Relationships,4,3,friends
5096,"Math test was today, I don't think I did too well.","Сегодня был тест по математике, думаю, я справился не слишком хорошо.",School,1,0,work
3773,I don't feel like I'm making any progress.,"Я не чувствую, что добиваюсь какого-либо прогресса.",Everyday Decision Making,6,5,unknown
6235,"Great, M caused a fight between brothers.","Отлично, М спровоцировал драку между братьями.",Family Issues,2,1,family
843,i have a really big test coming up next week.,на следующей неделе у меня очень большой тест.,School,1,0,work
1392,it has been a very stressful day for me,для меня это был очень напряженный день,Other,6,5,unknown
723,I did terrible on an exam yesterday.,Вчера я ужасно сдал экзамен.,School,1,0,work
3409,No one is able or willing to give me a ride to get my shit.,Никто не может и не хочет подвезти меня за моим дерьмом.,Social Relationships,4,3,friends
4232,My job has really screwed with me.,Моя работа мне очень надоела.,Work,1,0,work
4456,"Its been on my mind a lot today, the suspense is killing me.","Сегодня я много думал об этом, напряжение убивает меня.",Emotional Turmoil,6,5,unknown
23,a person i work with is driving me crazy,"человек, с которым я работаю, сводит меня с ума",Work,1,0,work
5004,I hate all the work in school.,Я ненавижу всю работу в школе.,School,1,0,work
4589,"I was sooo frustrated. Because okay, it's stressful enough to be responsible for finding almost everything all week.","Я был ооочень расстроен. Потому что ладно, это достаточно стрессово — всю неделю отвечать за поиск почти всего.",Everyday Decision Making,6,5,unknown
2170,not being able to make up my mind what to cook,"не могу решить, что приготовить",Everyday Decision Making,6,5,unknown
6191,my dad is very upset about it and since everything went down mine and my father's relationship really went down hill and things have been extra crazy since then.,"мой отец очень расстроен из-за этого, и поскольку все пошло не так, мои отношения и отношения моего отца действительно ухудшились, и с тех пор все стало еще более сумасшедшим.",Family Issues,2,1,family
6301,"This year I feel like I HAVE to get my dad something, which is REALLY strange because he hasn't been a great father at all this yr.","В этом году я чувствую, что ДОЛЖЕН подарить что-нибудь отцу, что ОЧЕНЬ странно, потому что в этом году он вообще не был отличным отцом.",Family Issues,2,1,family
5918,I HAVE BEEN FEELING VERY SICKLY AND SAD THESE DAYS.,ЭТИ ДНИ МНЕ ЧУВСТВОВАЛО ОЧЕНЬ ПЛОХО И ГРУСТНО.,"Health, Fatigue, or Physical Pain",3,2,health
5775,I'm always scared of forgetting something.,Я всегда боюсь что-то забыть.,Other,6,5,unknown
5142,I have a math quiz tomorrow I know I will fail.,"Завтра у меня контрольная по математике, я знаю, что провалю.",School,1,0,work
3546,Her daughter is sick and freaking out about the grandmother.,Ее дочь больна и волнуется из-за бабушки.,Family Issues,2,1,family
2743,things just keep piling up politically.,политические события просто продолжают накапливаться.,Other,6,5,unknown
1818,My cousin thinks she might have covid-19,"Моя двоюродная сестра думает, что у нее может быть Covid-19.","Health, Fatigue, or Physical Pain",3,2,health
160,classes at my college,занятия в моем колледже,School,1,0,work
1274,i'm not getting along with my husband.,я не лажу с мужем.,Family Issues,2,1,family
2063,my roommate wants to bring a fridge but there isn't room for it.,"Мой сосед по комнате хочет принести холодильник, но для него нет места.",Other,6,5,unknown
1172,I went to the store and I cannot buy anything I need because of the panic buying.,Я пошла в магазин и не могу купить ничего нужного из-за панических покупок.,Everyday Decision Making,6,5,unknown
493,"honestly i have been really stressed about my finances, i need another job..","честно говоря, я очень переживал из-за своих финансов, мне нужна другая работа..",Financial Problem,5,4,finance
5212,"Yeah, i dont spend a lot of time with my family and i feel bad.","Да, я не провожу много времени со своей семьей, и мне плохо.",Family Issues,2,1,family
3609,She's been having a lot of health issues lately.,В последнее время у нее были проблемы со здоровьем.,"Health, Fatigue, or Physical Pain",3,2,health
1023,i have some stress,у меня некоторый стресс,Other,6,5,unknown
4410,"On top of that, we're starting our house hunt, which is stressful for more reasons than I even have space to mention.","Вдобавок ко всему, мы начинаем поиски дома, что вызывает стресс по многим причинам, о которых я даже не могу упомянуть.",Financial Problem,5,4,finance
5760,i am scared that i can not handle the things that life has in store for me.,"Я боюсь, что не смогу справиться с тем, что приготовила мне жизнь.",Emotional Turmoil,6,5,unknown
2367,school and work have just been so hectic,школа и работа были такими беспокойными,School,1,0,work
3197,"It's weird though, like I think I feel hungry then the thought of food makes me feel like throwing up.","Хотя это странно: мне кажется, что я голоден, но мысль о еде вызывает у меня рвоту.","Health, Fatigue, or Physical Pain",3,2,health
5227,i have this ever growing pity for people who are in relationships that ruin their friendships.,"Я испытываю постоянно растущую жалость к людям, состоящим в отношениях, которые разрушают их дружбу.",Social Relationships,4,3,friends
3472,"Anxiety and a restless dissatisfaction, either with circumstances or with unfulfilled physical or emotional needs are producing considerable stress.",Тревога и беспокойная неудовлетворенность обстоятельствами или неудовлетворенными физическими или эмоциональными потребностями вызывают значительный стресс.,"Health, Fatigue, or Physical Pain",3,2,health
3783,"I haven't been making as much money as I need, and I'm working hard.","Я не зарабатываю столько денег, сколько мне нужно, и я много работаю.",Financial Problem,5,4,finance
1803,my child has been misbehaving.,мой ребенок плохо себя вел.,Family Issues,2,1,family
2105,my stress timing is very loss of all many things.,Время моего стресса - это потеря всего и многих вещей.,Other,6,5,unknown
4443,everyone is trying to survive on getting more hours.,"все пытаются выжить, получая больше часов.",Work,1,0,work
375,half of my coworkers are leaving for new jobs.,половина моих коллег уходят на новую работу.,Work,1,0,work
1399,it is winter time and the kids are indoors most of the time now.,"Сейчас зима, и дети большую часть времени проводят дома.",Family Issues,2,1,family
6219,"Been fighting with mom a lot lately, which kind of makes me sad.","В последнее время я часто ссорюсь с мамой, и это меня немного расстраивает.",Family Issues,2,1,family
4111,I'm very stressed in general about life.,Я вообще очень напряжен по поводу жизни.,Everyday Decision Making,6,5,unknown
4665,It seems like everyday just gets harder with out you by my side.,"Кажется, что без тебя каждый день становится тяжелее.",Social Relationships,4,3,friends
3137,Worrying about my parents getting sick,"Беспокоюсь о том, что мои родители заболеют",Family Issues,2,1,family
6798,My mom keeps getting mad over stupid things and the tension in this family is accelerating.,"Моя мама продолжает злиться из-за глупостей, и напряжение в семье нарастает.",Family Issues,2,1,family
1463,i've been really stressed out about my custody hearing and just hoping everything goes w,"Я очень переживал из-за слушания по делу об опеке и просто надеюсь, что все пройдет хорошо",Family Issues,2,1,family
6060,I didn't have as much money saved as I'd have liked.,"У меня не было столько сэкономленных денег, сколько хотелось бы.",Financial Problem,5,4,finance
2257,"Omg it's the damn Covid-19, I basically have no job and very little money :(","О боже, это чертов Covid-19, у меня практически нет работы и очень мало денег :(",Financial Problem,5,4,finance
3840,I get annoyed when I don't get to finish telling a story.,"Меня раздражает, когда мне не удается закончить рассказ.",Other,6,5,unknown
2632,the most stressful thing in my life is usually work related.,самое стрессовое событие в моей жизни обычно связано с работой.,Work,1,0,work
3070,Work is stressing me out mostly,Работа меня больше всего напрягает,Work,1,0,work
1232,i'm feeling kind of bad about how i seem pressed for time from all angles,"мне немного не по себе из-за того, что мне не хватает времени со всех сторон",Emotional Turmoil,6,5,unknown
6209,another thing that i'm really worried abuot that i shouldn't even be thinking right now is about how my family in general is going to do.,"Еще одна вещь, которая меня очень беспокоит и о которой мне сейчас не следует даже думать, - это о том, как будет жить моя семья в целом.",Family Issues,2,1,family
6425,It's just that there's too much shit going on that I can't handle lately.,"Просто в последнее время происходит слишком много дерьма, с которым я не могу справиться.",Everyday Decision Making,6,5,unknown
6601,Talking with some of my friends via AIM has got me increasingly depressed and helpless feeling.,Разговор с некоторыми из моих друзей через AIM вызвал у меня все большую депрессию и чувство беспомощности.,Social Relationships,4,3,friends
3631,I'm tired and I don't feel good.,Я устал и плохо себя чувствую.,"Health, Fatigue, or Physical Pain",3,2,health
4172,I've been stressing over so much lately that I finally lost it.,"В последнее время я так сильно переживал, что наконец потерял это.",Emotional Turmoil,6,5,unknown
5897,"I am feeling almost completely overwhelmed by stress, atm.","Я чувствую себя почти полностью подавленным стрессом, атм.",Emotional Turmoil,6,5,unknown
599,i am starting to regret opening my business. i'm running out of money,"я начинаю жалеть, что открыл свой бизнес. у меня заканчиваются деньги",Financial Problem,5,4,finance
1146,I think this covid -19 issue being quarantined in the house all week is really stressful,"Я думаю, что проблема с Covid-19, когда всю неделю нахожусь дома на карантине, это действительно стресс.","Health, Fatigue, or Physical Pain",3,2,health
5993,Money is being tight and it's worrying me more than I care to admit.,"С деньгами не хватает, и это беспокоит меня больше, чем я хочу признать.",Financial Problem,5,4,finance
6562,kinda got depressed after talking to my dad,вроде как впал в депрессию после разговора с отцом,Family Issues,2,1,family
2350,relationship problems,проблемы в отношениях,Social Relationships,4,3,friends
1045,i haven't been getting along with my coworker lately.,в последнее время я не ладю со своим коллегой.,Social Relationships,4,3,friends
5469,I feel bad for her husband having to live with a psycho.,"Мне жаль, что ее мужу приходится жить с психом.",Family Issues,2,1,family
4310,thats such a weight off marys shoulders cause shes been stressed about how to tell him and when.,"Это такой груз с плеч Мэри, потому что она беспокоилась о том, как и когда ему сказать.",Social Relationships,4,3,friends
1374,I'm worried about my student having enough time to review before his exam.,"Я беспокоюсь о том, что у моего ученика будет достаточно времени на повторение перед экзаменом.",School,1,0,work
5591,"then the vet came and basically said my horse is dying so that was a blow not to mention its been one year since my old dog, Koko died.","затем пришел ветеринар и сказал, что моя лошадь умирает, так что это был удар, не говоря уже о том, что прошел год с тех пор, как умерла моя старая собака Коко.",Emotional Turmoil,6,5,unknown
6704,I have some problems and I need help!,У меня проблемы и мне нужна помощь!,Other,6,5,unknown
1206,i'd go on to tell my friend how i'm stressed out about not having a stable income,"Я бы рассказал своему другу, как меня беспокоит отсутствие стабильного дохода",Financial Problem,5,4,finance
6610,My girlfriend broke up with me.,Моя девушка рассталась со мной.,Social Relationships,4,3,friends
5621,I ahte being lonely and depressed.,Я ненавижу одиночество и депрессию.,Emotional Turmoil,6,5,unknown
5881,"Scully is so sad and depressed so me, my mom, and Melissa want to get her a friend.","Скалли так грустна и подавлена, что я, моя мама и Мелисса хотим подарить ей друга.",Social Relationships,4,3,friends
3159,My stomach hurts a lot from stress.,У меня сильно болит живот от стресса.,"Health, Fatigue, or Physical Pain",3,2,health
2321,problem at home,проблема дома,Family Issues,2,1,family
6391,"i don't know, buti reeeeally need to get my car fixed, because right now neither jenny nor i have functional autos.","я не знаю, но мне оооочень нужно починить мою машину, потому что сейчас ни у Дженни, ни у меня нет исправных машин.",Other,6,5,unknown
3481,"First of all, I am overwhelmed with school in general because of my constant sicknesses and I don't appreciate being hounded by you or Mrs. Cutler because of that.","Прежде всего, я завален школой в целом из-за своих постоянных болезней, и мне не нравится, что из-за этого меня преследуют вы или миссис Катлер.",School,1,0,work
4116,It exhausts me when that's all I seem to deal with lately.,"Меня утомляет то, что это все, с чем мне приходится иметь дело в последнее время.",Other,6,5,unknown
2567,the covid-19 pandimic,пандемия Covid-19,"Health, Fatigue, or Physical Pain",3,2,health
2714,The world is involved in a global pandemic and we have been told to isolate ourselves,"Мир вовлечен в глобальную пандемию, и нам сказали изолироваться.","Health, Fatigue, or Physical Pain",3,2,health
669,I am worried about being laid-off at work.,"Я боюсь, что меня уволят на работе.",Work,1,0,work
5649,I can't stand Travis' dad because he's constantly yelling at me and criticizing me or just belittling me in some way.,"Терпеть не могу отца Трэвиса, потому что он постоянно на меня кричит, критикует или просто каким-то образом унижает.",Social Relationships,4,3,friends
5276,my friends wont be there for me.,мои друзья не будут рядом со мной.,Social Relationships,4,3,friends
4827,the bad thing is that i have to go to school all this week because of this stupid gym crap.,"Плохо то, что мне придется ходить в школу всю эту неделю из-за этой дурацкой ерунды в спортзале.",School,1,0,work
4062,I'm just kinda fed up with work at the moment so I don't know how much I'll be doing today.,"Мне просто надоела работа на данный момент, поэтому я не знаю, сколько я буду делать сегодня.",Work,1,0,work
6709,"the worst part is, when i confront her about this..with legitimate concern she will most likely get defensive and it will turn into an argument.","Хуже всего то, что когда я говорю ей об этом... с законным беспокойством, она, скорее всего, займет оборонительную позицию, и это перерастет в спор.",Emotional Turmoil,6,5,unknown
708,i can't get my child to study.,я не могу заставить своего ребенка учиться.,Family Issues,2,1,family
432,hey! right now financial aid is stressing me out,привет! сейчас финансовая помощь меня напрягает,Financial Problem,5,4,finance
1111,I need someone to talk with since I'm quarintined.,"Мне нужен кто-то, с кем можно поговорить, так как я на карантине.",Social Relationships,4,3,friends
5568,his mom has issues her 2nd oldest has anger issues and my bfs mom was suicidal 2 months b4 I gave birth.,"у его мамы проблемы, у ее второго по старшинству проблемы с гневом, а мама моего парня была склонна к суициду в 2 месяца, когда я родила.",Family Issues,2,1,family
5592,Recently I've been realizing that I miss a lot of people more than I thought I would.,"Недавно я осознал, что скучаю по многим людям больше, чем думал.",Social Relationships,4,3,friends
5764,"I hate my job, I don't have time to date, I don't have time to exercise, and when I do I'm way too tired from work.","Я ненавижу свою работу, у меня нет времени на свидания, нет времени на тренировки, а когда я это делаю, то слишком устаю от работы.",Work,1,0,work
6188,Today my little brother got into a fight.,Сегодня мой младший брат подрался.,Family Issues,2,1,family
3230,Then I got injured my foot.,Потом я повредил ногу.,"Health, Fatigue, or Physical Pain",3,2,health
945,i have been stressing financially,у меня был финансовый стресс,Financial Problem,5,4,finance
147,can't seem to get ahead financially.  every time i catch up something breaks,"не может добиться успеха в финансовом отношении.  каждый раз, когда я догоняю, что-то ломается",Financial Problem,5,4,finance
6652,Cheated in a relationship. Woke up crying.,Изменил в отношениях. Проснулся плача.,Social Relationships,4,3,friends
2204,not having time to train my staff.,нет времени обучать свой персонал.,Work,1,0,work
1933,"My husband! Ugh, he won't stop playing video games.","Мой муж! Ух, он не перестанет играть в видеоигры.",Family Issues,2,1,family
6592,"Yet, at the same time, am I gossiping right now telling you that I'm frustrated with my gossiping friends?","И в то же время, сплетничаю ли я сейчас, говоря вам, что меня расстраивают мои сплетничающие друзья?",Social Relationships,4,3,friends
1096,i may have broken my toe.,"возможно, я сломал палец на ноге.","Health, Fatigue, or Physical Pain",3,2,health
5795,"I am sick and tired of the drama, of trying to do the ""right thing"", and of trying to handle it all.","Я устал от драмы, от попыток поступить «правильно» и от попыток со всем этим справиться.",Social Relationships,4,3,friends
5964,"i dont even know how i paid it, because i had no money. and funny thing.","Я даже не знаю, как я заплатил, потому что у меня не было денег. и забавная вещь.",Financial Problem,5,4,finance
5423,It seems that Patrick isn't fond of the company I've started keeping lately.,"Кажется, Патрику не нравится компания, которую я начал составлять в последнее время.",Social Relationships,4,3,friends
704,i can't find a job in this pitiful area and need to leave here,я не могу найти работу в этом жалком районе и мне нужно уехать отсюда,Work,1,0,work
5030,They're all worried because they still don't know if they passed the Liberal Arts math class they had together.,"Они все обеспокоены, потому что до сих пор не знают, прошли ли они вместе урок математики по гуманитарным наукам.",School,1,0,work
3478,I've been putting on a little bit of weight as well.,Я тоже немного прибавил в весе.,"Health, Fatigue, or Physical Pain",3,2,health
6167,my mom was sick.,моя мама была больна.,Family Issues,2,1,family
3585,The list of things I need to do is rather overwhelming because I'm so tired right now and possibly getting sick.,"Список дел, которые мне нужно сделать, довольно обширен, потому что я сейчас очень устал и, возможно, заболею.","Health, Fatigue, or Physical Pain",3,2,health
5311,"unpopular opinion, I can't stand Calli.","непопулярное мнение, терпеть не могу Калли.",Other,6,5,unknown
5758,"Hes such a good puppy, but hes miserable and has a lot of health problems.","Он такой хороший щенок, но он несчастный и у него много проблем со здоровьем.","Health, Fatigue, or Physical Pain",3,2,health
3617,ive been sick this whole week.,я болел всю эту неделю.,"Health, Fatigue, or Physical Pain",3,2,health
2769,This COVID mess in the world,Этот ковидный бардак в мире,Other,6,5,unknown
520,i am buying a house and can't afford the $675 for an appraiser,я покупаю дом и не могу позволить себе 675 долларов на оценщика,Financial Problem,5,4,finance
987,"i have just been stressed about work, thanks for asking.","Я только что был в стрессе из-за работы, спасибо, что спросил.",Work,1,0,work
4655,i struggle with this daily.,я борюсь с этим ежедневно.,Everyday Decision Making,6,5,unknown
2601,the final results of a court case involving my grand kids.,окончательные результаты судебного дела с участием моих внуков.,Family Issues,2,1,family
4012,I was feeling bad and distracted when I was already leave the place.,"Мне было плохо и я был рассеян, когда уже собирался покинуть это место.",Emotional Turmoil,6,5,unknown
3632,I'm not feeling too well today.,Я сегодня не очень хорошо себя чувствую.,"Health, Fatigue, or Physical Pain",3,2,health
3649,My boss had been sick for a couple of days and got hammered with other appointments.,"Мой начальник несколько дней болел, и его завалили другими встречами.",Work,1,0,work
1689,money had for sure been stressing me out,деньги наверняка меня напрягали,Financial Problem,5,4,finance
4834,I really need to get into school.,Мне очень нужно в школу.,School,1,0,work
1523,i've been worried about money lately.,в последнее время я беспокоюсь о деньгах.,Financial Problem,5,4,finance
1966,my job search process. it is so stressful and uncertain.,мой процесс поиска работы. это так напряженно и неопределенно.,Work,1,0,work
788,i got stress out because my daughter didn't do her writing and homework,"у меня стресс, потому что моя дочь не сделала письмо и домашнее задание",Family Issues,2,1,family
5341,it' just hitting me that i'm leaving this place and these people that have become such a part of my life i don't want to go home with out them!,"меня просто осенило, что я покидаю это место и этих людей, которые стали такой частью моей жизни, что я не хочу идти домой без них!",Social Relationships,4,3,friends
3101,work.  i hate it and wish i could do something else :-/,работа.  ненавижу это и хотел бы заняться чем-нибудь другим :-/,Work,1,0,work
1290,i'm really stressed about school and all the work that i have to do this week.,"я очень переживаю из-за школы и всей работы, которую мне предстоит сделать на этой неделе.",School,1,0,work
4135,it's getting reallyt hard to keep this chin up day after day after fucked up day.,становится действительно трудно держать подбородок поднятым изо дня в день после чертового дня.,Emotional Turmoil,6,5,unknown
5815,"It's starting to really upset me now, so I've got to prepare my brain for the emotional wave coming onshore.","Меня это начинает по-настоящему расстраивать, поэтому мне нужно подготовить свой мозг к эмоциональной волне, накатывающей на берег.",Emotional Turmoil,6,5,unknown
5029,Grad school applications are making me headachey.,Поступления в аспирантуру вызывают у меня головную боль.,School,1,0,work
3054,work is doing my head in,работа занимает мою голову,Work,1,0,work
317,finding the right job that'll make me happy and take me places.,"найти подходящую работу, которая сделает меня счастливым и займет место.",Work,1,0,work
5728,"I am getting really fed up with my boyfriend, as he keeps pulling all sorts of crap on me.","Мне очень надоел мой парень, потому что он продолжает тащить на меня всякую чушь.",Social Relationships,4,3,friends
5948,This whole thing is getting blown out of perportion and really making me mad.,Все это выбивается из колеи и действительно бесит меня.,Emotional Turmoil,6,5,unknown
4584,lol i need to start saving Then went to work which was the most boring day at work i have EVER experienced.,"лол, мне нужно начать откладывать. Потом пошел на работу, и это был самый скучный рабочий день, который я когда-либо испытывал.",Other,6,5,unknown
2279,"P has to work suring this virus, and it's scary.","Пи должен работать над защитой от этого вируса, и это пугает.",Work,1,0,work
754,I enjoy being home with the family but I miss my little time alone.,"Мне нравится быть дома с семьей, но мне не хватает времени, проведенного в одиночестве.",Family Issues,2,1,family
4178,ive been very confused about everything lately in my life and what ive wanted and what i need.,"В последнее время я очень запутался во всем в своей жизни, в том, чего я хочу и что мне нужно.",Emotional Turmoil,6,5,unknown
2174,not being able to say no when i need to.,"не могу сказать «нет», когда мне нужно.",Emotional Turmoil,6,5,unknown
4837,college is a lot of stress.,колледж – это большой стресс.,School,1,0,work
6847,God knows my mom and dad don't want me.,"Видит Бог, мои мама и папа не хотят меня.",Family Issues,2,1,family
6395,i get heaps sick of doing ALL the work in ALL situations and never getting people to endlessly praise me.,мне очень надоело выполнять ВСЮ работу во ВСЕХ ситуациях и никогда не заставлять людей бесконечно меня хвалить.,Social Relationships,4,3,friends
2550,The coronoavirus situation is getting worse around here. The first death  happened.,Ситуация с короновирусом здесь ухудшается. Произошла первая смерть.,"Health, Fatigue, or Physical Pain",3,2,health
3272,It has been suggested to me that the source of the muscle spasms and pains that I have been having lately is due to stress.,"Мне предположили, что источником мышечных спазмов и болей, которые я испытываю в последнее время, является стресс.","Health, Fatigue, or Physical Pain",3,2,health
1672,Me and my boyfriend broke up and he is moving out of my house,"Я и мой парень расстались, и он уезжает из моего дома",Social Relationships,4,3,friends
3529,"It seems like I have been waiting forever, this week is going to be hard.","Кажется, я ждал целую вечность, эта неделя будет тяжелой.",Emotional Turmoil,6,5,unknown
6057,That sucks because i have no money.,"Это отстой, потому что у меня нет денег.",Financial Problem,5,4,finance
3206,"A hurt ankle on one leg, the other might have shin splints, a sore arm, and a smashed finger which is bruised and looks really gross.","Поврежденная лодыжка на одной ноге, на другой может быть расколотая голень, больная рука и сломанный палец с синяками и выглядит очень ужасно.","Health, Fatigue, or Physical Pain",3,2,health
3399,My knee still really hurts.,Колено до сих пор очень болит.,"Health, Fatigue, or Physical Pain",3,2,health
3258,"So, I'm stressed out and I don't really know where to go or who to talk to so I can figure this out.","Итак, я в стрессе и не знаю, куда пойти и с кем поговорить, чтобы разобраться в этом.",Emotional Turmoil,6,5,unknown
1906,my health isn't so good right now,мое здоровье сейчас не очень хорошее,"Health, Fatigue, or Physical Pain",3,2,health
1308,i'm stressed about a math quiz tomorrow.,я в стрессе из-за завтрашней контрольной по математике.,School,1,0,work
6812,"Ne, so I am kinda sad and tired because my family doesn't want me around anymore.","Нет, мне немного грустно и я устал, потому что моя семья больше не хочет, чтобы я был рядом.",Family Issues,2,1,family
6363,My mom just gave me a buncha crap cuz I didn't answer the phone when it didn't ring and didn't seem to believe me that it really didn't ring.,"Моя мама только что наделала мне кучу чуши, потому что я не ответил на звонок, когда он не звонил, и, похоже, не поверил мне, что он действительно не звонил.",Family Issues,2,1,family
3601,"Anyway, I'm still swollen, I'm in pain from the waist down, and my head feels like it will explode from all of the pressure within my sinus cavities.","В любом случае, я все еще опух, у меня болит ниже пояса, и кажется, что моя голова взорвется от давления в пазухах.","Health, Fatigue, or Physical Pain",3,2,health
2294,people ask so much of me and i have no time for myself.,"люди так многого от меня требуют, и у меня нет времени на себя.",Social Relationships,4,3,friends
3337,I've been so busy lately and now I'm tired and achey to boot.,"В последнее время я был так занят, а теперь устал и к тому же болею.","Health, Fatigue, or Physical Pain",3,2,health
2192,not haveing enought too pay every day bills only 905 rent is 860 a month i pay ultuties,"Мне не хватает денег, я плачу каждый день по счетам, только 905, аренда 860 в месяц, я плачу коммунальные услуги",Financial Problem,5,4,finance
4259,Ok I don't know why I even started updating cuz I'm to tired to type.,"Хорошо, я не знаю, почему я вообще начал обновляться, потому что я устал печатать.",Other,6,5,unknown
844,i have a really busy schedule this weekend and i'd rather stay home,"на этих выходных у меня очень плотный график, и я лучше останусь дома",Other,6,5,unknown
3029,work has been stressing me out and family,работа вызывает стресс у меня и семьи,Work,1,0,work
6062,"i need money, i'm so poor.","мне нужны деньги, я такой бедный.",Financial Problem,5,4,finance
227,dealing with the death of my father,справиться со смертью моего отца,Family Issues,2,1,family
3731,"m job is really stressing me up because it is like there is a likelihood of loosing it,","Моя работа меня очень напрягает, потому что есть вероятность потерять ее,",Work,1,0,work
1707,money that's one of the first thing to work out for a stress,"деньги это одно из первых вещей, которые нужно отработать от стресса",Financial Problem,5,4,finance
152,changes in work schedule,изменения в графике работы,Work,1,0,work
4260,ok well lately ive been struggling to keep up with my life and responsibilities...... well finally i cracked.,"ок, в последнее время мне было трудно справляться со своей жизнью и обязанностями... ну наконец-то я сломался.",Everyday Decision Making,6,5,unknown
4170,I've been stressed out lately though because I live in the house of transition and co-worker stress.,"Однако в последнее время я испытываю стресс, потому что живу в доме переходного периода и стресса от коллег.",Work,1,0,work
3246,"That made my brain hurt, and my brain isn't even working that well today.","Из-за этого у меня заболел мозг, а сегодня мой мозг даже не так хорошо работает.",Other,6,5,unknown
2505,The corona virus has been stressing me out.  It has affected our business.,Вирус короны вызвал у меня стресс.  Это повлияло на наш бизнес.,Work,1,0,work
3922,"i am tired, nervous, hungry, and to top it all off i have my period. today sucks.","я устала, нервничаю, голодна, и в довершение всего у меня менструация. сегодня отстой.","Health, Fatigue, or Physical Pain",3,2,health
6203,"My mom was expressing a deep resentment of Mrs. Grier today, and what she appears to be doing to me.","Моя мама сегодня выразила глубокую обиду на миссис Грайер и на то, что она, похоже, со мной делает.",Family Issues,2,1,family
5501,Twisted around that my cousin saw her ex one time to my cousin was seeing her ex in between the time she'd find a new boyfriend.,"Забавно, что моя двоюродная сестра однажды видела ее бывшего, а моя двоюродная сестра встречалась с ее бывшей в промежутке между тем, как она нашла нового парня.",Family Issues,2,1,family
1873,my financial choices are unwise and i need to change.,"мой финансовый выбор неразумен, и мне нужно измениться.",Financial Problem,5,4,finance
1753,my boss is incomptent and creates his own mess,мой босс некомпетентен и сам устраивает беспорядок,Work,1,0,work
6243,I've been fighting with my parents.,Я ругался с родителями.,Family Issues,2,1,family
2783,this person i work with is driving me crazy.,"этот человек, с которым я работаю, сводит меня с ума.",Social Relationships,4,3,friends
5155,Our school is so bad with scheduling.,В нашей школе очень плохо с расписанием.,School,1,0,work
2418,"so stressed stuck on traffic for one hour and a half everyday after work,","в таком стрессе каждый день после работы стою в пробке по полтора часа,",Work,1,0,work
3650,"my mom was sick basically all last week so i had to help take care of her, and on top of that i was sick again too.","моя мама болела почти всю прошлую неделю, поэтому мне пришлось помогать ей ухаживать, и, кроме того, я тоже снова заболел.",Family Issues,2,1,family
3537,"Today I had to write a get well card to my grandpa, who's been diagnosed with cancer.","Сегодня мне пришлось написать пожелание о выздоровлении моему дедушке, у которого диагностировали рак.",Emotional Turmoil,6,5,unknown
2015,"my mother still tries to tell me what to do, even though i'm an adult.","моя мама все еще пытается указывать мне, что делать, хотя я взрослый.",Family Issues,2,1,family
3963,I have been looking for another job b/c I'm in so much debt.,"Я искал другую работу, потому что у меня большие долги.",Work,1,0,work
4462,I got into a very irritable mood yesterday.,Вчера у меня было очень раздражительное настроение.,Emotional Turmoil,6,5,unknown
827,i have a huge school project due in five days and i haven't started.,"У меня через пять дней огромный школьный проект, а я еще не приступил.",School,1,0,work
705,i can't find my classroom in school and worry about being locked out...,"я не могу найти свой класс в школе и боюсь, что меня закроют...",School,1,0,work
3231,"Well, today, my foot started hurting.","Ну, сегодня у меня начала болеть нога.","Health, Fatigue, or Physical Pain",3,2,health
4391,"This has led to some extreme food bills, as I take it upon myself to eat out whenever I get hungry.","Это привело к огромным расходам на еду, поскольку я беру на себя обязанность питаться вне дома, когда проголодался.",Financial Problem,5,4,finance
4176,I've been very bad lately about leaving work early.,В последнее время я очень плохо отношусь к раннему уходу с работы.,Work,1,0,work
4289,So far my compy has been giving me problems.,До сих пор мой компьютер доставлял мне проблемы.,Work,1,0,work
44,All of the news and lockdown of the covid-19,Все новости и изоляция Covid-19,"Health, Fatigue, or Physical Pain",3,2,health
6242,This is the week I haven't been looking forward to because my family is about to be split up.,"Это неделя, которую я не ждал с нетерпением, потому что моя семья вот-вот распадется.",Family Issues,2,1,family
5474,Sometimes my dad makes me feel so bad about things.,Иногда мой отец заставляет меня так расстраиваться из-за чего-то.,Family Issues,2,1,family
3559,I got in an accident.,Я попал в аварию.,"Health, Fatigue, or Physical Pain",3,2,health
4907,I can't read books during school.,Я не могу читать книги в школе.,School,1,0,work
1002,i have no money to buy food for the cats and i can pay bills.,"У меня нет денег, чтобы купить еду для кошек, и я могу оплатить счета.",Financial Problem,5,4,finance
3468,"I started getting sick, couldn't get any homework done, and was driving myself insane with anxiety.","Я начал болеть, не мог сделать домашнее задание и сводил себя с ума от беспокойства.","Health, Fatigue, or Physical Pain",3,2,health
2501,the corona virus and it spreading,вирус короны и его распространение,"Health, Fatigue, or Physical Pain",3,2,health
455,hi friend. i had a stressful situations at home,"привет, друг. у меня были стрессовые ситуации дома",Family Issues,2,1,family
6092,"It takes a lot for me to say something is unbearable, and this week has been nearly unbearable.","Мне нужно много времени, чтобы сказать, что что-то невыносимо, а эта неделя была почти невыносимой.",Emotional Turmoil,6,5,unknown
569,i am not getting any hits in my hit catcher.,я не получаю ни одного попадания в свой ловец хитов.,Work,1,0,work
3917,I am so depressed lately and it's making me what to say goodbye to everyone ... I don't want that.,У меня такая депрессия в последнее время и это заставляет меня со всеми прощаться... Я не хочу этого.,Emotional Turmoil,6,5,unknown
4166,I've been shaking from making an awful decision.,Меня трясло от принятия ужасного решения.,Everyday Decision Making,6,5,unknown
881,i have been having money issues,у меня были проблемы с деньгами,Financial Problem,5,4,finance
5494,I think it's sad how holidays mark the times I get to see members of my family.,"Я думаю, это грустно, что праздники отмечают время, когда я вижу членов своей семьи.",Family Issues,2,1,family
3675,Laura has not been able to let me drive because she has been very sick and in the hospital even.,"Лора не смогла позволить мне сесть за руль, потому что она была очень больна и даже лежала в больнице.",Social Relationships,4,3,friends
2710,The whole world right now. Covid Politics,Весь мир прямо сейчас. Ковидная политика,Financial Problem,5,4,finance
5451,It was Christmas time and every year my parents would be really confused as to what to buy me because I felt selfish asking for anything.,"Это было время Рождества, и каждый год мои родители не знали, что мне купить, потому что я чувствовал себя эгоистичным, прося что-либо.",Other,6,5,unknown
523,i am currently filing for unemployment and my student debt is not on hold,"в настоящее время я подаю заявление на пособие по безработице, и мой студенческий долг не приостановлен",Financial Problem,5,4,finance
1400,it really feels like my family is a mess sometimes,"иногда мне действительно кажется, что в моей семье полный бардак",Family Issues,2,1,family
3168,I'm tired and not sleeping great.,Я устал и плохо сплю.,"Health, Fatigue, or Physical Pain",3,2,health
6748,"Yes, the divorce was messy.","Да, развод был грязным.",Family Issues,2,1,family
327,gaining weight and just cannot seem to lose it.,набирает вес и просто не может его похудеть.,"Health, Fatigue, or Physical Pain",3,2,health
2722,there is hardly any work at mechanical turk the past week.,на прошлой неделе в Mechanical Turk почти не было работы.,Work,1,0,work
6419,everyone is rediculously stressed out right now. with no time. at all.,все сейчас в невероятном стрессе. без времени. совсем.,Social Relationships,4,3,friends
4620,the problem is my computer is all screwy and it won't let me update from home.,"проблема в том, что мой компьютер весь неисправен и не позволяет мне обновляться из дома.",Other,6,5,unknown
6148,i feel sad that i dont spend enough time with my parents.,"мне грустно, что я не провожу достаточно времени со своими родителями.",Family Issues,2,1,family
99,being off of work,быть без работы,Work,1,0,work
6139,"Sorry, Brian, but I'm so sick of hearing it from my parents, I get a little defensive","Прости, Брайан, но мне так надоело слышать это от родителей, что я начинаю защищаться.",Family Issues,2,1,family
4411,Every serious attempt at dieting I've ever made has crashed and burned.,"Каждая серьезная попытка сесть на диету, которую я когда-либо предпринимал, терпела крах.","Health, Fatigue, or Physical Pain",3,2,health
1778,my boyfriend is fighting with me,мой парень ругается со мной,Social Relationships,4,3,friends
5291,then I wouldn't get to see my PKD and CFA buddies.,тогда я не смогу увидеться со своими приятелями по PKD и CFA.,Social Relationships,4,3,friends
6294,This type of life style is destructive and especially so for children whose parents are living a bad example before them.,"Такой образ жизни разрушительен, особенно для детей, чьи родители подают им плохой пример.",Family Issues,2,1,family
2816,too many tasks at work,слишком много задач на работе,Work,1,0,work
6145,"I got in a fight with my family today, they don't trust me.","Сегодня я поругался со своей семьей, они мне не доверяют.",Family Issues,2,1,family
4283,schools almost over and it scares me.,"школы почти закончились, и это меня пугает.",School,1,0,work
972,I have been worried about when things will be normal again.  I don't know when I'll have,"Я беспокоился о том, когда все снова станет нормальным.  Я не знаю, когда у меня будет",Other,6,5,unknown
3602,"My ass hurts, my arms hurt, and I have yet, another headache.","У меня болит задница, болят руки, и у меня еще одна головная боль.","Health, Fatigue, or Physical Pain",3,2,health
883,i have been having problems with my landlord . i do not like the place .,у меня были проблемы с хозяином. мне не нравится это место.,Financial Problem,5,4,finance
2963,When I caught a person talking bad about me,"Когда я поймал человека, говорящего обо мне плохо",Social Relationships,4,3,friends
3454,"man, my stomach has been hurting so bad lately.","чувак, у меня в последнее время так сильно болит живот.","Health, Fatigue, or Physical Pain",3,2,health
4959,Okay school starts tomorrow hur I'm so not looking forward to it.,"Хорошо, завтра начинается школа, я так этого не жду.",School,1,0,work
4699,"I've not been not eating because I've wanted to lose weight, and I still love awfully unhealthy food, I've just not felt like eating, if I've been hungry I've eaten.","Я не не ел, потому что хотел похудеть, и до сих пор люблю ужасно нездоровую пищу, просто есть не хотелось, если был голоден, то ел.","Health, Fatigue, or Physical Pain",3,2,health
1492,i've been stressing about my daughter's upcoming wedding.,я переживал по поводу предстоящей свадьбы моей дочери.,Family Issues,2,1,family
1848,my divorce has totally stressed me out.,мой развод вызвал у меня настоящий стресс.,Family Issues,2,1,family
1775,my boyfriend hasn't responded to my calls for the last two days.,мой парень не отвечал на мои звонки последние два дня.,Social Relationships,4,3,friends
6797,hes always complaining about how he isnt happy with his home life.,"он всегда жалуется на то, что его не устраивает семейная жизнь.",Family Issues,2,1,family
6462,I couldn't eat during lunch I was so nervous.,"Я не мог есть во время обеда, я так нервничал.",Emotional Turmoil,6,5,unknown
1109,i need more money to pay my bills.,"мне нужно больше денег, чтобы оплатить счета.",Financial Problem,5,4,finance
1121,"i need to have some car repairs done, but, have no time to make an appointment.","Мне нужно отремонтировать машину, но нет времени записаться на прием.",Everyday Decision Making,6,5,unknown
3425,i think my dog is dying.,"я думаю, что моя собака умирает.",Emotional Turmoil,6,5,unknown
4670,"Went to Giant and spent money i didnt have but i didnt care, i needed some food.","Пошел в «Гигант» и потратил деньги, которых у меня не было, но мне было все равно, мне нужно было немного еды.",Financial Problem,5,4,finance
5595,"Wtf, I am so overly emotional.","Черт возьми, я такой слишком эмоциональный.",Emotional Turmoil,6,5,unknown
6615,my dad's been getting forgetful these last couple of years and my mom bruises easily.,"мой отец в последние пару лет стал забывчивым, а у мамы легко появляются синяки.",Family Issues,2,1,family
16,a lot of work pressure in my office,большое рабочее давление в моем офисе,Work,1,0,work
3398,My thumb still aches at times from the dislocation I did.,"Мой большой палец до сих пор время от времени болит из-за вывиха, который я сделал.","Health, Fatigue, or Physical Pain",3,2,health
2000,my mom is driving me crazy,моя мама сводит меня с ума,Family Issues,2,1,family
6779,"i had some landlord drama that im not too pleased with, and being back at my parents..and also being so very broke right now..","у меня была драма с домовладельцем, которой я не слишком доволен, и то, что я вернулся к своим родителям... и к тому же сейчас я очень разорен..",Financial Problem,5,4,finance
4706,its so busy now cause of christmas.,сейчас так занято из-за Рождества.,Work,1,0,work
2288,paying for christmas presents.,оплата рождественских подарков.,Financial Problem,5,4,finance
5381,ugh i can't stop thinking about MYSELF and my Life Problems it's consuming everything i'm driving myself absoultely insane and i'm getting moody and mean and more ridiculous than usual.,"тьфу, я не могу перестать думать о СЕБЕ и своих жизненных проблемах, это поглощает все, я довожу себя до безумия, становлюсь угрюмым, злым и более смешным, чем обычно.",Emotional Turmoil,6,5,unknown
265,"everything at work, just generally what is expected of me.","все на работе, в целом то, что от меня ожидают.",Work,1,0,work
5290,"I'm just about tired of people getting, or staying in relationships they don't deserve.","Я почти устал от людей, которые вступают или остаются в отношениях, которых они не заслуживают.",Social Relationships,4,3,friends
2855,trying to get my work finished so i can go home/,"пытаюсь закончить работу, чтобы пойти домой/",Work,1,0,work
4920,I was pretty nervous about last night's chemistry exam.,Я очень нервничал из-за вчерашнего экзамена по химии.,School,1,0,work
2406,separation from my husband,разлука с мужем,Social Relationships,4,3,friends
1553,just a work thing. people just cant seem to do their job,просто рабочая вещь. люди просто не могут делать свою работу,Work,1,0,work
1013,i have recently gone back to school and it is hard finding balance,"я недавно вернулся в школу, и мне трудно найти баланс",School,1,0,work
5983,he lost his and really needs money cuz hes got bills ha.,"он потерял свои и ему очень нужны деньги, потому что у него есть счета, ха.",Financial Problem,5,4,finance
1864,my extreme lower back pain,моя сильная боль в пояснице,"Health, Fatigue, or Physical Pain",3,2,health
5330,"Yeah, the unfairness of my family, stubborness of my boyfriend and the sadness of my life is really getting to me.","Да, несправедливость моей семьи, упрямство моего парня и печаль моей жизни действительно меня задевают.",Social Relationships,4,3,friends
1664,making sure i have enough money for bills,"убедиться, что у меня достаточно денег для оплаты счетов",Financial Problem,5,4,finance
3502,Used to be I'd do that and then be in so much pain I'd wince every time I moved.,"Раньше я делал это, а потом испытывал такую ​​сильную боль, что вздрагивал при каждом движении.","Health, Fatigue, or Physical Pain",3,2,health
3699,"This COVID-19 has me stressed. I'm dealing w/the baby, keeping house clean & hub-B.","Этот COVID-19 вызвал у меня стресс. Я занимаюсь ребенком, поддерживаю чистоту в доме и хаб-Б.",Family Issues,2,1,family
3042,work has been tough lately.,работа в последнее время была тяжелой.,Work,1,0,work
564,i am moving in two weeks and i'm not prepared.,я переезжаю через две недели и я не готов.,Everyday Decision Making,6,5,unknown
6771,I'm so far in debt right now i doubt i can get a loan and i make to much money to get a grant.,"У меня сейчас большие долги, и я сомневаюсь, что смогу получить кредит, и я зарабатываю слишком много денег, чтобы получить грант.",Financial Problem,5,4,finance
4282,school started and now i don't like it.,"началась школа, и теперь она мне не нравится.",School,1,0,work
3802,' my work I'm ready to go back,"' моя работа, я готов вернуться",Work,1,0,work
867,i have been feeling so stress about what to fix for dinner every night for dinner.,"Я каждый вечер испытывал такой стресс из-за того, что приготовить на ужин.",Everyday Decision Making,6,5,unknown
479,hi. just struggling a little bit with work,привет. просто немного борюсь с работой,Work,1,0,work
2891,upcoming court hearing is stressing me out,предстоящее судебное заседание меня напрягает,Emotional Turmoil,6,5,unknown
5442,"I have to work a birthday party Saturday, so much for seeing Claire.","Мне нужно работать на вечеринке по случаю дня рождения в субботу, поэтому я так рада увидеть Клэр.",Work,1,0,work
1329,"I'm stressed out about the Coronavirus, lol.","Меня беспокоит коронавирус, лол.",Emotional Turmoil,6,5,unknown
2142,my workload is just too much for me to handle.,моя рабочая нагрузка слишком велика для меня.,Work,1,0,work
1057,i just can't seem to keep my kitchen clean and de-cluttered.,"Кажется, я просто не могу содержать свою кухню в чистоте и порядке.",Other,6,5,unknown
5778,Stress is happening and that isn't good.,"Возникает стресс, и это нехорошо.",Emotional Turmoil,6,5,unknown
4137,Its just every day it seems i curse myself for wanting to be something that is so difficult.,"Просто каждый день мне кажется, что я ругаю себя за то, что хочу быть кем-то таким трудным.",Everyday Decision Making,6,5,unknown
6596,"Stories of Veterans who are not recieving adequate psychological therapy, who are losing their homes while they struggle to adjust to life without one or more limbs abound.","Историй ветеранов, которые не получают адекватной психологической терапии, которые теряют свои дома, пытаясь приспособиться к жизни без одной или нескольких конечностей, предостаточно.",Emotional Turmoil,6,5,unknown
4746,christmas is coming very fast at work and we're so busy all the time and we're still understaffed.,"На работе Рождество приближается очень быстро, а мы все время так заняты, и у нас все еще не хватает сотрудников.",Work,1,0,work
3950,I guess I've just been so busy lately. Yah... that and stressed.,"Наверное, я просто был очень занят в последнее время. Даа... это и подчеркнуло.",Everyday Decision Making,6,5,unknown
1125,"i really need to get more sleep, but can't seem to do it!","мне действительно нужно больше спать, но я не могу этого сделать!","Health, Fatigue, or Physical Pain",3,2,health
5700,i really don't know what to do with myself this week.,"я действительно не знаю, чем заняться на этой неделе.",Everyday Decision Making,6,5,unknown
2222,not understanding these instructions.,не понимая этих инструкций.,Other,6,5,unknown
4914,My finals today were definetly stressful.,Мой сегодняшний финал был определенно напряженным.,School,1,0,work
4597,"SO now I'm stressed as hell, trying to figure out what I'm going to do with the rest of my life.","ТАК, теперь я чертовски напряжен, пытаясь понять, что я буду делать до конца своей жизни.",Everyday Decision Making,6,5,unknown
944,i have been stressing about what to do about my daughter.,"Я беспокоился о том, что делать с моей дочерью.",Family Issues,2,1,family
476,Hi. I have been stressed about the virus situation.,Привет. Я был в стрессе из-за ситуации с вирусом.,"Health, Fatigue, or Physical Pain",3,2,health
1164,I was recently told that I had to move out of a place that I really love.,"Недавно мне сказали, что мне пришлось переехать из места, которое я очень люблю.",Other,6,5,unknown
6277,Bad ones an now my mom an me are getting worried.,"Плохие, и теперь мы с мамой волнуемся.",Family Issues,2,1,family
3505,Today I had a horrible headache and body ache and finally don't feel it anymore!!!,"Сегодня у меня ужасно болела голова и болело тело, и наконец я этого больше не чувствую!!!","Health, Fatigue, or Physical Pain",3,2,health
2181,not being creative at all.,совсем не творческий подход.,Other,6,5,unknown
4910,"Tough, if I got to go to work you have to go to school, now get the ""F"" up.","Круто, если мне нужно идти на работу, то тебе придется идти в школу, а теперь подними двойку.",Other,6,5,unknown
2506,the corona virus has me feeling very isolated and anxious!,Из-за вируса короны я чувствую себя очень изолированным и тревожным!,Other,6,5,unknown
1922,My husband is drinking heavily now that he is off work.,"Мой муж сейчас сильно пьет, поскольку у него нет работы.",Work,1,0,work
6514,I am so incredibly sick of school right now.,Мне сейчас невероятно надоела школа.,School,1,0,work
294,filing state taxes for my business.,подача государственных налогов для моего бизнеса.,Financial Problem,5,4,finance
6284,Kev and Shelly's dad was really sick,Отец Кева и Шелли был очень болен,"Health, Fatigue, or Physical Pain",3,2,health
3339,i've been a huge stress case lately.,в последнее время у меня был сильный стресс.,Emotional Turmoil,6,5,unknown
3590,Already my sleeping habits are screwed up.,Мои привычки сна уже испорчены.,"Health, Fatigue, or Physical Pain",3,2,health
4666,Everytime I have to pick my classes I have major issues with finalizing anything.,"Каждый раз, когда мне приходится выбирать занятия, у меня возникают серьезные проблемы с завершением чего-либо.",School,1,0,work
5620,This stuff stress's me out so much and makes me wonder why this is happening.,"Эта штука меня очень напрягает и заставляет задуматься, почему это происходит.",Emotional Turmoil,6,5,unknown
6841,"I treat my mom SO badly, thats why I'm over there almost every weekend to visit her and make sure she's ok","Я ТАК плохо отношусь к своей маме, поэтому почти каждые выходные приезжаю к ней, чтобы навестить ее и убедиться, что с ней все в порядке.",Family Issues,2,1,family
3232,I stepped on a thingy and now my foot hurts.,"Я наступил на какую-то штуку, и теперь у меня болит нога.","Health, Fatigue, or Physical Pain",3,2,health
6453,I got a tonne of other shit now i have to worry about especially with me becoming Assisstant Manager at work.,"Теперь у меня есть куча другого дерьма, о котором мне нужно беспокоиться, особенно с учетом того, что я стал помощником менеджера на работе.",Work,1,0,work
6499,"oh,and the guidance counselors at school are complete idioits.","ох, и школьные консультанты - полные идиоты.",School,1,0,work
2800,This whole coronavirus thing.,Вся эта история с коронавирусом.,"Health, Fatigue, or Physical Pain",3,2,health
2255,"Ohhh you know, just the impending doom of existential dread and uncertainty in the world","Ох, знаешь, просто надвигающаяся гибель экзистенциального страха и неуверенности в мире.",Emotional Turmoil,6,5,unknown
4969,"Didn't get nearly enough sleep before getting up to go to the game, so I felt like crap the first half.","Не успел выспаться перед тем, как встать, чтобы пойти на игру, поэтому в первой половине я чувствовал себя дерьмово.","Health, Fatigue, or Physical Pain",3,2,health
384,having a hard time paying the bills,с трудом оплачиваю счета,Financial Problem,5,4,finance
5915,"Scratch that, the roads in this whole damn state are confusing.","Забудьте об этом, дороги во всем этом чертовом штате сбивают с толку.",Other,6,5,unknown
4540,"My car still hasn't been fixed, it really sucks.. I've really been missing how my life used to be .. yeah","Мою машину до сих пор не починили, это действительно отстой.. Я действительно скучаю по тому, какой была моя жизнь.. да",Other,6,5,unknown
1579,just some crap at work.,просто какая-то херня на работе.,Work,1,0,work
1243,"I'm having problems at work, I feel like I don't fit in with my coworkers","У меня проблемы на работе, я чувствую, что не вписываюсь в круг своих коллег.",Work,1,0,work
3006,work has been making me upset because of the crazy workload and lack of assistance.,работа расстраивала меня из-за сумасшедшей загруженности и отсутствия помощи.,Work,1,0,work
3641,I need an event planner in my life because I am too tired and stressed to plan and think and think and ah think.,"Мне нужен организатор мероприятий в моей жизни, потому что я слишком устал и испытываю стресс, чтобы планировать, думать, думать и думать.",Everyday Decision Making,6,5,unknown
2948,We're overloaded at work with a bunch of cases to file within a month.,"Мы перегружены работой, у нас куча дел, которые нужно подать в течение месяца.",Work,1,0,work
414,hey friend. i have been stressed out tremendously with my kids lately.,"эй, друг. в последнее время я испытывал сильный стресс из-за своих детей.",Family Issues,2,1,family
4687,work is pissing me off more and more everyday.,работа с каждым днем ​​бесит меня все больше и больше.,Work,1,0,work
3883,the goodbye was really difficult for me.,прощание было для меня очень трудным.,Social Relationships,4,3,friends
5683,Which has been a big problem for me trying to relax.,"Это было большой проблемой для меня, когда я пытался расслабиться.",Emotional Turmoil,6,5,unknown
3958,I hate waiting...it seems like i've been doing a lot of that.,"Я ненавижу ждать... кажется, я много этим занимался.",Everyday Decision Making,6,5,unknown
4048,I'm getting really nervous and concerned now about acceptances.,Я сейчас очень нервничаю и беспокоюсь по поводу принятия.,Emotional Turmoil,6,5,unknown
4449,"So, the mandatory Christmas luncheon at work looms before me and I fear what may come to pass.","Итак, передо мной маячит обязательный рождественский обед на работе, и я боюсь того, что может произойти.",Work,1,0,work
1702,money problems. i don't have enough,проблемы с деньгами. мне не хватает,Financial Problem,5,4,finance
6408,"I am so hungry and there is nothing to eat and nothing open and even if there were, I feel so sick to my stomach I probably wouldnt eat anyway.","Я так голоден, и мне нечего есть, и ничего не открыто, а даже если бы и было, меня так тошнит, что я, наверное, все равно не стал бы есть.","Health, Fatigue, or Physical Pain",3,2,health
1301,I'm so worried about getting sick or my husband getting sick.,"Я так волнуюсь, что заболею или заболею мой муж.","Health, Fatigue, or Physical Pain",3,2,health
4463,The constant milling over this subject has really got to end soon.,Постоянное обсуждение этой темы действительно скоро закончится.,Other,6,5,unknown
2355,Right now I'm feeling overwhelmed at work.,Сейчас я чувствую себя перегруженным на работе.,Work,1,0,work
5249,This is due to me getting sick and the bubble mailer shortage malls have been experiencing.,"Это связано с тем, что я заболел, и в торговых центрах возникла нехватка почтовых отправлений.","Health, Fatigue, or Physical Pain",3,2,health
1945,my job and not taking a vacation and being lonely,"моя работа, а не отпуск и одиночество",Work,1,0,work
102,Being quarantined due to coronavirus.,Находится на карантине из-за коронавируса.,Social Relationships,4,3,friends
5830,Couple of months ago when I had to put my 15 year old dog down.,"Пару месяцев назад, когда мне пришлось усыпить свою 15-летнюю собаку.",Emotional Turmoil,6,5,unknown
5716,I feel so lonely and scared.,Мне так одиноко и страшно.,Emotional Turmoil,6,5,unknown
4342,This time is really hard on her with my dad being gone now.,"На этот раз ей очень тяжело, ведь моего отца уже нет.",Family Issues,2,1,family
5156,I have another assignment due next Monday for a class that I'm drowning in on a paper that I can barely understand.,"В следующий понедельник у меня есть еще одно задание по уроку, в котором я погружаюсь в работу, которую едва могу понять.",School,1,0,work
4519,Daily grind seems to be getting at me.,"Кажется, мне надоела ежедневная рутина.",Everyday Decision Making,6,5,unknown
2277,overtime at work!,сверхурочная работа!,Work,1,0,work
790,i got stress out yesterday because our dog got out and attack our neighbors yard,"вчера у меня случился стресс, потому что наша собака вышла и напала на двор наших соседей",Social Relationships,4,3,friends
3180,"i'm tired. tired mentally, emotionally and physically","Я устал. устал морально, эмоционально и физически",Emotional Turmoil,6,5,unknown
1665,man am i spent they are craking the wip at work,"чувак, я потратил, они на работе ломают вайп",Work,1,0,work
5037,"They're already struggling in school, and a change of schools will make it even harder for them.","У них и так проблемы в учебе, а смена школы еще больше усложнит им задачу.",School,1,0,work
5955,I think its just so much stress and like AHHH that im going crazy.,"Я думаю, это просто такой сильный стресс и типа «АААА», что я схожу с ума.",Emotional Turmoil,6,5,unknown
3025,"work has been stressful lately, my boss has been riding me.","последнее время работа была напряженной, мой начальник меня раздражал.",Work,1,0,work
2524,The coronavirus epidemic is frightening me and causing intense worry to me and my family,Эпидемия коронавируса пугает меня и вызывает сильное беспокойство у меня и моей семьи.,Family Issues,2,1,family
4125,It seems like my whole life is falling apart ... again ... and I need to get shit straightened out.,"Кажется, вся моя жизнь рушится... опять... и мне нужно во всём разобраться.",Emotional Turmoil,6,5,unknown
1611,lack of money is stressing me out.,отсутствие денег меня напрягает.,Financial Problem,5,4,finance
5503,I admit i make mistakes i bitch way too much about everything i let things get too me so easily and i am stressed about it way too much.,"Я признаю, что совершаю ошибки, я слишком много жалуюсь на все, я позволяю вещам слишком легко доставать меня, и я слишком сильно из-за этого переживаю.",Emotional Turmoil,6,5,unknown
3445,My health I think is doing worse.,"Думаю, мое здоровье ухудшается.","Health, Fatigue, or Physical Pain",3,2,health
4145,it's really hard for me to write now since i'm so tired... i had a meet today.,"мне сейчас очень трудно писать, потому что я так устал... у меня сегодня была встреча.",Work,1,0,work
6761,"I have no self esteem, I hate myself, I have no friends.","У меня нет самоуважения, я ненавижу себя, у меня нет друзей.",Emotional Turmoil,6,5,unknown
6699,i just don't know how i'm going to get through these rough last days when i'm already gone from here in my mind.,"я просто не знаю, как я переживу эти тяжелые последние дни, когда мысленно я уже ушел отсюда.",Emotional Turmoil,6,5,unknown
3567,"I've been with Namco for 4 years now, and I still don't get health since I'm not full time.","Я работаю в Namco уже 4 года, и до сих пор не поправляюсь, так как работаю не полный рабочий день.",Work,1,0,work
5677,EVERY time i get into trouble he always has to try to get my dad to punish me more and more. and gets me sooo pissed.,"КАЖДЫЙ раз, когда я попадаю в беду, ему всегда приходится пытаться заставить отца наказывать меня все больше и больше. и меня ооочень бесит.",Family Issues,2,1,family
2773,This damn COVID 19!,Этот проклятый Covid-19!,Emotional Turmoil,6,5,unknown
2669,The situation i been stressing out about is the COVID-19 virus,"Ситуация, о которой я подчеркиваю, - это вирус COVID-19.","Health, Fatigue, or Physical Pain",3,2,health
6669,"Don't you hate it when you are stressed out, but you know that some of what you're stressing about is your own fault?","Разве вы не ненавидите стресс, но знаете, что отчасти в том, из-за чего вы нервничаете, виноваты вы сами?",Emotional Turmoil,6,5,unknown
1536,i've had to deal with a bunch of nonsense at work.,мне пришлось иметь дело с кучей ерунды на работе.,Work,1,0,work
3592,I have a problem sleeping and thats annoying.,У меня проблемы со сном и это раздражает.,"Health, Fatigue, or Physical Pain",3,2,health
2627,the management of my work place insults my new idea about a project,руководство моего рабочего места оскорбляет мою новую идею о проекте,Work,1,0,work
1754,"my boss is micro managing us, it's so frustrating. it doesn't help the moral of the team","мой босс управляет нами на микроуровне, и это так расстраивает. это не помогает моральному духу команды",Work,1,0,work
103,Being quarantined for the coronavirus in our town,В нашем городе на карантине из-за коронавируса.,Emotional Turmoil,6,5,unknown
893,i have been out of work due to corona virus,я был без работы из-за вируса короны,Work,1,0,work
3811,I've been having a lot of schoolwork that I have to finish each day.,"У меня было много школьных заданий, которые мне приходилось выполнять каждый день.",School,1,0,work
3379,"i just started my birth control today, and now have sucha bad stomach ache, and my chest pains are terrible.","Я только сегодня начала принимать противозачаточные средства, и теперь у меня такая сильная боль в животе и ужасные боли в груди.","Health, Fatigue, or Physical Pain",3,2,health
771,i feel very bad please help me,"мне очень плохо, пожалуйста, помоги мне",Emotional Turmoil,6,5,unknown
106,Being shut in from the virus,Быть закрытым от вируса,Everyday Decision Making,6,5,unknown
5483,I'm sick of having insecurities within myself about my friendships.,Мне надоело иметь неуверенность в себе по поводу моих дружеских отношений.,Social Relationships,4,3,friends
2817,too many unexpected and unavoidable expenses this past week.,слишком много неожиданных и неизбежных расходов на прошлой неделе.,Financial Problem,5,4,finance
5373,"She's too busy, and also claims I upset her boyfriend with my mere presence in their vicinity.","Она слишком занята, а также утверждает, что я расстраиваю ее парня одним своим присутствием рядом с ними.",Social Relationships,4,3,friends
781,i got fight with my boss. reason is she is very dominate.,"я поругался с моим боссом. причина в том, что она очень доминирует.",Work,1,0,work
2052,my relationship with my husband is strained.,мои отношения с мужем натянуты.,Family Issues,2,1,family
5662,"Mum and Dad keep shouting at me, and I feel like I'm not doing things right, although I'm not really sure what I'm not doing right.","Мама и папа продолжают кричать на меня, и мне кажется, что я что-то делаю не так, хотя я не совсем уверен, что я делаю не так.",Family Issues,2,1,family
1006,i have not been able to find a job and am super stressed.,Я не смог найти работу и очень напряжен.,Work,1,0,work
2987,work and money. it is that simple.,работа и деньги. это так просто.,Other,6,5,unknown
2931,"well, i applied for a master's degree and got denied :(","ну, я подал заявку на степень магистра, и мне отказали :(",School,1,0,work
6436,"Too much stuff to do, to take care of, and never enough time in which to do it all.","Слишком много дел, о которых нужно позаботиться, и никогда не хватает времени, чтобы сделать все это.",Everyday Decision Making,6,5,unknown
158,class is boring....unable to focus,на уроках скучно...невозможно сосредоточиться,School,1,0,work
5725,"My god, war majorly frightens me.","Боже мой, война меня больше всего пугает.",Other,6,5,unknown
2050,my relationship with my boyfriend.,мои отношения с моим парнем.,Social Relationships,4,3,friends
6367,god my family sucks sometimes.,"Боже, моя семья иногда отстой.",Family Issues,2,1,family
5488,a question? why must christmas with my family be such a chore?,вопрос? почему Рождество с семьей должно быть такой рутиной?,Family Issues,2,1,family
5569,all these bombings that are going on are realy starting to freak me out and fuck with my head.,все эти происходящие взрывы действительно начинают меня пугать и мутить мне голову.,Other,6,5,unknown
2076,my sister-in-law has been diagnosed with ovarian cancer,у моей невестки диагностировали рак яичников,Family Issues,2,1,family
2552,the cost of my daughter's wedding.,стоимость свадьбы моей дочери.,Financial Problem,5,4,finance
5562,"She was a little upset because she knows how some people get when they get boyfriends, and she was scared of losing our friendship.","Она была немного расстроена, потому что знает, что чувствуют некоторые люди, когда у них появляется парень, и боялась потерять нашу дружбу.",Social Relationships,4,3,friends
6086,"It's compounded by feeling like Work is pretty much pointless and stressful, and that I get hardly any free time any more.","Это усугубляется ощущением, что работа практически бессмысленна и напряжена, и что у меня почти нет свободного времени.",Work,1,0,work
3816,My relationship with my boyfriend's son.,Мои отношения с сыном моего парня.,Family Issues,2,1,family
2315,preparing for the wedding,подготовка к свадьбе,Other,6,5,unknown
5996,my parents and i have been long been ridiculed and treated poorly by my father's family and my parents really cannot afford to pay that much.,"Семья моего отца и меня уже давно высмеивают и плохо обращаются со мной и моими родителями, и мои родители действительно не могут позволить себе платить так много.",Family Issues,2,1,family
4555,Everyday life is usually too chaotic for you.,Повседневная жизнь обычно слишком хаотична для вас.,Everyday Decision Making,6,5,unknown
3986,I keep getting sad when I think about Cordelia leaving.,"Мне все время грустно, когда я думаю об уходе Корделии.",Social Relationships,4,3,friends
116,Being unemployed has been really stressful.,Быть безработным было настоящим стрессом.,Work,1,0,work
1700,money problems for school is a bust,проблемы с деньгами в школе - это перебор,School,1,0,work
3485,It's getting cold enough already that my hands are aching.,"Уже настолько холодно, что у меня болят руки.","Health, Fatigue, or Physical Pain",3,2,health
3729,I'm worried my beliefs and morals conflict with my employers.,"Я беспокоюсь, что мои убеждения и мораль противоречат взглядам моих работодателей.",Work,1,0,work
652,i am trying to interact with a person who at times is in a bad mood,"я пытаюсь общаться с человеком, который временами находится в плохом настроении",Social Relationships,4,3,friends
1104,I need a haircut and all the barbers are closed.,"Мне нужно подстричься, а все парикмахерские закрыты.",Other,6,5,unknown
6286,Tonks's family is disgusted by her marriage.,Семья Тонкс возмущена ее браком.,Family Issues,2,1,family
4863,School is fucking killing me.,Школа меня убивает.,School,1,0,work
1443,i've been having alot of health issues stomach and woman.,"у меня было много проблем со здоровьем, желудком и женщиной.","Health, Fatigue, or Physical Pain",3,2,health
5115,I have too much homework left to do.,У меня осталось слишком много домашней работы.,School,1,0,work
2730,there's nothing to make for dinner and i'm starving.,"мне нечего приготовить на ужин, и я умираю с голоду.",Everyday Decision Making,6,5,unknown
5372,anyways i am so sick of the constant drama that occurs in my daily activities.,"в любом случае меня так тошнит от постоянной драмы, которая происходит в моей повседневной деятельности.",Social Relationships,4,3,friends
3147,Yo I'm hate my job right now,"Йоу, я сейчас ненавижу свою работу",Work,1,0,work
921,i have been stressed about work load and my abilities to finish on time.,меня беспокоила рабочая нагрузка и моя способность закончить работу вовремя.,Work,1,0,work
1645,living with my mother,живу с моей матерью,Family Issues,2,1,family
2442,still studying for that test,все еще готовлюсь к этому тесту,School,1,0,work
4423,I am pretty upset about my Thanksgiving plans that keep getting jumbled!,"Я очень расстроена своими планами на День Благодарения, которые постоянно путаются!",Other,6,5,unknown
1276,i'm not good at cooking but must cook sunday dinner.,"Я не умею готовить, но должен приготовить воскресный ужин.",Other,6,5,unknown
5394,A certain ex makes me feel really uncomfortable when I run into him.,"Один бывший заставляет меня чувствовать себя очень некомфортно, когда я сталкиваюсь с ним.",Social Relationships,4,3,friends
5848,"I'm so frustrated with life right now, I can't even think of anything to say.","Я сейчас настолько расстроена жизнью, что даже не могу придумать, что сказать.",Emotional Turmoil,6,5,unknown
499,"honestly, school has been very stressful lately cause of my finals.","честно говоря, в последнее время в школе было очень тяжело из-за моих выпускных экзаменов.",School,1,0,work
4308,That situation with work has gotten more complicated. I now have to go back in for a 're-interview'.,С работой ситуация усложнилась. Теперь мне нужно вернуться на «повторное собеседование».,Work,1,0,work
5102,i need to work on my procrastinating. school.,мне нужно поработать над своей прокрастинацией. школа.,School,1,0,work
4181,"I've had some sort of expressive block lately, and I don't like it!","В последнее время у меня какой-то блок экспрессии, и мне это не нравится!",Emotional Turmoil,6,5,unknown
1070,i just had an auto accident. i need to know what to do.,"я только что попал в автокатастрофу. мне нужно знать, что делать.",Other,6,5,unknown
3008,work has been pretty stressful.,работа была довольно напряженной.,Work,1,0,work
2732,there's this thing going on at work...,что-то происходит на работе...,Work,1,0,work
3720,My reduced hour at work due to this pandemic crisis.,Мой сокращенный рабочий час из-за этого пандемического кризиса.,Work,1,0,work
6259,my family can't find or contact my sister.,моя семья не может найти или связаться с моей сестрой.,Family Issues,2,1,family
6796,Things are tough at home for my Mum.,Моей маме дома тяжело.,Family Issues,2,1,family
1756,My boss is really pushing me and its hard to deal with,"Мой начальник очень давит на меня, и с этим трудно справиться.",Work,1,0,work
6160,I always feel guilty when my family starts to drive me crazy.,"Я всегда чувствую себя виноватым, когда моя семья начинает сводить меня с ума.",Family Issues,2,1,family
3420,I admitted to my smoking relapse the last 3 weeks.,"Я признался, что за последние 3 недели у меня случился рецидив курения.",Everyday Decision Making,6,5,unknown
2395,school work,школьная работа,School,1,0,work
6498,My classes are a bit more intense and I'm a little stressed with homework and studying for exams.,"Мои занятия немного более интенсивные, и я немного напряжен из-за домашних заданий и подготовки к экзаменам.",School,1,0,work
3839,"Hmm... Life has just been feeling alittle monotonous lately, i need spontinaity.","Хм... В последнее время жизнь стала немного однообразной, мне нужна спонтанность.",Emotional Turmoil,6,5,unknown
2006,My mom won't get off my back about having kids.,"Моя мама не отходит от меня из-за того, что у меня есть дети.",Family Issues,2,1,family
1607,lack of control,отсутствие контроля,Emotional Turmoil,6,5,unknown
3069,work is stressful and planning for the upcoming wedding next year!,работа напряженная и планирование предстоящей свадьбы в следующем году!,Work,1,0,work
1143,i think it is my parents health,"я думаю, это здоровье моих родителей","Health, Fatigue, or Physical Pain",3,2,health
2860,trying to keep a roof over our heads,пытаемся сохранить крышу над головой,Financial Problem,5,4,finance
2141,my workload and my personal wellness or hobbies just don't work out!,"моя рабочая нагрузка, мое личное здоровье или хобби просто не совпадают!",Work,1,0,work
5383,"What do you do when a friend is hurting, especially because a partner breaking up with him?","Что делать, если другу больно, особенно из-за того, что партнер расстался с ним?",Emotional Turmoil,6,5,unknown
785,"i got my car serviced last week, and now it's making a strange noise when i stop, smh!","На прошлой неделе я отдал свою машину в сервис, и теперь, когда я останавливаюсь, она издает странный шум, хм!",Other,6,5,unknown
25,"a problem at work, a problem at school, and planning a surprise party for my mother","проблема на работе, проблема в школе и планирование вечеринки-сюрприза для моей мамы",Work,1,0,work
918,I have been stressed about paying my rent. It has increase over $150 this month.,Я был в стрессе из-за оплаты аренды. В этом месяце он увеличился более чем на 150 долларов.,Financial Problem,5,4,finance
2099,"my stepduaghter is pregnant and she only told me, not her mom and dad!","моя падчерица беременна, и она рассказала об этом только мне, а не маме и папе!",Family Issues,2,1,family
5868,I obviously need the help lol.,"Мне явно нужна помощь, лол.",Other,6,5,unknown
952,i have been stressing out because of the recent math test. i don't think i did too well.,"Я нервничал из-за недавнего теста по математике. я не думаю, что я справился слишком хорошо.",School,1,0,work
5711,Having experienced considerable disappointment of late and not knowing quite what to do about it this has led you to suffer a great deal of agitation and anxiety.,"Испытав в последнее время значительное разочарование и не зная, что с этим делать, вы стали страдать от сильного волнения и беспокойства.",Emotional Turmoil,6,5,unknown
2060,my roommate has been being more distant towards me and i'm not sure if he's mad at me.,"мой сосед по комнате стал более отстраненным по отношению ко мне, и я не уверен, злится ли он на меня.",Social Relationships,4,3,friends
4040,I'm feeling like my life is one big waste lately.,"В последнее время мне кажется, что моя жизнь превратилась в одну большую трату.",Emotional Turmoil,6,5,unknown
1978,my kids are stressing me out,мои дети меня напрягают,Family Issues,2,1,family
5486,"It's kind of difficult, especially knowing I have friends that don't like asking for help or even seeking someone out to just talk when there's something on their minds.","Это довольно сложно, особенно зная, что у меня есть друзья, которые не любят просить о помощи или даже искать кого-нибудь, чтобы просто поговорить, когда у них что-то на уме.",Social Relationships,4,3,friends
1592,"just the usual work stuff, you know how teaching can be.","обычная работа, вы знаете, каким может быть преподавание.",Work,1,0,work
6239,"It makes me really sad that my mom can't be happy for me, that she has to add stress on to everything else that is already stressful.","Мне очень грустно, что моя мама не может порадоваться за меня, что ей приходится добавлять стресс ко всему остальному, что уже вызывает стресс.",Family Issues,2,1,family
3364,"Every time I see them, though, they've declined in health even more.","Однако каждый раз, когда я их вижу, их здоровье ухудшается еще больше.","Health, Fatigue, or Physical Pain",3,2,health
3301,I'm having a hard time sleeping again.,Мне снова трудно заснуть.,"Health, Fatigue, or Physical Pain",3,2,health
3411,If I dont take the asprin and allergy meds i feel miserabe and can't concentrate in my classes because I feel so horrible.,"Если я не принимаю асприн и лекарства от аллергии, я чувствую себя несчастным и не могу сосредоточиться на занятиях, потому что чувствую себя ужасно.","Health, Fatigue, or Physical Pain",3,2,health
5201,"it makes me sad hearing about my friends and their disappointments, it makes me bad because i can't help them the way they need.","мне грустно слышать о моих друзьях и их разочарованиях, мне становится плохо, потому что я не могу им помочь так, как они нуждаются.",Social Relationships,4,3,friends
3332,"I think it was I wasn't getting enough sleep and then I got some sleep last night, so my body is like in overload.","Я думаю, это из-за того, что я не выспался, а потом я немного поспал прошлой ночью, поэтому мое тело словно перегружено.","Health, Fatigue, or Physical Pain",3,2,health
592,I am so stressed out and i cannot bear  what i am going through please give me some help,"Я в таком стрессе и не могу вынести того, что переживаю, пожалуйста, помогите мне.",Emotional Turmoil,6,5,unknown
6742,I need to speak to my client immediately.,Мне нужно немедленно поговорить с клиентом.,Work,1,0,work
5934,"u have no idea Anyways some of my friends lives are all in a wreck right now and it makes me feel so, so, so bad for them.","ты понятия не имеешь В любом случае, жизнь некоторых из моих друзей сейчас в катастрофе, и мне от этого так, так, так плохо за них.",Social Relationships,4,3,friends
2726,theres a situation at work,такая ситуация на работе,Work,1,0,work
1352,i'm trying to plan my sister's wedding,я пытаюсь спланировать свадьбу своей сестры,Family Issues,2,1,family
3079,work of course - it's less busy but still weird,"работа, конечно - она ​​менее занята, но все равно странно",Work,1,0,work
2098,my step kids show absolutely no respect,мои приемные дети не выказывают абсолютно никакого уважения,Family Issues,2,1,family
885,i have been juggling staffing issues and project deadlines all week.,Всю неделю я жонглировал кадровыми вопросами и сроками проектов.,Work,1,0,work
1802,my child,мой ребенок,Family Issues,2,1,family
3600,"and I guess my dog is having major problems, that makes me sad.","и я думаю, что у моей собаки серьезные проблемы, и это меня огорчает.",Emotional Turmoil,6,5,unknown
5998,I'm starting to feel really on edge since I have no income and I'm spending a lot of money.,"Я начинаю чувствовать себя очень нервно, поскольку у меня нет дохода и я трачу много денег.",Financial Problem,5,4,finance
3831,"every time I think I'm getting over the whole work thing, something brings me down.","каждый раз, когда я думаю, что справляюсь со всей работой, что-то меня расстраивает.",Work,1,0,work
2787,this stupid girl that likes my boyfriend has been stressing me out,"эта глупая девчонка, которой нравится мой парень, меня раздражает",Social Relationships,4,3,friends
2503,The corona virus and social-distancing situation has been stressing me out.,Вирус короны и ситуация с социальным дистанцированием вызывают у меня стресс.,"Health, Fatigue, or Physical Pain",3,2,health
610,i am stressed about paying of my credit card after christmas,меня беспокоит оплата кредитной карты после Рождества,Financial Problem,5,4,finance
5432,I'm sorry to be such a pain around the holidays.,"Мне жаль, что я причиняю такую ​​боль в праздники.",Social Relationships,4,3,friends
6738,The feeling is so stressful.,Ощущение такое стрессовое.,Emotional Turmoil,6,5,unknown
2919,well i just found out my soon to be exhusband just had another baby,"ну, я только что узнал, что у моего будущего мужа только что родился еще один ребенок",Family Issues,2,1,family
4464,"With all the crap I have to deal with at home and work and school, carrying these issues on my shoulder isnt the most comforting thing.","Учитывая всю ту ерунду, с которой мне приходится иметь дело дома, на работе и в школе, нести эти проблемы на своих плечах — не самое утешительное занятие.",School,1,0,work
943,I have been stressing about the dynamic between me and my boss.,Я подчеркивал динамику между мной и моим боссом.,Work,1,0,work
4499,"decisions, decisions! off to do laundry and clean for a bit, my house is a mess since we had to move things around to put in the flooring.","решения, решения! ушел немного постирать и прибраться, у меня дома беспорядок, так как нам пришлось передвигать вещи, чтобы положить пол.",Everyday Decision Making,6,5,unknown
6630,My sister is upset with me.,Моя сестра расстроена из-за меня.,Family Issues,2,1,family
3324,"So, as I'm trying to go to sleep at night my mind starts to wonder until it is tired.","Итак, когда я пытаюсь заснуть ночью, мой разум начинает задаваться вопросом, пока не устанет.","Health, Fatigue, or Physical Pain",3,2,health
3479,Facing everything I put behind me and being on this medication is really making my body freak out.,"Столкновение со всем, что я оставил позади, и прием этого лекарства действительно сводят мое тело с ума.","Health, Fatigue, or Physical Pain",3,2,health
3624,"Lately, I haven't been feeling good and have not been in the best of moods.",В последнее время я чувствую себя неважно и не в лучшем настроении.,Emotional Turmoil,6,5,unknown
1951,my job has been really stressful with deadlines this week.,на этой неделе моя работа была очень напряженной из-за сроков.,Work,1,0,work
6405,"i'm definitely not happy with the situation but sometime people hit huge bumps in their road and unfortunately, i did and have to backtrack a semester.","Я определенно не доволен ситуацией, но иногда люди натыкаются на огромные неровности на своем пути, и, к сожалению, я это сделал, и мне пришлось вернуться на семестр.",School,1,0,work
5919,"With my mind going crazy and with me missing so much work, it's going to be so hard for me to catch up.","Поскольку мой разум сходит с ума и я пропускаю так много работы, мне будет очень трудно наверстать упущенное.",Work,1,0,work
4330,They just get frustrated when they have to deal with so much and they dont think they're getting much back.,"Они просто расстраиваются, когда им приходится иметь дело с таким большим количеством вещей, и они не думают, что получат много взамен.",Everyday Decision Making,6,5,unknown
2376,school has been stressing me a lot recently.,В последнее время школа меня сильно напрягает.,School,1,0,work
4045,I'm getting behind on my work which isn't cool.,"Я отстаю от работы, и это не круто.",Work,1,0,work
4479,That's what happens everytime I get stressed.,"Вот что происходит каждый раз, когда я испытываю стресс.",Other,6,5,unknown
5316,My mother had asked me today to go help my uncle pack his stuff to move.,Моя мама попросила меня сегодня помочь дяде собрать вещи для переезда.,Other,6,5,unknown
5164,School is driving me nuts.,Школа сводит меня с ума.,School,1,0,work
6429,I'm very disappointed in tonight's dinner.,Я очень разочарован сегодняшним ужином.,Other,6,5,unknown
542,i am having difficulty finding motivation to study,мне трудно найти мотивацию для учебы,School,1,0,work
1568,"just having a long work week, kind of taxing my patience.","просто у меня долгая рабочая неделя, которая истощает мое терпение.",Work,1,0,work
4160,I've been missing too much work.,Я пропустил слишком много работы.,Work,1,0,work
914,i have been stressed about my financial situation because we currently have so much debt,"я был в стрессе из-за своего финансового положения, потому что сейчас у нас очень много долгов",Financial Problem,5,4,finance
6711,"There aren't words for how pissed I am right now, or how much I'm going to freak out if I don't find it.","Нет слов, чтобы описать, как я сейчас зол или как сильно я сойду с ума, если не найду это.",Other,6,5,unknown
1964,"my job lost half its funding so hours have been cut. so, paying bills has been hard.","моя работа потеряла половину финансирования, поэтому часы были сокращены. Итак, оплачивать счета было сложно.",Work,1,0,work
1347,i'm trying to figure out this new app so i can plan my meals tomorrow.,"Я пытаюсь разобраться с этим новым приложением, чтобы планировать еду на завтра.",Other,6,5,unknown
900,i have been so stressed trying to get over this broken ankle.,"я был в таком стрессе, пытаясь справиться со сломанной лодыжкой.","Health, Fatigue, or Physical Pain",3,2,health
1577,just sent a risky text,только что отправил рискованное сообщение,Social Relationships,4,3,friends
2283,parenting is so stressful! i hate being the bad guy and giving time outs!,воспитание детей - это такой стресс! ненавижу быть плохим парнем и давать тайм-ауты!,Family Issues,2,1,family
3020,work has been so crazy busy,работа была безумно занята,Work,1,0,work
990,i have lot of work pressure & personal issues. need your advice & way to relax,У меня много давления на работе и личные проблемы. нужен твой совет и способ расслабиться,Work,1,0,work
4332,Things are weird in my life and I just feel that im being left behind.,"В моей жизни происходят странные вещи, и я просто чувствую, что меня оставили позади.",Other,6,5,unknown
108,Being stuck at home and not being able to go  to church,Сидеть дома и не иметь возможности пойти в церковь,Other,6,5,unknown
5066,blame it on anxiety to go back to school.,вините в этом беспокойство по поводу возвращения в школу.,School,1,0,work
5928,"Yeah, I haven't been sleeping well and that could be part of all the weird feelings this past week.","Да, я плохо спал, и это может быть частью всех странных ощущений на прошлой неделе.","Health, Fatigue, or Physical Pain",3,2,health
1509,i've been swamped with homework and school projects.,я был завален домашними заданиями и школьными проектами.,School,1,0,work
1074,i just moved with my fiance.,я только что переехал со своим женихом.,Social Relationships,4,3,friends
6416,"My house has so many ""pending"" and ""in progress"" projects at all times I go nuts.","В моем доме так много «ожидающих» и «в разработке» проектов, что я постоянно схожу с ума.",Other,6,5,unknown
1616,lately i don't have enough time after work. i get home and have to cook for everyone.,в последнее время у меня не хватает времени после работы. я прихожу домой и должен готовить для всех.,Work,1,0,work
261,everyone being in my space while stuck at home,"все находятся в моем пространстве, пока застряли дома",Social Relationships,4,3,friends
1262,i'm just not myself lately. i have been a little down since the beginning of the week.,я просто не в себе в последнее время. я был немного подавлен с начала недели.,Emotional Turmoil,6,5,unknown
5082,"all this happens while I'm in school, which makes learning quite difficult.","все это происходит, пока я учусь в школе, что затрудняет обучение.",School,1,0,work
2479,that i want to leave my husband,что я хочу уйти от мужа,Social Relationships,4,3,friends
3703,I have been really stressed about juggling work and home while under quarantine,Во время карантина я испытывал сильный стресс из-за совмещения работы и дома.,Work,1,0,work
2846,trying to find a new job is hard. bills do not stop.,попытаться найти новую работу сложно. счета не останавливаются.,Work,1,0,work
3124,worried about my folks and this virius.,беспокоюсь о своих родных и об этом вирусе.,Social Relationships,4,3,friends
1688,money had been stressful lately,деньги были стрессом в последнее время,Financial Problem,5,4,finance
2559,The COVID-19 has presented a stressful situation for me recently.,В последнее время Covid-19 стал для меня стрессовой ситуацией.,"Health, Fatigue, or Physical Pain",3,2,health
3523,"As I mentioned, this is extremely frustrating when I've been waiting all week, as have my friends, to do some serious RPing.","Как я уже упоминал, это очень расстраивает, когда я, как и мои друзья, всю неделю ждал, чтобы сделать какой-нибудь серьезный ролевой проект.",Social Relationships,4,3,friends
1544,I've recently started to compose music and finding a good melody is stressful,"Я недавно начал сочинять музыку, и найти хорошую мелодию — это стресс.",Emotional Turmoil,6,5,unknown
6621,"Living with someone like this is tremendously demanding and anxiety provoking, causing the abused person to feel constantly frightened, unsettled and off balance.","Жизнь с таким человеком требует огромных усилий и вызывает беспокойство, в результате чего человек, подвергшийся насилию, постоянно чувствует себя напуганным, неуверенным и потерявшим равновесие.",Emotional Turmoil,6,5,unknown
4186,Just kind of blah. I have to work tonight and for some reason kind of stressed about it.,"Просто типа бла. Мне сегодня вечером нужно работать, и по какой-то причине я очень волнуюсь из-за этого.",Work,1,0,work
3654,i havent been sleeping well lately.,я плохо сплю в последнее время.,"Health, Fatigue, or Physical Pain",3,2,health
2721,There is a pandemic and it is dangerous to leave the house.,Сейчас пандемия и выходить из дома опасно.,"Health, Fatigue, or Physical Pain",3,2,health
1038,"i have very little money in my account, i can't make ends meet.","У меня очень мало денег на счету, я не могу свести концы с концами.",Financial Problem,5,4,finance
604,i am stressed about getting my application decisions,меня беспокоит получение решения по моему заявлению,School,1,0,work
953,i have been stressing out how to prepare for my final exam.,"Я много думал о том, как подготовиться к выпускному экзамену.",School,1,0,work
2278,owe more money than i have. autopay is the worst thing ever to utilize.,"должен больше денег, чем у меня есть. автоплатеж — худшая вещь, которую когда-либо можно было использовать.",Financial Problem,5,4,finance
2007,my moms spending habits who is on a fixed income. doesnt matter how much i talk to her.,"привычки моей мамы к расходам, у которой фиксированный доход. не имеет значения, сколько я с ней разговариваю.",Family Issues,2,1,family
4994,Heartbreak makes it really really difficult to do schoolwork.,Из-за разбитого сердца становится очень трудно выполнять школьные задания.,School,1,0,work
3967,i have been so frustrated lately and i don't kno why.,"Я был так расстроен в последнее время, и я не знаю, почему.",Emotional Turmoil,6,5,unknown
2186,not feeling good,нехорошо себя чувствую,"Health, Fatigue, or Physical Pain",3,2,health
2064,my school project,мой школьный проект,School,1,0,work
4705,Busy is putting of biological needs such as eating and pooing because of a lack of time to devote to them.,"Занятость – это удовлетворение биологических потребностей, таких как еда и какание, из-за нехватки времени, чтобы посвятить их.","Health, Fatigue, or Physical Pain",3,2,health
2514,"The Corona Virus, this is a scary thing.","Коронавирус, это страшная вещь.","Health, Fatigue, or Physical Pain",3,2,health
818,i have a crazy employee who is not reliable and is uncooperative.,"У меня есть сумасшедший сотрудник, который ненадежен и отказывается сотрудничать.",Work,1,0,work
2176,not being able to see my niece and nephew,не могу видеться с племянницей и племянником,Family Issues,2,1,family
3824,I would say that the coronavirus has been the number one stresser.,"Я бы сказал, что коронавирус стал стрессом номер один.","Health, Fatigue, or Physical Pain",3,2,health
1375,i'm worried about my upcomming deadline,я беспокоюсь о приближающемся дедлайне,Work,1,0,work
3892,"Coupled with constant writer's block and feeling uncreative, I got stressed out early.",В сочетании с постоянным писательским кризисом и ощущением нетворческой активности я рано впал в стресс.,Work,1,0,work
311,finding a hard time covering my expenses and bills,мне трудно покрывать свои расходы и счета,Financial Problem,5,4,finance
4021,"I was worried for a while, since I was really starting to feel like I was running out of material.","Некоторое время я волновался, так как действительно начал чувствовать, что у меня заканчивается материал.",Other,6,5,unknown
3251,"I decided I need to lose weight again, and I haven't had much of an appetite.","Я решила, что мне нужно снова похудеть, а аппетит у меня пропал.","Health, Fatigue, or Physical Pain",3,2,health
813,i have a boss who is clueless in regards to his words.,"у меня есть начальник, который не понимает своих слов.",Work,1,0,work
3161,its making me stressed and that leads to my stomache hurting.,"это вызывает у меня стресс, и это приводит к боли в животе.","Health, Fatigue, or Physical Pain",3,2,health
501,hoping to beat the crazy shoppers that go shopping on black friday by shopping online,"надеясь победить сумасшедших покупателей, которые ходят за покупками в черную пятницу, совершая покупки в Интернете",Other,6,5,unknown
920,i have been stressed about the move coming up.,я был в стрессе по поводу предстоящего переезда.,Other,6,5,unknown
5007,I can defenitley say that it was one of the worst school years of my life.,"Могу с уверенностью сказать, что это был один из худших школьных лет в моей жизни.",School,1,0,work
4302,something's just not right....i've got a bad feeling about the next few days.,что-то не так... у меня плохое предчувствие насчет следующих нескольких дней.,Emotional Turmoil,6,5,unknown
4780,I wasn't going to be able to keep up with all the work I had on my plate.,"Я не собирался справляться со всей работой, которая лежала на моей тарелке.",Work,1,0,work
3971,I have had a tough time updating here lately.,В последнее время мне было трудно обновляться здесь.,Everyday Decision Making,6,5,unknown
2154,"no money, deadlines, life is kinda collapsing","денег нет, сроки, жизнь как-то рушится",Financial Problem,5,4,finance
4913,I have been working hard lately to pull my grades up in school that I have sadly let slip.,"В последнее время я усердно работал, чтобы улучшить свои оценки в школе, о чем, к сожалению, упустил.",School,1,0,work
2022,my new job.,моя новая работа.,Work,1,0,work
4286,"Sigh... but I've been making things hard for myself, recently.",Эх... но в последнее время я усложняю себе жизнь.,Other,6,5,unknown
3904,haha leaving school was sooo difficult for me.,"хаха, мне было ооочень трудно покинуть школу.",Other,6,5,unknown
6155,wow my mom is already pissing me off and i just got home.,"вау, моя мама меня уже бесит, а я только что вернулся домой.",Family Issues,2,1,family
4420,I've been planning on cleaning but then stupid stuff like getting my car fixed happens and I'm never there.,"Я планировал заняться уборкой, но потом случаются такие глупости, как ремонт моей машины, а меня так и не бывает.",Everyday Decision Making,6,5,unknown
2397,"school, homework, work, and social obligations","школа, домашние задания, работа и социальные обязательства",School,1,0,work
4764,"Well, that and the fact that this will be over before I know it since time flies when you're really busy.","Ну, и еще тот факт, что все закончится прежде, чем я узнаю об этом, ведь время летит незаметно, когда ты очень занят.",Everyday Decision Making,6,5,unknown
2263,omg. i'm so stressed by work.,мой Бог. я так напряжен из-за работы.,Work,1,0,work
1650,looking for work has had me the most stressed lately.,Поиск работы вызывал у меня самый большой стресс в последнее время.,Work,1,0,work
6353,"Sometimes, I find family activities boring and have difficulty following family rules that don't make sense to me.","Иногда я нахожу семейные занятия скучными, и мне трудно соблюдать семейные правила, которые не имеют для меня смысла.",Family Issues,2,1,family
5430,"He's not who I thought he was, and he can't handle the emotional complexity that tends to be created in my relationships.","Он не тот, кем я его считал, и он не может справиться с той эмоциональной сложностью, которая обычно возникает в моих отношениях.",Social Relationships,4,3,friends
5586,I'm tired of the stress.,Я устал от стресса.,Other,6,5,unknown
1189,i would respond back about what it bothering me,"я бы ответил, что меня это беспокоит",Other,6,5,unknown
4171,I've been stressed to the near breaking point over this move.,Из-за этого шага я был доведен до предела.,Everyday Decision Making,6,5,unknown
177,Corona virus... it's just non stop. What about you?,Вирус короны... это просто нон-стоп. А вы?,"Health, Fatigue, or Physical Pain",3,2,health
1532,i've got too much work to do and not enough time,у меня слишком много работы и мало времени,Work,1,0,work
5678,I always get nervous about job interviews and meetings anyway.,"В любом случае, я всегда нервничаю по поводу собеседований и встреч.",Work,1,0,work
3049,work in general and searching the real estate market.,работа в целом и поиск на рынке недвижимости.,Work,1,0,work
6017,I'm struggling to make rent as I lost my job and kinda have nowhere to go.,"Я изо всех сил пытаюсь платить за аренду, так как потерял работу и мне некуда идти.",Financial Problem,5,4,finance
949,i have been stressing out about the upcoming hospitalization.,Я переживал по поводу предстоящей госпитализации.,"Health, Fatigue, or Physical Pain",3,2,health
5445,So new friends of mine why are you being so difficult to hang out??,"Мои новые друзья, почему с вами так трудно тусоваться??",Social Relationships,4,3,friends
2663,the sale of my house is making lose sleep.,продажа моего дома лишает меня сна.,Financial Problem,5,4,finance
3916,I am sad that I won't have that class anymore.,"Мне грустно, что у меня больше не будет этого класса.",School,1,0,work
6557,School is getting way to stressful!,Школа становится слишком напряженной!,School,1,0,work
4296,"so many things have been bothering me lately, and i feel like i am about ready to have a breakdown.","В последнее время меня беспокоит так много вещей, и я чувствую, что вот-вот сломаюсь.",Emotional Turmoil,6,5,unknown
6830,"ahhhhhhhhhhhhh my mom was pissed my dad, might be pissed shit you can obviously tell that i cant do this anymore!","ааааааааа моя мама разозлилась, мой отец, может быть, разозлился, черт возьми, ты, очевидно, можешь сказать, что я больше не могу этого делать!",Family Issues,2,1,family
5606,"It really sucks and I feel bad for her, and I just want things to get better for her.","Это действительно отстой, и мне ее жаль, и я просто хочу, чтобы ей стало лучше.",Social Relationships,4,3,friends
1062,I just feel I don't have time to finish everything.,"Я просто чувствую, что у меня нет времени все закончить.",Everyday Decision Making,6,5,unknown
1529,"i've been worrying about our old cat, pebbles, and if we need to put her down.","Я беспокоился о нашей старой кошке, о гальке и о том, нужно ли нам ее усыпить.",Emotional Turmoil,6,5,unknown
6696,we just fight and he just hates me all the time for everything i do.,"мы просто ссоримся, а он все время меня ненавидит за все, что я делаю.",Social Relationships,4,3,friends
5640,I'm tired of putting myself through this mental strain.,Я устал подвергать себя этому умственному напряжению.,Emotional Turmoil,6,5,unknown
4607,I hate the Y. I always have to work soo much and I never have time to do anything.,"Я ненавижу Y. Мне всегда приходится так много работать, и у меня никогда нет времени ни на что.",Work,1,0,work
548,i am having problems at my apartment because my landlond won't fix anything.,"У меня проблемы в квартире, потому что мой домовладелец ничего не ремонтирует.",Other,6,5,unknown
1858,my dogs have been misbehaving. i am worried that one of the them is sick.,"мои собаки плохо себя вели. Я беспокоюсь, что один из них болен.",Other,6,5,unknown
346,getting to graduation with the best GPA possible,дойти до окончания школы с максимально возможным средним баллом,School,1,0,work
4546,"I've got lots of work, and no motivation to do it.","У меня много работы, а мотивации к ней нет.",Work,1,0,work
4724,i've gotten really behind on keeping dishes washed.,я очень отстал от мытья посуды.,Other,6,5,unknown
6221,my sister is a pain in my ass.,моя сестра - заноза в моей заднице.,Family Issues,2,1,family
2610,the holidays are coming up,праздники приближаются,Other,6,5,unknown
5243,i dont like having a huge group of friends. too hard to satisfy everyone.,мне не нравится иметь огромную группу друзей. слишком сложно удовлетворить всех.,Social Relationships,4,3,friends
3341,"She's working very hard, loads of hours, and she just seems so stressed.","Она очень много работает, много часов, и кажется, она очень напряжена.",Work,1,0,work
4072,I'm pretty sick of training at this point.,На данный момент мне уже надоело тренироваться.,Other,6,5,unknown
3726,Money,Деньги,Financial Problem,5,4,finance
2745,things with my kids have been hard,с моими детьми было тяжело,Family Issues,2,1,family
2036,my presentation that's coming up,"моя презентация, которая скоро появится",Work,1,0,work
886,I have been laid off my job due to the pandemic.,Меня уволили с работы из-за пандемии.,Work,1,0,work
5635,I'm scared of you falling apart and not being able to be there for you.,"Я боюсь, что ты развалишься и не сможешь быть рядом с тобой.",Social Relationships,4,3,friends
3850,lately I've been getting really sad when I think about not being with mom.,"в последнее время мне становится очень грустно, когда я думаю о том, что не могу быть с мамой.",Family Issues,2,1,family
4319,"the roommates are getting fed up with it, and i got what felt like an ultimatum today.","соседям по комнате это надоело, и сегодня мне поставили что-то вроде ультиматума.",Social Relationships,4,3,friends
1570,just issues with my fam,просто проблемы с моей семьей,Family Issues,2,1,family
2584,The current state of the world,Текущее состояние мира,Other,6,5,unknown
1486,i've been stressed out lately at work with tasks piling up.,В последнее время я был в стрессе на работе из-за накопившихся задач.,Work,1,0,work
2542,The coronavirus pandemic making me stay home!,Пандемия коронавируса заставляет меня оставаться дома!,Emotional Turmoil,6,5,unknown
1795,my car has been showing signs that something is wrong with it and it sucks,"моя машина подавала признаки того, что с ней что-то не так, и это отстой",Other,6,5,unknown
6321,I can't please any of my n.u.m.e.r.o.u.s. parents.,Я не могу угодить никому из своих многочисленных. родители.,Family Issues,2,1,family
5208,Does the thought of marriage scare you?,Вас пугает мысль о браке?,Other,6,5,unknown
1032,i have to start college classes on wednesday,мне нужно начать занятия в колледже в среду,School,1,0,work
4730,I've got so much work ahead of me its pretty scary.,"У меня впереди так много работы, что это довольно страшно.",Work,1,0,work
4197,Lately theres been so much going on I feel like I've lost who I am.,"В последнее время столько всего произошло, что я чувствую, что потерял себя.",Emotional Turmoil,6,5,unknown
2842,Trying to figure out how to make ends meet,"Пытаюсь понять, как свести концы с концами",Financial Problem,5,4,finance
3221,"Honestly, I have been having a headache all day so I'm guessing that is why. I have to work in cacique tomorrow!!!","Честно говоря, у меня весь день болела голова, думаю, именно поэтому. Завтра мне нужно работать в касике!!!","Health, Fatigue, or Physical Pain",3,2,health
1718,moving in to a new house.. so much stress,переезд в новый дом.. такой стресс,Other,6,5,unknown
1965,My job makes me stressed out and have a little bit of anxiety.,Моя работа вызывает у меня стресс и некоторую тревогу.,Work,1,0,work
6572,I have to make wedding invites and I've got a complete creative block just now.,"Мне нужно сделать приглашения на свадьбу, а сейчас у меня полный творческий застой.",Other,6,5,unknown
1605,knowing what to do this weekend,"знаю, что делать на этих выходных",Other,6,5,unknown
6430,am debating order dinner but dont really want to eat. fuck it,"Я обсуждаю заказ ужина, но есть не очень хочу. к черту это",Everyday Decision Making,6,5,unknown
665,I am very stressed out about the coronavirus-19.  I haven't been able to check my parent,Я очень переживаю из-за коронавируса-19.  Я не смог проверить своего родителя,Family Issues,2,1,family
4075,I'm really stressed about the end of semester projects.,Я очень переживаю из-за окончания семестровых проектов.,School,1,0,work
2972,which surgeon should i go to for the surgery on my shoulder?,к какому хирургу мне следует пойти для операции на плече?,"Health, Fatigue, or Physical Pain",3,2,health
712,i can't seem to figure out how i am going to get through this month.,"Я не могу понять, как я переживу этот месяц.",Emotional Turmoil,6,5,unknown
5946,People fight too much. I can't help but be pissed off at everything in my life right now.,Люди слишком много ссорятся. Я не могу не злиться на все в своей жизни прямо сейчас.,Emotional Turmoil,6,5,unknown
2791,This virus isolation thing,Эта штука с изоляцией вирусов,"Health, Fatigue, or Physical Pain",3,2,health
3219,If I get my body used to waking up at noon it's just going to make getting up and going to work on Sunday even more painful.,"Если я приучу свое тело просыпаться в полдень, вставать и идти на работу в воскресенье будет еще болезненнее.","Health, Fatigue, or Physical Pain",3,2,health
4369,"When commitment is already made, and prioritiys crash, leaving us bothin in a state of confusion.","Когда обязательства уже приняты, а приоритеты рушатся, оставляя нас обоих в замешательстве.",Emotional Turmoil,6,5,unknown
4880,letsee i've been really bad recently overall with school work and such. .,"Посмотрим, у меня в последнее время в целом дела в школе были очень плохи и все такое. .",School,1,0,work
780,i got a speeding ticket and i have court this week.,"Я получил штраф за превышение скорости, и на этой неделе у меня суд.",Other,6,5,unknown
2848,trying to find a simple part time job is stressing me out.,попытка найти простую работу с частичной занятостью вызывает у меня стресс.,Work,1,0,work
3450,The doctor said it's getting worse because of stress.,"Врач сказал, что из-за стресса становится хуже.","Health, Fatigue, or Physical Pain",3,2,health
3842,a lot of things have been bothering me and i dont know what to do anymore..oh well this is life.,"меня многое беспокоило, и я не знаю, что делать дальше… ну, это жизнь.",Everyday Decision Making,6,5,unknown
855,i have an exam and i am not sure if i am prepared.,"У меня экзамен, и я не уверен, готов ли я.",School,1,0,work
3323,"Haha, ive been all fuckedu p lately so i havent been really getting the proper amounts of sleep.","Ха-ха, я в последнее время был в полном дерьме, так что я не спал должным образом.","Health, Fatigue, or Physical Pain",3,2,health
3674,So then I was still sick on tuesday and I couldn't eat or drink or anything because I was just so sick feeling and tired and drained.,"Итак, во вторник я все еще болел и не мог ни есть, ни пить, ни что-то еще, потому что мне было очень плохо, я чувствовал себя усталым и истощенным.","Health, Fatigue, or Physical Pain",3,2,health
3105,work. work is so stressful. the principal seems to have it out for the staff.,"работа. работа такая напряженная. директор, кажется, хочет помочь персоналу.",Work,1,0,work
5475,they attacked my roommate's dog while i was walking her.,"они напали на собаку моей соседки по комнате, пока я гулял с ней.",Emotional Turmoil,6,5,unknown
6312,"I am exhausted from long, tedious, emotional, gut wrenching conversation I had with my parents.","Я устал от долгого, утомительного, эмоционального и мучительного разговора с родителями.",Family Issues,2,1,family
6091,THERE WAS A MIS COMMUNICATION OF SOME SORTS AND WE DIDN'T PAY OUR PHONE BILL AND THE PHONE COMPANY CUT IT OFF FOR A WEEK!,"ПРОИЗОШЛА НЕКОТОРАЯ НЕПРАВИЛЬНАЯ СВЯЗЬ, И МЫ НЕ ПЛАТИЛИ НАШ ТЕЛЕФОННЫЙ СЧЕТ, И ТЕЛЕФОННАЯ КОМПАНИЯ ОТКЛЮЧИЛА ЕГО НА НЕДЕЛЮ!",Financial Problem,5,4,finance
3834,"after all this, i'm bitching about having a job.","после всего этого я жалуюсь на то, что у меня есть работа.",Work,1,0,work
2448,Stressed about this virus thing. It sucks!,Переживал из-за этого вируса. Это отстой!,"Health, Fatigue, or Physical Pain",3,2,health
1119,i need to get good grades,мне нужно получить хорошие оценки,School,1,0,work
4934,thats about it ill be busy studying for finals this weekend so cya some other time.,"на этом все, я буду занят подготовкой к финалу на этих выходных, так что пойдем в другой раз.",School,1,0,work
2341,recently i have really been stressed out because of my debt that i have,"в последнее время я был в сильном стрессе из-за долга, который у меня есть",Financial Problem,5,4,finance
6328,I can't support my family on going home early.,"Я не могу поддержать свою семью, если вернусь домой рано.",Family Issues,2,1,family
339,"getting my body in better shape, especially tightening my stomach.","привести свое тело в лучшую форму, особенно подтянуть живот.","Health, Fatigue, or Physical Pain",3,2,health
343,getting rid of clutter and making my home more cozy,избавиться от беспорядка и сделать мой дом уютнее,Everyday Decision Making,6,5,unknown
5048,i hate how school creates a lack of anything interesting to talk about.,"Я ненавижу, как в школе не хватает чего-то интересного для разговора.",School,1,0,work
6224,jesus fucking christ this whole country makes me sick. and my goddamned parents want me to have dinner with them and celebrate.,"Господи, черт возьми, меня тошнит от всей этой страны. и мои проклятые родители хотят, чтобы я поужинал с ними и отпраздновал это.",Family Issues,2,1,family
1557,just been having issues with money. finding it very hard to save for the life i like,"просто были проблемы с деньгами. мне очень трудно сохранить ту жизнь, которая мне нравится",Financial Problem,5,4,finance
4649,I'm kind of worried about how I'm getting there every day.,"Я немного беспокоюсь о том, как я добираюсь туда каждый день.",Everyday Decision Making,6,5,unknown
2801,This whole COVID thing really sucks!,Вся эта история с COVID действительно отстой!,Emotional Turmoil,6,5,unknown
2583,The current pandemic that is going on.,"Текущая пандемия, которая продолжается.",Other,6,5,unknown
2424,some pain in my ribs,какая-то боль в ребрах,"Health, Fatigue, or Physical Pain",3,2,health
5400,It feels like I'm losing touch with a good friend lately.,"Такое ощущение, что в последнее время я теряю связь с хорошим другом.",Social Relationships,4,3,friends
87,being at home alone with a newborn.,находиться дома наедине с новорожденным.,Family Issues,2,1,family
718,i can't stand my work. they keep dumping on me i can't handle it!!!,"я терпеть не могу свою работу. они продолжают на меня набрасываться, я не могу с этим справиться!!!",Work,1,0,work
2717,there has been some passive-aggressive behavior from my boss.,мой начальник проявлял пассивно-агрессивное поведение.,Work,1,0,work
1979,my kids aren't sleeping well at night.,мои дети плохо спят по ночам.,Family Issues,2,1,family
6625,"The thing that hurts the most is one of my ""bestfriends"" didn't even care enough to call me or come see me at all.","Больше всего ранит то, что один из моих «лучших друзей» даже не захотел позвонить мне или приехать ко мне.",Social Relationships,4,3,friends
6683,I'm getting more and more frustrated with the things in my life that are causing me stress.,"Я все больше и больше расстраиваюсь из-за вещей в моей жизни, которые вызывают у меня стресс.",Other,6,5,unknown
63,"Argh, don't have the AMR measure for submission yet.","Ага, у меня пока нет показателя AMR для отправки.",Other,6,5,unknown
6163,"i am so upset and i got into a huge fight with my mom today and i actually told her to ""get off!"" bad day, indeed.","я так расстроена, сегодня сильно поссорилась с мамой и даже сказала ей «отвали!» действительно, плохой день.",Family Issues,2,1,family
6752,I really need to get a money job.,Мне действительно нужно найти денежную работу.,Other,6,5,unknown
2895,Upper management just won't listen to my ideas to make things better.,Высшее руководство просто не прислушивается к моим идеям по улучшению ситуации.,Work,1,0,work
1603,kiddo's got a fever and sore throat. we're fearing corona.,У малыша температура и болит горло. мы боимся короны.,"Health, Fatigue, or Physical Pain",3,2,health
6725,2 new foster kittens abandoned by their own mother.,"2 новых приемных котенка, от которых отказалась собственная мать.",Other,6,5,unknown
4846,School is very stressful right now.,Школа сейчас очень напряженная.,School,1,0,work
4879,it's the last week of school but im going to be so busy it isn't kosher.,"это последняя неделя в школе, но я буду так занят, что это не кошерно.",School,1,0,work
5876,he called back n he was making me feel bad saying i had hurt his feelings the night before and so i was apologizin.,"он перезвонил и заставил меня чувствовать себя плохо, говоря, что я задел его чувства накануне вечером, и поэтому я извинился.",Social Relationships,4,3,friends
2937,"Well, it's my work.  It has been so hectic lately due to deadlines.","Ну, это моя работа.  В последнее время было так беспокойно из-за сроков.",Work,1,0,work
6529,its because i havent been sleeping properly and i am really stressed out from school stuff.,"это потому, что я плохо сплю и очень нервничаю из-за школьных занятий.",School,1,0,work
6106,How utterly poor I am and how debt is ruining my life 2.,Насколько я крайне беден и как долги разрушают мою жизнь 2.,Financial Problem,5,4,finance
3260,"Days where I feel weak, or where I feel like something happened that I can't or don't want to handle?","Дни, когда я чувствую себя слабым или когда мне кажется, что произошло что-то, с чем я не могу или не хочу справиться?",Emotional Turmoil,6,5,unknown
5412,Mike started a relationship with his girlfriend a few months before his reserve unit was activated and a lot of pressure is now on his relationship.,"Майк начал отношения со своей девушкой за несколько месяцев до того, как было задействовано его резервное подразделение, и теперь на его отношения оказывается большое давление.",Social Relationships,4,3,friends
6840,my mom is driving me crazy.,моя мама сводит меня с ума.,Family Issues,2,1,family
4071,"I'm pretty distracted, and kind of anxious about all the shit I have to get done (get done?) today.","Я довольно отвлечен и обеспокоен всем тем дерьмом, которое мне нужно сделать (сделать?) сегодня.",Everyday Decision Making,6,5,unknown
2343,recently i've been getting rather stressed out whenever i have to multitask.,"в последнее время я испытываю сильный стресс всякий раз, когда мне приходится выполнять несколько задач одновременно.",Everyday Decision Making,6,5,unknown
839,i have a problem at work that's really stressing me out.,"у меня проблема на работе, которая меня очень напрягает.",Work,1,0,work
3442,I'm dealing with a big bout of mental tiredness and hurt.,Я имею дело с сильным приступом умственной усталости и боли.,"Health, Fatigue, or Physical Pain",3,2,health
6417,well i worked my ass off yesterday at the house but its still not ready to move into.,"ну, вчера я работал над домом, но он все еще не готов к переезду.",Other,6,5,unknown
4156,I've been feeling so overwhelmed and insecure lately that I wonder whether it isn't better to just start over.,"В последнее время я чувствую себя настолько подавленным и неуверенным, что задаюсь вопросом, не лучше ли просто начать все сначала.",Emotional Turmoil,6,5,unknown
3749,"in this strees will affected for workplace,school,coolege,shopping,purchasing","на этих улицах будут затронуты рабочие места, школы, колледжи, магазины, покупки",Work,1,0,work
1882,"My financial situation, even before COVID happened, and having 3 autoimmune diseases.","Мое финансовое положение еще до того, как случился COVID, и наличие трех аутоиммунных заболеваний.",Financial Problem,5,4,finance
3827,The world is a disaster right now.,В мире сейчас катастрофа.,Other,6,5,unknown
2819,too much to do around the house and not enough time,слишком много дел по дому и мало времени,Everyday Decision Making,6,5,unknown
2482,That Rona has been stressing me,Эта Рона меня напрягает,"Health, Fatigue, or Physical Pain",3,2,health
6632,I am sick and tired of people giving me friend advise.,"Мне надоело, что люди дают мне советы друзей.",Social Relationships,4,3,friends
1227,i'm dealing with health issues and am not sure of what is going to happen.,"У меня проблемы со здоровьем, и я не уверен, что произойдет.","Health, Fatigue, or Physical Pain",3,2,health
6423,i made dinner for myself tonight and that made me sad. making dinner for one sucks!,"Я приготовил себе ужин сегодня вечером, и это меня расстроило. готовить ужин на одного - отстой!",Everyday Decision Making,6,5,unknown
5280,Just I've been having tons of mood swings and it sucks cause I end up hurting someones feelings and then I feel even worse.,"Просто у меня были тонны перепадов настроения, и это отстой, потому что в конечном итоге я раню чьи-то чувства, а потом чувствую себя еще хуже.",Emotional Turmoil,6,5,unknown
6507,i need to get working on my homework and i don't want to! and my grades suck! and midterms come out in like a week or two,"мне нужно заняться домашним заданием, а я не хочу! и мои оценки отстой! и промежуточные экзамены выйдут примерно через неделю или две",School,1,0,work
2538,the coronavirus pandemic happening right now,пандемия коронавируса происходит прямо сейчас,"Health, Fatigue, or Physical Pain",3,2,health
3354,"All the first week of my trip I had been having searing headaches, and I thought it might be because of the time change and lack of sleep and everything.","Всю первую неделю путешествия меня мучили жгучие головные боли, и я подумал, что это может быть из-за смены времени, недостатка сна и всего остального.","Health, Fatigue, or Physical Pain",3,2,health
3065,work is really getting to me.,работа действительно меня достает.,Work,1,0,work
4301,"Something's gotta give here, it's like I'm scared stiff of work, or something.","Здесь нужно что-то отдать, я как будто до смерти боюсь работы или что-то в этом роде.",Work,1,0,work
1608,Lack of direction and pre-planning for expected problems,Отсутствие направления и предварительного планирования ожидаемых проблем.,Social Relationships,4,3,friends
6684,I haven't been feeling well the past week but I think I'm over it for the most part.,"На прошлой неделе я неважно себя чувствовал, но думаю, что по большей части уже справился с этим.","Health, Fatigue, or Physical Pain",3,2,health
2866,trying to manage my debt,пытаюсь справиться со своим долгом,Financial Problem,5,4,finance
5982,I just paid off my car and can't really afford it.,Я только что расплатился за машину и не могу себе этого позволить.,Financial Problem,5,4,finance
5358,"It's frustrating because it so severely limits what I can do around the house, and I've got QUITE the list, let me tell you!","Это расстраивает, потому что это сильно ограничивает то, что я могу делать по дому, а у меня есть ДОВОЛЬНЫЙ список, позвольте мне вам сказать!",Everyday Decision Making,6,5,unknown
5414,Im sick of how alone I feel when it comes to family.,"Меня тошнит от того, насколько одиноким я себя чувствую, когда дело касается семьи.",Family Issues,2,1,family
6459,It comes as no surprise that attendees will have a difficult decision to make every day.,"Неудивительно, что участникам каждый день придется принимать трудное решение.",Everyday Decision Making,6,5,unknown
5907,"I'm afraid she's gonna like yell at me, and freak me out and all.","Боюсь, она захочет наорать на меня, напугать меня и все такое.",Social Relationships,4,3,friends
3119,work's been really hard. im not making enough,работа была очень тяжелой. я зарабатываю недостаточно,Work,1,0,work
6556,I run into a wall of fear when I try to become adept and knowledgeable at things in school and step out at possible job opportunities.,"Я натыкаюсь на стену страха, когда пытаюсь стать искусным и знающим в школе и использовать возможные возможности трудоустройства.",School,1,0,work
4925,"i can't pay attention in class, i can't pay attention with my friends.","я не могу быть внимательным на уроке, я не могу уделять внимание своим друзьям.",School,1,0,work
2646,"The pandemic, it is making me very anxious",Пандемия меня очень беспокоит,Other,6,5,unknown
1127,I really stressed about about find a job.,Я очень беспокоился о поиске работы.,Work,1,0,work
6231,My parents are driving me insane.,Мои родители сводят меня с ума.,Family Issues,2,1,family
6276,My mom is pissed off at me.,Моя мама злится на меня.,Family Issues,2,1,family
6654,i've been under so much stress lately that any little thing can throw me over the edge.,"В последнее время я нахожусь в таком сильном стрессе, что любая мелочь может сбить меня с толку.",Other,6,5,unknown
3497,It's taken me almost 4 months of agonizing and relentless stress and fears to finally come to this decision.,"Мне потребовалось почти 4 месяца мучительного и неослабевающего стресса и страхов, чтобы наконец прийти к этому решению.",Everyday Decision Making,6,5,unknown
6700,It When Keeping It Hidden Became Too Emotionally Burdensome Divulge When Events,"Когда скрывать это, стало слишком эмоционально обременительно. Разглашать события",Emotional Turmoil,6,5,unknown
2071,my sister called and is threatening to come and visit.,позвонила моя сестра и грозится приехать в гости.,Family Issues,2,1,family
2044,my relationship and financial situation. thinking of how i will provide for my baby.,"мои отношения и финансовое положение. думаю о том, как я буду обеспечивать своего ребенка.",Financial Problem,5,4,finance
4064,I'm just so stressed out and there's always something that I have to get done- that I'm just worn out.,"Я просто в таком стрессе, и мне всегда нужно что-то сделать, что я просто измотан.",Everyday Decision Making,6,5,unknown
6272,my sister is pissing me off. and,моя сестра бесит меня. и,Family Issues,2,1,family
5013,"I just found out today that i'm due to register for classes on tuesday, i got to debate against the college republicans wednesday, and i got a paper due monday.","Я только сегодня узнал, что мне нужно записаться на занятия во вторник, в среду мне предстоит дебаты против республиканцев колледжа, а в понедельник я получил работу.",School,1,0,work
2262,"omg, my kitchen is on fire","омг, у меня кухня горит",Other,6,5,unknown
4068,i'm kinda screwin myself over right now by not studying... but its so hard to get motivated right now.,"я сейчас немного облажался, не учась... но сейчас так сложно найти мотивацию.",School,1,0,work
3607,Although I was in agonizing pain becuz my tear duct in my eye was throbbing.,"Хотя я испытывал мучительную боль, потому что слезный проток в глазу пульсировал.","Health, Fatigue, or Physical Pain",3,2,health
1385,in office the work is overloaded so i am get stressed,"в офисе работа перегружена, поэтому я испытываю стресс",Work,1,0,work
4576,"Seems like I am pretty stressed lately, eh, I guess I just have a lot on my mind.","Похоже, в последнее время я очень напряжен, да, наверное, у меня просто много мыслей.",Emotional Turmoil,6,5,unknown
4871,I've been thinking a lot lately about what I want to do once I graduate.,"В последнее время я много думал о том, чем хочу заниматься после окончания учебы.",School,1,0,work
3414,I hate that I can't loose weight because of this fucking disease.,"Ненавижу, что не могу похудеть из-за этой чертовой болезни.","Health, Fatigue, or Physical Pain",3,2,health
3281,"i still have fever and a horrible cough it blows, i really need to go to the doc,","у меня все еще температура и ужасный кашель, мне очень нужно сходить к врачу,","Health, Fatigue, or Physical Pain",3,2,health
5625,Stressing over it's horrible trauma.,Стресс из-за этой ужасной травмы.,Other,6,5,unknown
2399,schoolwork has been stressing me out. the final is next week!,школьные занятия меня напрягали. финал на следующей неделе!,School,1,0,work
289,Figuring out a long term job during the pandemic,Поиск долгосрочной работы во время пандемии,Work,1,0,work
4344,Today has been very taxing for me.,Сегодняшний день был для меня очень утомительным.,"Health, Fatigue, or Physical Pain",3,2,health
927,I have been stressed out about coronavirus. :(,У меня был стресс из-за коронавируса. :(,"Health, Fatigue, or Physical Pain",3,2,health
3118,"work's been pretty tough lately, the manager has been giving me a lot lately.","работа в последнее время была довольно тяжелой, менеджер в последнее время много мне давал.",Work,1,0,work
6443,Its going to be hard living with everyone in my family against me.,"Будет тяжело жить, когда все члены моей семьи настроены против меня.",Family Issues,2,1,family
4594,Life is tough these days and we're all forced to be more serious than we should.,"Жизнь в наши дни трудна, и мы все вынуждены быть более серьезными, чем следовало бы.",Other,6,5,unknown
5651,"You are feeling stressed, vulnerable and helpless.","Вы чувствуете стресс, уязвимость и беспомощность.",Emotional Turmoil,6,5,unknown
5707,I think the holidays are just a stressful time in general.,"Я думаю, что праздники – это просто стрессовое время в целом.",Other,6,5,unknown
5305,"Tomorrow is Christmas Eve, I have to spend it with my step family who I can't stand.","Завтра сочельник, мне придется провести его со своей сводной семьей, которую я терпеть не могу.",Family Issues,2,1,family
3302,I think i have a sleeping problem. I cannot seem to get to sleep.. stress?,"Я думаю, у меня проблемы со сном. Кажется, я не могу заснуть.. стресс?","Health, Fatigue, or Physical Pain",3,2,health
3503,He said that i lost too much weight and i need to eat but the problem is i feel sick when i go to eat when im hungry.,"Он сказал, что я слишком сильно похудел и мне нужно есть, но проблема в том, что меня тошнит, когда я иду есть, когда я голоден.","Health, Fatigue, or Physical Pain",3,2,health
4419,"i've just been so busy lately, i'm not even updating this from my house.","я просто был так занят в последнее время, что даже не обновляю эту информацию из дома.",Other,6,5,unknown
32,a recent situation that's been stressing me out is my trust issues i have with people,"недавняя ситуация, которая меня напрягла, - это мои проблемы с доверием к людям",Social Relationships,4,3,friends
1067,i just got in a car wreck and my car is totaled.,"Я только что попал в аварию, и моя машина разбита.",Other,6,5,unknown
6448,It's upsetting my everyday routine,Это нарушает мой распорядок дня,Everyday Decision Making,6,5,unknown
4439,An trying to figure out dinner ideas when your this exhasted and don't want to eat sucks.,"Попытка придумать идеи для ужина, когда ты настолько утомлен и не хочешь есть, — отстой.","Health, Fatigue, or Physical Pain",3,2,health
2746,things with work have been stressing me out,дела на работе меня напрягают,Work,1,0,work
5973,it took us an hour to get our rental car picked up because Thrifty sucks at life.,"Нам потребовался час, чтобы забрать арендованную машину, потому что Трифти отстой в жизни.",Everyday Decision Making,6,5,unknown
1905,my health has really been stressing me out lately!,мое здоровье в последнее время меня очень беспокоило!,"Health, Fatigue, or Physical Pain",3,2,health
1737,my boss at work,мой босс на работе,Work,1,0,work
361,"going to doctor appointments, stress me out.","ходить на прием к врачу, это меня напрягает.","Health, Fatigue, or Physical Pain",3,2,health
4684,"oftentimes i have a lot of work I am doing and i am stressed just like Shane, i just do not say it out loud.","часто у меня много работы, и я испытываю стресс, как и Шейн, просто не говорю об этом вслух.",Work,1,0,work
846,i have a terrible headache,у меня ужасно болит голова,"Health, Fatigue, or Physical Pain",3,2,health
2337,recently i bought a house and there so many things to do like unpacking a ton of stuff.,"Недавно я купил дом, и там так много дел, например, распаковать кучу вещей.",Other,6,5,unknown
3043,work has been very busy.,работа была очень загружена.,Work,1,0,work
3931,I don't normally feel like this and am ashamed to admit I've spent the day mounting my little Una.,"Обычно я так не чувствую, и мне стыдно признаться, что я провел день, садясь на свою маленькую Уну.",Emotional Turmoil,6,5,unknown
5421,"i think im afraid to fess up that i feel worse, that my plans cant work out. then again.","Думаю, я боюсь признаться, что чувствую себя хуже, что мои планы не сбываются. потом еще раз.",Emotional Turmoil,6,5,unknown
2445,stress is very loss of my business earnings.,Стресс - это очень большая потеря доходов моего бизнеса.,Financial Problem,5,4,finance
568,i am not feeling well,я плохо себя чувствую,"Health, Fatigue, or Physical Pain",3,2,health
5690,It's so fuckign stupid that my head is ready to explode just thinking about it.,"Это настолько чертовски глупо, что моя голова готова взорваться, просто подумав об этом.",Other,6,5,unknown
5008,I need to do well in school.,Мне нужно хорошо учиться в школе.,School,1,0,work
2638,the other day i messed something up at work and it sucked,"на днях я что-то испортил на работе, и это отстой",Work,1,0,work
6398,"That's two weeks ago now, and I'm fed up with waiting.","Это произошло две недели назад, и мне надоело ждать.",Other,6,5,unknown
1378,I'm worried about not having enough money to pay the bills,"Я беспокоюсь, что у меня не хватит денег, чтобы оплатить счета",Financial Problem,5,4,finance
5268,"Christmas is gonna be weird this year cause I doubt my family's even coming here, everyone kinda had a falling out.","Рождество в этом году будет странным, потому что я сомневаюсь, что моя семья вообще сюда приедет, все как-то поссорились.",Family Issues,2,1,family
1093,i made a mistake,я сделал ошибку,Emotional Turmoil,6,5,unknown
3928,i called out of work and i am feeling very guilty about it.,Я позвонил с работы и чувствую себя очень виноватым.,Work,1,0,work
6061, I doubt my paycheck will cover it.,"Сомневаюсь, что моя зарплата покроет это.",Financial Problem,5,4,finance
4400,The problem comes when you are constantly thinking about it.,"Проблема возникает, когда вы постоянно о ней думаете.",Other,6,5,unknown
4984,I just feel so stressed lately and just wanna get all these last minute midterms and finals behind me.,"Я просто чувствую себя таким напряженным в последнее время и просто хочу, чтобы все эти последние промежуточные и финальные экзамены остались позади.",School,1,0,work
2664,the shelter in place,убежище на месте,Other,6,5,unknown
5180,I leave for college next wednesday.,Я уезжаю в колледж в следующую среду.,School,1,0,work
4023,i wasnt before but now im just getting sick of all this work.,"Раньше меня не было, но теперь мне просто надоела вся эта работа.",Work,1,0,work
6196,i hate that i haven't seen my family in over a week.,"Ненавижу, что не видел свою семью больше недели.",Family Issues,2,1,family
260,every time i turn on the news and social media facebook it seems to stress me out,"каждый раз, когда я включаю новости и социальные сети Facebook, это, кажется, меня напрягает",Other,6,5,unknown
5493,"On the another note, to my girlfriend, J. I know you was very upset and worn out over the issue had happened.","С другой стороны, моей девушке Джей. Я знаю, что ты была очень расстроена и измотана из-за случившейся проблемы.",Social Relationships,4,3,friends
1094,i made a mistake at work,я допустил ошибку на работе,Work,1,0,work
5132,I hate all this freakin homework! and then some of my closest friends and i are going through some rough stuff.,Я ненавижу всю эту чертову домашнюю работу! а потом мы с некоторыми из моих самых близких друзей переживаем некоторые тяжелые времена.,School,1,0,work
5188,maybe its just me my parents have been annoying me so much lately..they dont give me enough space.,"может быть, это только я, мои родители в последнее время меня так раздражают... они не дают мне достаточно места.",Family Issues,2,1,family
6255,"Sure, she's got problems, but bitching about it to everyone and their mom isn't going to help me in the long run. I won't have friends much longer.","Конечно, у нее есть проблемы, но жаловаться на это всем и их маме в долгосрочной перспективе мне не поможет. У меня больше не будет друзей.",Social Relationships,4,3,friends
2280,packing for my trips,собираю вещи для поездок,Everyday Decision Making,6,5,unknown
1801,my car's started died this week and it cost me a lot of money to fix it.,"на этой неделе моя машина заглохла, и ее починка стоила мне много денег.",Financial Problem,5,4,finance
3501,I'm sick and I'm tired and I've been trying so hard to keep it all together.,"Я болен и устал, и я так старался держать все это в себе.",Emotional Turmoil,6,5,unknown
3581,He's been sick for a long time and in the hospital for the last several months.,Он давно болен и последние несколько месяцев находится в больнице.,Social Relationships,4,3,friends
3716,I feel like this corona virus situation is going to last forever.,"Я чувствую, что эта ситуация с вирусом короны будет длиться вечно.",Emotional Turmoil,6,5,unknown
5740,The way things are you are under considerable stress and you feel that there is little hope of matters righting themselves.,"При таком положении вещей вы находитесь в состоянии сильного стресса и чувствуете, что надежды на то, что все разрешится само собой, мало.",Emotional Turmoil,6,5,unknown
6223,"It is sooo hard right now, cuz i know my parents are really goin through a hard time.","Сейчас ооочень тяжело, потому что я знаю, что у моих родителей действительно тяжелые времена.",Family Issues,2,1,family
3269,"I'm physically exhausted, and feeling this way is taking a toll on my mental wellbeing.","Я физически истощен, и это негативно сказывается на моем психическом состоянии.","Health, Fatigue, or Physical Pain",3,2,health
5847,All you people who have problems I can't solve everything!!!,"Все вы, люди, у которых есть проблемы, я не могу все решить!!!",Social Relationships,4,3,friends
4452,Im nervous about starting work Wednsday.,Я нервничаю по поводу начала работы в среду.,Work,1,0,work
6828,My sister is bitching about something to my mom.,Моя сестра о чем-то жалуется моей маме.,Family Issues,2,1,family
6788,"Kisha had a rough weekend, seeing as how her grandpa passed away.","У Киши были тяжелые выходные, учитывая, как скончался ее дедушка.",Family Issues,2,1,family
4745,I've been having such a hard time concentrating at work since Lauren died and now I've got more on my mind.,"Мне было так трудно сосредоточиться на работе с тех пор, как умерла Лорен, и теперь у меня больше забот.",Work,1,0,work
3525,I've been trying to reach Jessica for a week and its just not working out!,"Я уже неделю пытаюсь связаться с Джессикой, но ничего не получается!",Social Relationships,4,3,friends
4248,"My work has been treating me awful lately, and it seems like when I'm there- I'm simply wasting my time.","В последнее время на работе ко мне относятся ужасно, и кажется, что когда я там, я просто теряю время.",Work,1,0,work
5577,"See, I feel pretty bad for my dad being kicked out of his house with all of his things still being here.","Видите ли, мне очень жаль, что моего отца выгнали из дома, а все его вещи остались здесь.",Family Issues,2,1,family
6187,"All I ever wanted to do was help, so when I constantly had to be pushed aside because she was always under so much stress, it kinda stressed ME out.","Все, что я когда-либо хотел, это помочь, поэтому, когда меня постоянно приходилось отталкивать, потому что она всегда была в таком сильном стрессе, это как бы напрягало МЕНЯ.",Social Relationships,4,3,friends
1175,i will change jobs soon and i am nervous about that,я скоро сменю работу и нервничаю по этому поводу,Work,1,0,work
4751,I feel like I exhaust myself every day with the immensely difficult effort I make not to cry.,"Я чувствую, что каждый день утомляюсь, прилагая огромные усилия, чтобы не заплакать.",Emotional Turmoil,6,5,unknown
1194,I would say this whole corona virus situation has me stresssed,"Я бы сказал, что вся эта ситуация с вирусом короны меня напрягает.",Other,6,5,unknown
6602,"other stuff thats going on right now, my sister is having bad relationship troubles, and im gutted for her.","Другие вещи, которые происходят сейчас, у моей сестры плохие отношения в отношениях, и я очень переживаю за нее.",Family Issues,2,1,family
672,i am worried about graduating from college,я волнуюсь по поводу окончания колледжа,School,1,0,work
782,I got furloughed and now am worrying about how to take care of my kid.,"Меня уволили, и теперь я беспокоюсь о том, как позаботиться о своем ребенке.",Work,1,0,work
5090,"So in other news, I'm totally drowning in school work.","Итак, другие новости: я полностью утопаю в школьной работе.",School,1,0,work
6088,Ulta isn't making enough money so they are cutting back on hours majorly.,"Ulta не зарабатывает достаточно денег, поэтому они значительно сокращают часы.",Work,1,0,work
6326,My grandma however is currently panicing because she can't seem to contact any of her family down there.,"Однако моя бабушка сейчас в панике, потому что не может связаться ни с кем из своей семьи.",Family Issues,2,1,family
963,i have been very stressed out by all the bad drivers near my house.,меня очень раздражали все плохие водители возле моего дома.,Other,6,5,unknown
6387,I've been getting stressed out and fustrated lately.,В последнее время я испытываю стресс и разочарование.,Emotional Turmoil,6,5,unknown
6491,"This'll be my third semester straight of classes, and I'm starting to get erratic and stressed about school like I used to be.","Это будет мой третий семестр занятий подряд, и я начинаю нервничать и нервничать по поводу школы, как раньше.",School,1,0,work
824,i have a friend coming over and i'm stressed about a big expense,"ко мне приезжает друг, и я переживаю из-за больших расходов",Financial Problem,5,4,finance
4604,My parents were driving me insane about their friggin hardwood floor in the living room.,Мои родители сводили меня с ума из-за их чертового деревянного пола в гостиной.,Family Issues,2,1,family
6159,It's been hard raising you without your mother.,Тяжело было тебя воспитывать без матери.,Family Issues,2,1,family
3877," Ive thought about it a lot, and I just can't afford it this time around.","Я много об этом думал, но на этот раз я просто не могу себе этого позволить.",Financial Problem,5,4,finance
5776,"sure, we've been under a lot of stress.","Конечно, мы были в состоянии сильного стресса.",Other,6,5,unknown
1259,i'm just feeling very overwhelmed with my workload and stupid people.,Я просто чувствую себя очень перегруженным своей работой и глупыми людьми.,Work,1,0,work
4393,it really sucks when someone you've really been wanting to talk to is busy and doesn't have time especially when you need them most,"очень неприятно, когда человек, с которым ты очень хотел поговорить, занят и у него нет времени, особенно когда он тебе нужен больше всего",Emotional Turmoil,6,5,unknown
5361,Andy and his girlfriend had just broken up.,Энди и его девушка только что расстались.,Social Relationships,4,3,friends
3864,"ive been really stressed out lately, im not really sure which way my life is going.","В последнее время у меня сильный стресс, и я не совсем уверен, в каком направлении складывается моя жизнь.",Emotional Turmoil,6,5,unknown
3111,working long hours with hardly any sleep,работать долгие часы почти без сна,Work,1,0,work
4935,School is soon and i need to make fucking sure i have everything straigh so i can start.,"Скоро школа, и мне нужно убедиться, что у меня все в порядке, чтобы я мог начать.",School,1,0,work
1144,i think my boss might quit  which will leave my company screwed,"Я думаю, что мой босс может уволиться, и это поставит мою компанию в тупик",Work,1,0,work
2358,"sales are down, no $$$ :(","продажи упали, нет $$$ :(",Work,1,0,work
5628,"Jenna fell in love, and had her heart broken, so we're all trying to deal with that.","Дженна влюбилась, и ее сердце было разбито, поэтому мы все пытаемся с этим справиться.",Social Relationships,4,3,friends
3294,"It's a real pain when you're trying to rest or sleep, and it's quite disconcerting, they just won't hold still!","Это настоящая боль, когда ты пытаешься отдохнуть или заснуть, и это очень сбивает с толку, они просто не могут стоять на месте!","Health, Fatigue, or Physical Pain",3,2,health
4803,I'm finding I'm having a lot of trouble carrying that over into my current routine.,"Я обнаружил, что у меня большие проблемы с переносом этого в мою текущую рутину.",Everyday Decision Making,6,5,unknown
1405,it was spending to much time on computer and telephone.,он проводил слишком много времени за компьютером и телефоном.,Other,6,5,unknown
3172,"I don't handle stress very well, I think.","Думаю, я не очень хорошо справляюсь со стрессом.",Emotional Turmoil,6,5,unknown
2205,not hearing from ace,ничего не слышу от Эйса,Social Relationships,4,3,friends
2964,when i had to finish my annual report last week.,когда мне нужно было закончить свой годовой отчет на прошлой неделе.,Work,1,0,work
1051,i having a major problem at work with a co-worker who bully me often.,"У меня серьезная проблема на работе с коллегой, который часто меня издевается.",Work,1,0,work
1265,I'm just so stressed out with work I'm not getting along with my coworkers.,"Я настолько перегружен работой, что не лажу с коллегами.",Work,1,0,work
6195,idk i hate to say anything because his moms always on his case about it and it really gets him down.,"Не знаю, мне неприятно что-либо говорить, потому что его мамы постоянно его обсуждают, и это его очень расстраивает.",Family Issues,2,1,family
3615,i've been sick all week.,я болел всю неделю.,"Health, Fatigue, or Physical Pain",3,2,health
6513,i need to apply to school.,мне нужно подать заявление в школу.,School,1,0,work
3056,work is driving me nuts. just a lot of last minute stuff,"работа сводит меня с ума. просто много вещей, сделанных в последнюю минуту",Work,1,0,work
5121,I'm really nervous about how he's going to do in school.,"Я очень нервничаю по поводу того, как он будет учиться в школе.",School,1,0,work
1508,i've been super stressed out at work lately.,в последнее время я был очень напряжен на работе.,Work,1,0,work
759,i feel like i don't have enough money saved up for emergencies.,"Я чувствую, что у меня недостаточно денег, накопленных на случай чрезвычайных ситуаций.",Financial Problem,5,4,finance
3577,I feel weak and tired.,Я чувствую слабость и усталость.,"Health, Fatigue, or Physical Pain",3,2,health
1640,"life, bills and work is a major part.","жизнь, счета и работа - главная часть.",Financial Problem,5,4,finance
112,Being stuck at home with two other people and having no privacy.,Застрять дома с двумя другими людьми и не иметь возможности уединиться.,Social Relationships,4,3,friends
863,i have been extremley stressed out about the new posistion i took at work.,"Я был очень расстроен из-за новой должности, которую занял на работе.",Work,1,0,work
620,I am stressed due to the fact my job had to make pay cuts,"Я в стрессе из-за того, что на моей работе пришлось сократить зарплату",Work,1,0,work
3945,I feel stressed. I am looking into jobs for after I graduate.,Я чувствую стресс. Ищу работу после окончания учебы.,Work,1,0,work
4777,"I got a package from mommy and my evening is rounding out nicely, but I haven't seen Andy all day and I think he's still not talking to me.","Я получила посылку от мамы, и мой вечер завершается хорошо, но я не видела Энди весь день и думаю, что он все еще со мной не разговаривает.",Social Relationships,4,3,friends
5828,"Iran, having nukes, scares the bejesus out of me.","Иран, обладающий ядерным оружием, пугает меня до чертиков.",Other,6,5,unknown
2391,school shootings,стрельба в школе,School,1,0,work
4362,Well its been awhile so ill update ya on things that have been going on -work sucks right now.,"Ну, прошло какое-то время, так что я хочу сообщить вам о том, что происходит - работа сейчас отстой.",Work,1,0,work
1788,my building i was living in burned down...,"мой дом, в котором я жил, сгорел...",Other,6,5,unknown
6410,"i'm frustrated, and everyday it seems like there's more stuff added to the long list of things that make my job more difficult.","Я расстроен, и каждый день мне кажется, что к длинному списку вещей, которые усложняют мою работу, добавляется все больше вещей.",Work,1,0,work
4316,the following are the things that i'm currently stressed about: a) screwing up this week's vacation.,Вот что меня сейчас беспокоит: а) испорчен отпуск на этой неделе.,Other,6,5,unknown
3451,"On a bad day I assume it's brought on by frustration, depression, angst and a sense of futility.","Я предполагаю, что плохой день вызван разочарованием, депрессией, тревогой и чувством тщетности.",Emotional Turmoil,6,5,unknown
2650,the postdoc in my lab is creepy,Постдок в моей лаборатории жуткий,Social Relationships,4,3,friends
263,Everything about this virus is stressing me out.,"Все, что связано с этим вирусом, меня напрягает.","Health, Fatigue, or Physical Pain",3,2,health
3018,work has been so busy and i have so many deadlines!,"работа была настолько загружена, и у меня так много сроков!",Work,1,0,work
6816,Your parents don't understand you.,Твои родители тебя не понимают.,Family Issues,2,1,family
4185,Just gonna be some long days of classes i'm not used to.,"Просто будут долгие дни занятий, к которым я не привык.",School,1,0,work
3032,work has been stressing me out lately. i just don't know how to deal with the situation.,"работа в последнее время меня напрягает. я просто не знаю, как справиться с ситуацией.",Work,1,0,work
94,"being in a shelter in place order, which is driving me insane not being able to go out","нахождение в приюте с соблюдением порядка, который сводит меня с ума, невозможность выйти на улицу",Everyday Decision Making,6,5,unknown
15,a lot of work is piling up,работы накопилось много,Work,1,0,work
190,Covid 19,COVID-19,"Health, Fatigue, or Physical Pain",3,2,health
4013,i was frustrated about passing out a lot.,"я был расстроен из-за того, что много терял сознание.","Health, Fatigue, or Physical Pain",3,2,health
5913,Missy we so have to talk soon i really need to call you.~Manda,"Мисси, нам скоро нужно поговорить, мне правда нужно тебе позвонить.~Манда",Other,6,5,unknown
5170,The fact that graduation is a week from today makes it very difficult to study for finals and write my last two papers...,"Тот факт, что выпускной состоится через неделю, очень затрудняет подготовку к выпускным экзаменам и написание двух последних работ...",School,1,0,work
390,Having to be away from my family and friends due to the Corona Virus,Мне пришлось быть вдали от семьи и друзей из-за вируса короны.,Family Issues,2,1,family
5825,This crackwhores husband is STILL bitching about the cigarette roller.,Муж этой наркоторговцы ВСЕ ЕЩЕ жалуется из-за сигаретного ролика.,Social Relationships,4,3,friends
4632,I mean talk about feeling like shit everyday !,"Я имею в виду разговор о том, что каждый день чувствую себя дерьмом!","Health, Fatigue, or Physical Pain",3,2,health
5613,"Even if I know that I'm not going to die, I still freak out, and I can't calm myself down.","Даже если я знаю, что не умру, я все равно волнуюсь и не могу себя успокоить.",Emotional Turmoil,6,5,unknown
4128,It was stressful UP TO THE LAST MINUTE (with getting it printed and whatnot). .,Это был стресс ДО ПОСЛЕДНЕЙ МИНУТЫ (из-за печати и прочего). .,Other,6,5,unknown
682,I am worried about pandamic,меня беспокоит пандемия,"Health, Fatigue, or Physical Pain",3,2,health
539,i am having a difficult day today with my mother in law who suffers from dementia.,"У меня сегодня трудный день с моей свекровью, которая страдает слабоумием.",Family Issues,2,1,family
2969,whether or not i am going to be paid,буду ли мне платить или нет,Financial Problem,5,4,finance
6803,my mom is just really pissing me off.,моя мама просто меня очень бесит.,Family Issues,2,1,family
5596,"I have a HUGE Whelmed conflict, but I am trying to work it out.","У меня ОГРОМНЫЙ конфликт, но я пытаюсь его разрешить.",Other,6,5,unknown
5136,geimans class took a test and i missed 1 haha i must have messed up when i did the copying of the answers.,"Класс Геймана прошел тест, и я пропустил 1 хаха, я, должно быть, напортачил, когда копировал ответы.",School,1,0,work
5880,I've had too much heartbreak.,У меня было слишком много горя.,Emotional Turmoil,6,5,unknown
2486,The amount of shifts I have to cover at work due to people calling out.,"Количество смен, которые мне приходится отработать на работе из-за звонков людей.",Work,1,0,work
4824,I'm finding being back at school quite hard.,Мне очень тяжело возвращаться в школу.,School,1,0,work
1291,I'm really stressed out by everything going on with COVID-19.,"Меня очень напрягает все, что происходит с COVID-19.",Other,6,5,unknown
948,i have been stressing out about having to substitute teach,я переживал из-за необходимости заменить преподавание,Work,1,0,work
5496,"Vacations always seem to screw me up, and I think they do her too.","Мне кажется, что каникулы всегда портят мне настроение, и мне кажется, что и ей тоже.",Other,6,5,unknown
2121,my wash machine broke. another one is $499.,моя стиральная машина сломалась. еще один стоит 499 долларов.,Financial Problem,5,4,finance
5743,I never talk about the present and I feel detached from my character.,Я никогда не говорю о настоящем и чувствую себя оторванным от своего персонажа.,Emotional Turmoil,6,5,unknown
2858,trying to get this work from home thing going and not going as quickly. .,"пытаюсь выполнить эту работу из дома, но не так быстро. .",Work,1,0,work
71,"balancing work, life, & budget","баланс между работой, жизнью и бюджетом",Work,1,0,work
6774,"I'm finding it very, very difficult to stay late at work and earn some much needed money.","Мне очень, очень трудно задерживаться на работе допоздна и заработать столь необходимые деньги.",Work,1,0,work
2544,The coronavirus situation as it relates to my health and finances,Ситуация с коронавирусом в отношении моего здоровья и финансов,"Health, Fatigue, or Physical Pain",3,2,health
2242,"oh man, im okay just been dealinth with some things going on","ох чувак, я в порядке, просто разбираюсь в кое-каких вещах, происходящих",Other,6,5,unknown
3108,Working from home has been driving me crazy.,Работа на дому сводила меня с ума.,Work,1,0,work
3962,I have been having some $$$ issues as of late and it has just been really stressful.,"В последнее время у меня возникли некоторые проблемы, и это было очень стрессово.",Financial Problem,5,4,finance
6041,"Unfortunately, I have no money.","К сожалению, у меня нет денег.",Financial Problem,5,4,finance
1012,i have recently been stressed out about upcoming deadlines for projects at work.,Недавно меня беспокоили приближающиеся сроки выполнения проектов на работе.,Work,1,0,work
2907,we have been really short-staffed at work recently.,в последнее время у нас на работе действительно не хватает персонала.,Work,1,0,work
3796,Fighting with my racist family,Борьба с моей расистской семьей,Emotional Turmoil,6,5,unknown
794,i had a really hard day at work,у меня был очень тяжелый день на работе,Work,1,0,work
4109,I'm very bored... and I'm already getting anxious about my new job.,Мне очень скучно... и я уже начинаю беспокоиться о своей новой работе.,Work,1,0,work
5277,weve been spending so much time together that it must be suffocating. and its not fair for me to pin all my life problems on him.,"мы проводим так много времени вместе, что это, должно быть, удушает. и с моей стороны несправедливо сваливать на него все свои жизненные проблемы.",Social Relationships,4,3,friends
1786,My brother has been missing for a few weeks now. And I don't know what to do.,"Мой брат пропал уже несколько недель. И я не знаю, что делать.",Family Issues,2,1,family
6241,Going over to Eliza's house and getting sick there since Eliza and her mom were both sick 3.,"Прийти в дом Элизы и заболеть там, так как Элиза и ее мама оба заболели 3.","Health, Fatigue, or Physical Pain",3,2,health
2578,the crazy people i have to deal with everyday,"сумасшедшие люди, с которыми мне приходится иметь дело каждый день",Social Relationships,4,3,friends
6568,I spend my time complaining about how friends are unreliable and shitty.,"Я провожу время, жалуясь на то, какие друзья ненадежные и дерьмовые.",Social Relationships,4,3,friends
2374,school has been rough,школа была жесткой,School,1,0,work
4819,"It's annoying because mostly it hits in the middle of the workday, where I can't do a whole fuck of a lot with it. I need to find focus.","Это раздражает, потому что чаще всего это случается в середине рабочего дня, когда я не могу ничего с этим сделать. Мне нужно найти фокус.",Work,1,0,work
3158,My stomach hurts and I have a headache.,У меня болит живот и болит голова.,"Health, Fatigue, or Physical Pain",3,2,health
777,i get paid slave wages on mturk and am being evicted.,мне платят рабскую зарплату на Мтурке и меня выселяют.,Financial Problem,5,4,finance
3582,"She was in the hospital for about a month, was home for 3 weeks or so, and is back in the hospital for more treatment.","Она находилась в больнице около месяца, была дома около 3 недель и вернулась в больницу для дальнейшего лечения.","Health, Fatigue, or Physical Pain",3,2,health
3140,Worrying about the future due to the COVID-19 virus.,Беспокойство о будущем из-за вируса COVID-19.,Emotional Turmoil,6,5,unknown
727,i do not know what to eat,"я не знаю, что есть",Everyday Decision Making,6,5,unknown
2363,School and graduating on time,Школа и окончание вовремя,School,1,0,work
3146,yesterday i had a stressful situation at my work place.,вчера у меня на работе случилась стрессовая ситуация.,Work,1,0,work
4334,"Things have been getting so hectic lately, i have to give up a role.","В последнее время дела стали настолько беспокойными, что мне пришлось отказаться от роли.",Everyday Decision Making,6,5,unknown
3991,"i need like, a rehab for it or something because i cant carry on my days like this.","мне нужна реабилитация или что-то в этом роде, потому что я не могу продолжать так жить.","Health, Fatigue, or Physical Pain",3,2,health
3461,"Ok. I am officially frustrated with being here, and sick and tired of doctors not listening to me and not even communicating with each other.","Хорошо. Я официально разочарован тем, что нахожусь здесь, и устал от того, что врачи меня не слушают и даже не общаются друг с другом.","Health, Fatigue, or Physical Pain",3,2,health
596,I am so worried about getting work done at work and I have all this other stuff that is.,"Я так беспокоюсь о том, чтобы закончить работу на работе, и у меня есть все остальные дела.",Work,1,0,work
53,all this schoolwork i've had lately.,"все эти школьные задания, которые у меня были в последнее время.",School,1,0,work
4683,i've been thinking about it a lot lately. just picking up and leaving next year for college. away.,я много думал об этом в последнее время. просто собираю и уезжаю в следующем году в колледж. прочь.,School,1,0,work
6335,"I hate when couples at our age, fight over the stupidiest reasons.","Ненавижу, когда пары в нашем возрасте ссорятся по самым глупым причинам.",Social Relationships,4,3,friends
1479,I've been stressed about the coronavirus.,У меня был стресс из-за коронавируса.,"Health, Fatigue, or Physical Pain",3,2,health
5060,This week in particular is going to be crazy with the school work.,Эта неделя будет особенно сумасшедшей из-за школьной работы.,School,1,0,work
96,Being laid off from work,Увольняют с работы,Work,1,0,work
1084,i lost my job and am low on money it sucks :(,"я потерял работу и у меня мало денег, это отстой :(",Work,1,0,work
3459,but my throat hurts and i have a headache and my tummy is sad. but,"но у меня болит горло, болит голова и живот грустит. но","Health, Fatigue, or Physical Pain",3,2,health
1845,my daughter's upcoming birthday party that i have to plan for.,"предстоящая вечеринка по случаю дня рождения моей дочери, которую мне нужно спланировать.",Other,6,5,unknown
2879,ugh life has been stressful lately,"ух, в последнее время жизнь была напряженной",Other,6,5,unknown
1876,my financial situation has been stressful. i'm working on keeping myself accountable,"мое финансовое положение было напряженным. я работаю над тем, чтобы нести ответственность",Financial Problem,5,4,finance
3002,work has been giving me a pain in teh neck with this upcoming intl night performance,у меня от работы болела шея из-за предстоящего международного ночного выступления,Work,1,0,work
4829,"i haven't even finished the one summer reading book, which report's due five days after school starts.","я даже не дочитала одну книгу для летнего чтения, отчет по которой нужно сдать через пять дней после начала школы.",School,1,0,work
671,i am worried about finances.,я беспокоюсь о финансах.,Financial Problem,5,4,finance
657,i am undermined by my seniors,меня подрывают старшие,Social Relationships,4,3,friends
2947,We're on lockdown and my husband is overbearing.,"Мы на карантине, и мой муж властный.",Social Relationships,4,3,friends
6368,now between school and work and childcare and everything else there isnt any time left for us.,"теперь между школой, работой, уходом за детьми и всем остальным у нас не осталось времени.",Family Issues,2,1,family
2059,my roommate and my budget,мой сосед по комнате и мой бюджет,Other,6,5,unknown
5395,WEll my boyfriend who was leaving to go to Afghainstain is now there and he's not only my boyfriend he's now my husband.,"НУ, мой парень, который уезжал в Афганистан, теперь там, и он не только мой парень, но и мой муж.",Family Issues,2,1,family
3186,I feel like a bad person XD And I am sore and tired and I have a headache,"Я чувствую себя плохим человеком XD И мне больно, я устал и у меня болит голова","Health, Fatigue, or Physical Pain",3,2,health
4521,"I already knew I had a hard time making good food choices when I'm lonely or depressed, like skipping meals or eating too much at one meal.","Я уже знал, что мне трудно делать правильный выбор еды, когда я одинок или в депрессии, например, пропускаю приемы пищи или съедаю слишком много за один прием пищи.",Emotional Turmoil,6,5,unknown
3273,i'm so tired of being sick.,я так устал болеть.,"Health, Fatigue, or Physical Pain",3,2,health
6153,"My problem is I suffer from having an extremely nosy family, especially a mother who doesn't know when butt out.","Моя проблема в том, что у меня очень любопытная семья, особенно мать, которая не знает, когда пора выходить.",Family Issues,2,1,family
60,anxious customer,тревожный клиент,Work,1,0,work
1388,interviewing for a promotion at work,собеседование для повышения на работе,Work,1,0,work
5737,"I feel like I hurt so much, my mind hurts, my emotions hurt.","Я чувствую, что мне так больно, у меня болит разум, мои эмоции болят.",Emotional Turmoil,6,5,unknown
3933,I feel a bit bad as i ahve been putting off catching up with her for a while.,"Я чувствую себя немного плохо, так как какое-то время откладывал встречу с ней.",Social Relationships,4,3,friends
6642,on top of it all im at work having to deal with bratty kids.,"вдобавок ко всему, я на работе и имею дело с непослушными детьми.",Work,1,0,work
324,From the coronavirus laid off from my serving job has created so much financial stress,Из-за коронавируса увольнение с моей обслуживающей работы создало такой большой финансовый стресс.,Work,1,0,work
1660,lots of homework and work,много домашней работы и работы,School,1,0,work
3015,"work has been rough, my coworkers are not doing all of their job.","работа была тяжелой, мои коллеги не выполняют всю свою работу.",Work,1,0,work
347,getting to my college classes this weekend,собираюсь на занятия в колледже на этих выходных,School,1,0,work
6552,i'm supposed to be writing an SRA and then this weekend THE FIRST OF THE MASSIVE TERM PAPERS!,"я должен был написать SRA, а затем на этих выходных ПЕРВАЯ ИЗ МАССОВЫХ КУРСОВЫХ РУКОВОДСТВ!",School,1,0,work
2252,"oh, you know, life crap. nothing new, always something stressing me out.","ох, знаешь, жизнь - дерьмо. ничего нового, всегда что-то напрягает.",Other,6,5,unknown
4912,I couldn't get up for classes.,Я не мог встать на занятия.,School,1,0,work
6389,Im getting to the point where Im constantly stressed out about it.,"Я дошел до того, что постоянно переживаю по этому поводу.",Other,6,5,unknown
2111,My team at work lately has been doing whatever they want to do,"Моя команда на работе в последнее время делает все, что хочет.",Work,1,0,work
2256,omg i am stressing! work is i cant get cought up on my work!!,"омг я напрягаюсь! работа - это то, что меня не могут поймать на работе!!",Work,1,0,work
631,i am stressed trying to find a side dish to make for thanksgiving.,"Я в стрессе, пытаясь найти гарнир, который можно приготовить на День Благодарения.",Everyday Decision Making,6,5,unknown
4263,"Okay, I've been wrestling with myself about whether or not to start posting this, as it's another work in progress.","Хорошо, я боролся сам с собой, стоит ли начинать публиковать это, поскольку это еще одна работа в стадии разработки.",Everyday Decision Making,6,5,unknown
163,"college has been really stressing me out lately, thanks for asking.","колледж в последнее время меня очень напрягает, спасибо, что спросили.",School,1,0,work
2046,my relationship is a problem.,мои отношения - это проблема.,Social Relationships,4,3,friends
4968,I'm stressed out with school.,У меня стресс из-за школы.,School,1,0,work
616,i am stressed about whether i should apply for a job or not,"меня беспокоит вопрос, стоит ли мне подавать заявление на работу или нет",Work,1,0,work
5194,tensions so high in this house right now me vs my parents suddenly they think I've become some sort of addict.,"напряжение в этом доме сейчас настолько велико, я и мои родители, вдруг они думают, что я стал своего рода наркоманом.",Family Issues,2,1,family
299,finances have been stressing me out again,финансы снова меня напрягают,Financial Problem,5,4,finance
5306,that scares me. because i dont want to jump into a relationship that i cant feel comfortable in.,"это меня пугает. потому что я не хочу вступать в отношения, в которых не могу чувствовать себя комфортно.",Social Relationships,4,3,friends
1279,i'm not sleeping well,я плохо сплю,"Health, Fatigue, or Physical Pain",3,2,health
1896,my girlfriend just broke up with me,моя девушка только что рассталась со мной,Social Relationships,4,3,friends
5543,i've been so moody and negative about life lately..its really starting to depress me.,в последнее время я был таким угрюмым и негативно относился к жизни... это действительно начинает меня угнетать.,Emotional Turmoil,6,5,unknown
3377,"Alrighty, so I'm a hypochondriac and I've recently been very very scared for my health.","Хорошо, я ипохондрик и в последнее время очень-очень боюсь за свое здоровье.","Health, Fatigue, or Physical Pain",3,2,health
976,i have exams next week but i have not studied enough.,"на следующей неделе у меня экзамены, но я недостаточно выучился.",School,1,0,work
4991,I do not think I can go to school today.,"Я не думаю, что смогу пойти в школу сегодня.",School,1,0,work
543,i am having issues at work.,у меня проблемы на работе.,Work,1,0,work
6257,"my family never helps, no, they make things worse.","моя семья никогда не помогает, нет, они только ухудшают ситуацию.",Family Issues,2,1,family
763,I feel like my Manager is unfair,"Я чувствую, что мой менеджер несправедлив",Work,1,0,work
2944,"went to grocery for tgiving meal, and totally forgot turkey","пошел в продуктовый магазин, чтобы пообедать, и совершенно забыл об индейке",Other,6,5,unknown
5185,each day in school is more miserable than the last and i'm more behind on my work.,"каждый день в школе становится еще более несчастным, чем предыдущий, и я все больше отстаю от работы.",School,1,0,work
5850,I am in need of therapy.,Мне нужна терапия.,Emotional Turmoil,6,5,unknown
4204,Let's just say that the director and I are struggling to work together.,"Скажем так, нам с режиссером сложно работать вместе.",Work,1,0,work
1859,my dumbass bf has not been helping me with bills or anything,мой тупой парень не помогает мне со счетами или чем-то еще,Social Relationships,4,3,friends
6839,i'm worried about my parents. my mom's under a lot of stress and,я волнуюсь за своих родителей. моя мама находится в сильном стрессе и,Family Issues,2,1,family
5077,"I am really tired, I didn't sleep well last night to do random fretting about moving.","Я очень устал, я плохо спал прошлой ночью, потому что беспокоился о переезде.","Health, Fatigue, or Physical Pain",3,2,health
6523,im so stressed out with school.,у меня такой стресс из-за школы.,School,1,0,work
6327,my parents make my life very complicated sometimes.,мои родители иногда очень усложняют мою жизнь.,Family Issues,2,1,family
2681,the stupid problems at work. a lot going on. it's so fast paced. i'm not sure i'll make,"глупые проблемы на работе. много чего происходит. это так быстро. я не уверен, что сделаю",Work,1,0,work
5505,that I'm upset because of my friend situation.,что я расстроен из-за ситуации с моим другом.,Social Relationships,4,3,friends
3673,Since then he has had a major infection in his hand and been unable to work.,"С тех пор у него была серьезная инфекция в руке, и он не мог работать.","Health, Fatigue, or Physical Pain",3,2,health
3757,I cant stand not having work to do,Я терпеть не могу отсутствие работы,Work,1,0,work
5405,I feel so stressed cause all this crud is going on with my friends and I don't know how to be there for them.,"Я чувствую такой стресс, потому что вся эта ерунда происходит с моими друзьями, и я не знаю, как быть рядом с ними.",Social Relationships,4,3,friends
2812,Today has been rough with my kids fighting back and forth.,"Сегодняшний день был тяжелым, мои дети дрались взад и вперед.",Family Issues,2,1,family
3738,hey dude evening free,"эй, чувак, вечер свободен",Other,6,5,unknown
2351,relationships,отношения,Social Relationships,4,3,friends
113,Being stuck in my house during quarantine,Застрял в своем доме во время карантина,Other,6,5,unknown
1323,I'm stressed out about being on lockdown and out of work.,"Я испытываю стресс из-за того, что нахожусь в изоляции и без работы.",Work,1,0,work
1999,my mom is causing so many problems.,моя мама доставляет так много проблем.,Family Issues,2,1,family
5806,"It is only natural for him to feel tired coz NS life is so tough, and to make things worse, he is sick.","Для него вполне естественно чувствовать усталость, потому что жизнь в НС такая тяжелая, и, что еще хуже, он болен.","Health, Fatigue, or Physical Pain",3,2,health
3848,i had to go to work feeling crappy.,"мне пришлось идти на работу, чувствуя себя паршиво.",Work,1,0,work
1792,my car had recently started running hot and i don't know what to do.,"моя машина недавно начала перегреваться, и я не знаю, что делать.",Other,6,5,unknown
613,I am stressed about the pandemic global lockdown,Я в стрессе из-за глобальной блокировки в связи с пандемией.,Other,6,5,unknown
4815,i'm pretty hungry and there's no food at my house.,"Я очень голоден, и в моем доме нет еды.","Health, Fatigue, or Physical Pain",3,2,health
1267,i'm just stressting as i can't figure out when they'll release my favovite show on dvd.,"я просто переживаю, потому что не могу понять, когда они выпустят мое любимое шоу на DVD.",Other,6,5,unknown
1362,i'm worried about completeting all my tasks today,я беспокоюсь о выполнении всех своих задач сегодня,Everyday Decision Making,6,5,unknown
630,I am stressed over the stay at home order from the governor.,Я в стрессе из-за приказа губернатора оставаться дома.,"Health, Fatigue, or Physical Pain",3,2,health
3509,"Anyway I have been having some fucked up days, I have been having some really bad headaches and I never get them.","В любом случае, у меня были ужасные дни, у меня были очень сильные головные боли, и они никогда не болели.","Health, Fatigue, or Physical Pain",3,2,health
3688,Alex still hasn't caught up on all his missed school work from last quarter.,Алекс до сих пор не наверстал все свои пропущенные школьные задания за прошлую четверть.,School,1,0,work
3174,His health isn't so great.,Здоровье у него не очень хорошее.,"Health, Fatigue, or Physical Pain",3,2,health
1289,i'm really stressed about money at the moment,я сейчас очень переживаю из-за денег,Financial Problem,5,4,finance
22,a person i know is manipulating money owed.,один мой знакомый манипулирует задолженностью.,Financial Problem,5,4,finance
2634,the need to move out of state.,необходимость выезда из штата.,Other,6,5,unknown
814,i have a bunch of patients that suck right now and because of it i have a bad attitude.,"У меня сейчас есть куча пациентов, которые отстойны, и из-за этого у меня плохое отношение.",Work,1,0,work
1102,i need a better job so i'm stressing about bills.,"мне нужна работа получше, поэтому я переживаю из-за счетов.",Work,1,0,work
5565,"pests get really fkking angry when you try to blow them off, and that can be really awk when you have guests. as in, omg","вредители чертовски злятся, когда вы пытаетесь сдуть их, и это может быть очень неприятно, когда у вас есть гости. как в, омг",Social Relationships,4,3,friends
5257,I'm terrified of social relationships not based in some way upon music.,"Я боюсь социальных отношений, не основанных каким-либо образом на музыке.",Social Relationships,4,3,friends
2329,raising a  teenage girl  can be stressful,Воспитание девочки-подростка может быть стрессовым,Family Issues,2,1,family
4415,jeepney rides always mean grilling my head for a possible story.,"Поездка на джипни всегда означает, что я ломаю голову над возможной историей.",Other,6,5,unknown
4848,school is getting me worried and pissed.,школа меня беспокоит и злит.,School,1,0,work
2260,omg this new job is stressing me out,"омг, эта новая работа меня напрягает",Work,1,0,work
6845,"I will not be attending school tomorrow, im not up for it, i have to much on my mind and too much home work i havent completed!","Завтра я не пойду в школу, я не готов, у меня много мыслей и слишком много домашней работы, которую я не выполнил!",School,1,0,work
5624,"So that stressed me out hardcore, and I went outside to smoke a cigarette, and this man comes up and starts lecturing me about my smoking.","Это вызвало у меня сильнейший стресс, и я вышел на улицу, чтобы выкурить сигарету, и тут подходит этот мужчина и начинает читать мне нотации о моем курении.",Other,6,5,unknown
2898,very upset. need to relax,очень расстроен. нужно расслабиться,Emotional Turmoil,6,5,unknown
1426,I've been bummed out about COVID.,Я расстроен из-за COVID.,Other,6,5,unknown
4674,I starting to feel a more or less stress over my assignments and it's kind of like I've completely no space for myself.,"Я начинаю чувствовать больший или меньший стресс из-за своих заданий, и у меня совершенно нет места для себя.",School,1,0,work
2214,not making enough money,не зарабатываю достаточно денег,Financial Problem,5,4,finance
6656,ealier i was like restless bored and now im just sad bored.,"Раньше мне было очень скучно, а теперь мне просто грустно и скучно.",Other,6,5,unknown
4407,It was like everything doesn't went smoothly and I screwed myself big time.Woke up in the morning and prepared for work.,"Как будто все пошло не так гладко, и я сильно облажался. Проснулся утром и приготовился к работе.",Work,1,0,work
1263,I'm just really stressing about our money situation and the covid crisis.  We are bored.,Я просто очень переживаю из-за нашей денежной ситуации и ковидного кризиса.  Нам скучно.,Financial Problem,5,4,finance
442,hi dr..i just so stressful due to my project work.because the dead line is over .,"привет, доктор... я просто в таком стрессе из-за работы над проектом. потому что срок истек.",Work,1,0,work
6651,i cannot love anther man.,я не могу любить другого мужчину.,Social Relationships,4,3,friends
3255,She has some kind of health issue and I don't know what it is.,"У нее какие-то проблемы со здоровьем, и я не знаю, что это.","Health, Fatigue, or Physical Pain",3,2,health
2426,sometimes  stress i feel it,"иногда стресс, я это чувствую",Emotional Turmoil,6,5,unknown
4107,I'm trying to finish a load now and it's just not working out.,"Я сейчас пытаюсь закончить нагрузку, но ничего не получается.",Work,1,0,work
582,I am really stressed out about the pandemic because I have asthma and my man has Copd,"Я очень переживаю из-за пандемии, потому что у меня астма, а у моего мужчины ХОБЛ.","Health, Fatigue, or Physical Pain",3,2,health
1696,money issues stress me out,проблемы с деньгами меня раздражают,Financial Problem,5,4,finance
5911,"Today I quit the charity job because I hated it, I get really stressed out because when I don't sign people up I get pissed off.","Сегодня я ушла из благотворительной деятельности, потому что ненавидела ее, у меня сильный стресс, потому что, когда я не подписываю людей, я злюсь.",Work,1,0,work
4085,I'm so fed up with aol not working right.,"Мне так надоело, что aol работает неправильно.",Other,6,5,unknown
3064,work is really getting to me,работа действительно меня достает,Work,1,0,work
722,i did not have a good day at work.  i am behind in my work and i have a,у меня был не лучший день на работе.  я отстаю на работе и у меня есть,Work,1,0,work
3207,"Stressed out, and can't sleep.","В стрессе, не могу заснуть.","Health, Fatigue, or Physical Pain",3,2,health
2067,My selfish co-worker is draining...,Мой эгоистичный коллега истощает...,Work,1,0,work
4306,"Still, I've been frustrated lately by people that try to force it.","Тем не менее, в последнее время меня расстраивают люди, которые пытаются навязать это.",Social Relationships,4,3,friends
1505,i've been studying for my midterms and i don't feel like i'm doing well,"я готовлюсь к промежуточным экзаменам и не чувствую, что у меня все хорошо",School,1,0,work
856,i have been a bit overwhelmed with balancing work and my outside work side hustles.,Я был немного перегружен работой по совместительству и суетой вне работы.,Work,1,0,work
3694,"the COVID-19 pandemic is bothering me a lot, when will it pass my God","пандемия COVID-19 меня очень беспокоит, когда же она пройдет, боже мой","Health, Fatigue, or Physical Pain",3,2,health
3924,I became so reclusive at this point that I know my mom was worried.,"В этот момент я стал настолько замкнутым, что знаю, что моя мама волновалась.",Family Issues,2,1,family
3114,working wiht our hoa to get all the documents we need.,"работаем с нашим ТСЖ, чтобы получить все необходимые нам документы.",Other,6,5,unknown
5069,you might've failed the last exam.,"возможно, ты провалил последний экзамен.",School,1,0,work
4389,I dread dinner becuase i am forced to eat it and it bothers me a lot.,"Я боюсь ужина, потому что меня заставляют его есть, и это меня очень беспокоит.","Health, Fatigue, or Physical Pain",3,2,health
1995,my marriage has been stressing me out,мой брак меня напрягает,Family Issues,2,1,family
3828,i am really confused and frankly quite frusterated with parts of my life.,"я действительно сбит с толку и, честно говоря, очень расстроен некоторыми частями своей жизни.",Financial Problem,5,4,finance
4533,"I've been dragging around the house all weekend, muttering things like, ""Needs more tension.","Все выходные я таскался по дому, бормоча что-то вроде: «Нужно больше напряжения.",Other,6,5,unknown
4217,My allergies have been going haywire....I've been working alot lately....,Моя аллергия пошла наперекосяк... В последнее время я много работаю....,"Health, Fatigue, or Physical Pain",3,2,health
4990,"It's hard because i'm soo fed up with high school, it's hard to care when i just want it to end.","Это тяжело, потому что мне так надоела средняя школа, и мне трудно заботиться о ней, когда я просто хочу, чтобы она закончилась.",School,1,0,work
873,I have been having a hard time at work and very unhappy.,"У меня были тяжелые времена на работе, и я очень несчастен.",Work,1,0,work
6606,it is hard to go out in big groups because you dont know who to talk to and such!,"трудно собираться большими группами, потому что не знаешь, с кем поговорить и тому подобное!",Social Relationships,4,3,friends
740,I don't know if I will be losing my job due to the pandemic. I am really worried.,I don't know if I will be losing my job due to the pandemic. Я очень волнуюсь.,Work,1,0,work
3170,The downside is that I haven't been sleeping well.,"Обратной стороной является то, что я плохо сплю.","Health, Fatigue, or Physical Pain",3,2,health
4980,To top off my bad mood i have a huge test tomorrow and another big test on Wednesday.,В довершение всего моего плохого настроения у меня завтра важный тест и еще один большой тест в среду.,School,1,0,work
1598,just trying to motivate myself to do things that need to be done,"просто пытаюсь мотивировать себя делать то, что нужно сделать",Emotional Turmoil,6,5,unknown
6520,"I really am not in the mindset that I need to be in to do well in school, and it just seems like a huge waste of time and money.","Я действительно не думаю, что мне нужно хорошо учиться в школе, и это кажется огромной тратой времени и денег.",School,1,0,work
6346,I don't want her to grow up feeling like she has a big sister who doesn't know her and doesn't care enough to be there more than twice a year.,"Я не хочу, чтобы она росла с ощущением, будто у нее есть старшая сестра, которая ее не знает и не заботится о ней настолько, чтобы быть со мной чаще двух раз в год.",Family Issues,2,1,family
993,I have money problems.,У меня проблемы с деньгами.,Financial Problem,5,4,finance
6790,My dad says shes upset about the relationship my aunt and I have.,"Мой отец говорит, что она расстроена отношениями между моей тетей и мной.",Family Issues,2,1,family
4262,"Okay, I've been thinking a lot today which is probably bad.","Ладно, я сегодня много думал, и это, наверное, плохо.",Other,6,5,unknown
6435,"so tomorrow, my life ends a lot.",так что завтра моя жизнь сильно закончится.,Emotional Turmoil,6,5,unknown
5958,things are hectic and money is issue with me right now.,"дела идут беспокойно, и у меня сейчас проблемы с деньгами.",Financial Problem,5,4,finance
4525,"pretty much for the past two weeks, i've been struggling with finding enough time for everything, and stressing out in the process.",почти последние две недели я изо всех сил пытался найти достаточно времени для всего и нервничал в процессе.,Emotional Turmoil,6,5,unknown
319,finding work. it's been so difficult.,найти работу. это было так сложно.,Work,1,0,work
4019,I was very stressed about Nanny though.,Хотя я очень переживал из-за няни.,Family Issues,2,1,family
6679,"It's causing a lot of turmoil within me, and I don't really know how to deal with it.","Это вызывает во мне много смятения, и я действительно не знаю, как с этим справиться.",Emotional Turmoil,6,5,unknown
3887,By the time I got home I was feeling real pain.,"Когда я вернулся домой, я почувствовал настоящую боль.","Health, Fatigue, or Physical Pain",3,2,health
1376,I'm worried about my work.,Я беспокоюсь о своей работе.,Work,1,0,work
1318,I'm stressed about not working and having enough money,"Меня беспокоит то, что я не работаю и у меня недостаточно денег",Work,1,0,work
5038,well i must finish my essay.,"ну, мне пора закончить эссе.",School,1,0,work
302,financial constraints and so i need a well paying job,"финансовые ограничения, поэтому мне нужна хорошо оплачиваемая работа",Work,1,0,work
2624,the main thing is my boss' inconsistency in telling us what to do.,"главное, это непоследовательность моего начальника, говорящего нам, что делать.",Work,1,0,work
4117,"It has been so hard to live upto my own expectations, so now i will take a fall.","Было так трудно оправдать свои ожидания, так что теперь я приму падение.",Emotional Turmoil,6,5,unknown
6731,So The Holidays end up a bit awkward for me.,Так что «Праздники» оказались для меня немного неловкими.,Social Relationships,4,3,friends
6456,Life hits you the hardest when you don't pay attention.,"Жизнь бьет сильнее всего, когда вы не обращаете внимания.",Other,6,5,unknown
1590,just the usual money woes.,обычные проблемы с деньгами.,Financial Problem,5,4,finance
2523,The coronavirus and the state of the world. Also my job.,Коронавирус и состояние мира. Также моя работа.,Work,1,0,work
6360,"There's a huge lack of supervision between either the parents of the children or the providers there.""","Там наблюдается огромный недостаток контроля ни со стороны родителей детей, ни со стороны поставщиков услуг».",Other,6,5,unknown
2832,"Trying to be a teacher, parent, and girl friend is stressful!","Пытаться быть учителем, родителем и подругой — это стресс!",Financial Problem,5,4,finance
1138,I studied like 5 hours and still failed my bio exam,Я учился около 5 часов и все равно провалил экзамен по биологии,School,1,0,work
1781,my boyfriend isn't affectionate with me,мой парень не ласков со мной,Social Relationships,4,3,friends
5989,"it costs a lot of money to travel, but i feel like my parents don't do it enough.","Путешествие стоит больших денег, но я чувствую, что мои родители недостаточно этим занимаются.",Family Issues,2,1,family
456,hi friend. im recently some problems at house so i had a stressful,"привет, друг. Недавно у меня были проблемы дома, поэтому у меня был стресс",Family Issues,2,1,family
492,"homework, what are they doing at school if they are doing so much here.","домашнее задание, что они делают в школе, если они так много делают здесь.",School,1,0,work
5695,"You often worry, and your worries prevent you from living life fully.","Вы часто волнуетесь, и ваши переживания мешают вам жить полноценной жизнью.",Everyday Decision Making,6,5,unknown
589,i am so sick of my job.,мне так надоела моя работа.,Work,1,0,work
2182,Not being prepared for the unknown.  Wish had more back up supplies and day to day neces,Неготовность к неизвестному.  Хотелось бы иметь больше резервных запасов и повседневных потребностей.,Everyday Decision Making,6,5,unknown
5929,Not being able to do this with anyone makes me sad.,"Мне грустно, что я не могу сделать это ни с кем.",Emotional Turmoil,6,5,unknown
1005,I have no work and the bills are piling up,"У меня нет работы, и счета накапливаются.",Financial Problem,5,4,finance
4952,I started looking at my class schedule for this year and it gave me a stomach ache.,"Я начал просматривать расписание занятий на этот год, и у меня заболел живот.",School,1,0,work
3087,work sucks! boring and not satisfying,работа отстой! скучно и не приносит удовлетворения,Work,1,0,work
3803,my flights for my upcoming vacation were cancelled!,мои рейсы на предстоящий отпуск были отменены!,Other,6,5,unknown
4285,school's stressing me out.,школа меня напрягает.,School,1,0,work
3514,I have gotten headaches from it for days now.,У меня от этого уже несколько дней болит голова.,"Health, Fatigue, or Physical Pain",3,2,health
5117,"seriously, is it like joking angry? i'm freaked out because i have so much bloody homework.","серьезно, это как шутить, злиться? я в ужасе, потому что у меня так много чертовой домашней работы.",School,1,0,work
3187,"My neck and back are aching, and I have a horrible headache.","У меня болят шея и спина, ужасная головная боль.","Health, Fatigue, or Physical Pain",3,2,health
537,i am having 2 birthday parties this weekend and have lots to get done.,"В эти выходные у меня 2 вечеринки по случаю дня рождения, и мне нужно многое сделать.",Social Relationships,4,3,friends
121,big test coming up and need to finish my work.,"Скоро большой тест, и мне нужно закончить работу.",School,1,0,work
2690,The uncertainty of the current global crisis has me deeply concerned.,Неопределенность нынешнего глобального кризиса глубоко беспокоит меня.,Emotional Turmoil,6,5,unknown
216,dealing with anxiety from the stress of car repair and being unemployed.,"справиться с тревогой из-за стресса, связанного с ремонтом автомобилей и безработицей.",Financial Problem,5,4,finance
6320,I was mean to chris yesterday and I feel bad.,"Вчера я был груб с Крисом, и мне плохо.",Social Relationships,4,3,friends
3388,Then I was thinking about how worried I am about not finishing the MS Walk due to pain.,"Затем я подумал о том, как я беспокоюсь о том, что не смогу закончить MS Walk из-за боли.","Health, Fatigue, or Physical Pain",3,2,health
3093,work! it has me running every which way!!,работа! это заставляет меня бегать во все стороны!!,Work,1,0,work
3142,Wow!! Today was so crazy you would not believe.,"Ух ты!! Сегодня было настолько безумно, что ты не поверишь.",Other,6,5,unknown
1299,i'm so stressed out about school. i just turned in a paper that i don't feel good about.,"я так переживаю из-за школы. Я только что сдал бумагу, которая мне не нравится.",School,1,0,work
1034,"i have to work with an obnoxious, mean-spirited co-worker daily, and it is very difficul","мне приходится ежедневно работать с отвратительным и подлым коллегой, и это очень сложно",Work,1,0,work
6674,My Uncle phoned because my Grandparents had told him I was really really ill and collapsing every time I moved a muscle.,"Мой дядя позвонил, потому что мои бабушка и дедушка сказали ему, что я действительно очень болен и падаю в обморок каждый раз, когда я двигаю мышцей.","Health, Fatigue, or Physical Pain",3,2,health
650,i am trying to find a new job but having a hard time applying.,"Я пытаюсь найти новую работу, но мне трудно подать заявление.",Work,1,0,work
2215,Not making enough money at work.,Недостаточно зарабатываю на работе.,Financial Problem,5,4,finance
5805,"I was really concerned that something had happened to her, and I that would make me sad.","Я был очень обеспокоен тем, что с ней что-то случилось, и это меня расстроило.",Social Relationships,4,3,friends
5947,I have been struggling a bit with myself and things emotionally lately.,В последнее время я немного боролся с собой и вещами эмоционально.,Emotional Turmoil,6,5,unknown
4451,"Everyday that passes by, it gets more and more tough.",С каждым днем ​​становится все труднее.,Emotional Turmoil,6,5,unknown
5370,He is one who has previously ignored me at parties and not returned my phonecalls due to some problem his ex has with me.,Раньше он игнорировал меня на вечеринках и не отвечал на мои телефонные звонки из-за каких-то проблем со мной у его бывшего.,Social Relationships,4,3,friends
1591,Just the usual work and family stuff,Обычная работа и семейные дела,Work,1,0,work
6281,"scared though, mom and i argued, she left and i dont know where she is.","правда испугалась, мы с мамой поругались, она ушла и я не знаю где она.",Family Issues,2,1,family
5119,Now I'm really full and I need to figure out what I'm doing for college.,"Теперь я действительно сыт, и мне нужно понять, что я делаю для учебы в колледже.",School,1,0,work
6198,my moms mad at me this sucks.,"мои мамы злятся на меня, это отстой.",Family Issues,2,1,family
1230,i'm due in court in two weeks over a custody dispute.,Через две недели мне предстанет суд по поводу спора об опеке.,Family Issues,2,1,family
393,Having to go to work in the ER amidst all the virus drama.,Мне приходится идти на работу в отделение скорой помощи среди всей этой вирусной драмы.,Work,1,0,work
2340,recently i have just been having a hard time with my finances.,в последнее время у меня просто были трудности с финансами.,Financial Problem,5,4,finance
2087,my son has been acting out and having aggressive behaviors,мой сын капризничает и ведет себя агрессивно,Family Issues,2,1,family
5416,"My angst and lack of confidence hindered me, and as I switch from major to major, friend to friend, I realized something was wrong.","Моя тревога и неуверенность мешали мне, и, переключаясь с мажора на мажор, от друга к другу, я понял, что что-то не так.",Emotional Turmoil,6,5,unknown
194,"COVID is really stressing me, I can't think about anything else.","COVID меня очень напрягает, я не могу думать ни о чем другом.","Health, Fatigue, or Physical Pain",3,2,health
4376,Work has actually been pissing me off lately.,В последнее время работа меня действительно бесила.,Work,1,0,work
5491,"The fact that I am so disconnected, so removed, so numb to my family, the people who are supposed to be my support system, is starting to worry me.","Меня начинает беспокоить тот факт, что я так оторван, так отстранен, так равнодушен к своей семье, к людям, которые должны быть моей системой поддержки.",Family Issues,2,1,family
2324,problems at home,проблемы дома,Family Issues,2,1,family
5723,"There were a couple people specifically who hurt me by not calling, but I am over it.","Было несколько человек, которые обидели меня тем, что не позвонили, но я уже справился с этим.",Social Relationships,4,3,friends
1257,I'm just feeling like I'm in limbo during this COVID pandemic.,"Я просто чувствую, что нахожусь в подвешенном состоянии во время этой пандемии COVID.","Health, Fatigue, or Physical Pain",3,2,health
6375,If I spend too much time around my family I am going to frickin burst cause they are all starting to drive me insane.,"Если я провожу слишком много времени со своей семьей, я чертовски взорвусь, потому что они все начинают сводить меня с ума.",Family Issues,2,1,family
5612,Saddest Memory? seeing my grandmother crying when my great grandma passed away Most Embarassing Memory?,"Самое грустное воспоминание? видеть, как моя бабушка плачет, когда умерла моя прабабушка. Самое неловкое воспоминание?",Emotional Turmoil,6,5,unknown
5822,"its really sad that when i come home, before i even arrive at my house, my dad and i get in a fight.","очень грустно, что когда я прихожу домой, еще до того, как добираюсь до дома, мы с отцом ссоримся.",Family Issues,2,1,family
2032,My partner was furloughed due to COVID 19.,Моего партнера уволили из-за COVID 19.,Work,1,0,work
4748,You always have a million things to do and never enough time to do them.,"У вас всегда есть миллион дел, и никогда не хватает времени, чтобы их сделать.",Everyday Decision Making,6,5,unknown
3178,So yeah I'm tired and sore.,"Так что да, я устал и болит.","Health, Fatigue, or Physical Pain",3,2,health
3569,"i puked all over dads bathroom, i felt horrible. now. the worst part!!!","меня блевало на всю папину ванную, я чувствовал себя ужасно. сейчас. самое худшее!!!","Health, Fatigue, or Physical Pain",3,2,health
898,i have been sick so i feel so behind,"я заболел, поэтому чувствую себя отсталым",Emotional Turmoil,6,5,unknown
6670,"gostylo had to drive me how and such and i felt so bad because she like, chauffered me to different doctors all afternoon.","Гостыло пришлось отвезти меня как и тому подобное, и мне было так плохо, потому что она, типа, возила меня по разным врачам весь день.",Other,6,5,unknown
1970,my job. i just wish my boss would give me the money i need.,"моя работа. Я просто хочу, чтобы мой босс дал мне деньги, которые мне нужны.",Work,1,0,work
624,I am stressed out about the coronavirus.,Я в стрессе из-за коронавируса.,"Health, Fatigue, or Physical Pain",3,2,health
10,a group project at my job,групповой проект на моей работе,Work,1,0,work
6090,i need someway to get more money.,мне нужно как-то получить больше денег.,Financial Problem,5,4,finance
2013,my mother in law owes me money and i am not sure what to do,"моя свекровь должна мне денег, и я не знаю, что делать",Financial Problem,5,4,finance
3511,I have had a headache for almost a week.,У меня уже почти неделю болит голова.,"Health, Fatigue, or Physical Pain",3,2,health
1428,I've been concerned about the Wuhan Flu.  I afraid some of my liberal friends might cath,"Меня беспокоит Уханьский грипп.  Боюсь, некоторые из моих либеральных друзей могут заразиться",Social Relationships,4,3,friends
3882,"on my days off, I just feel like I'm wasting time.","в выходные мне кажется, что я теряю время.",Everyday Decision Making,6,5,unknown
4031,I'm a little stressed about work as well.,Я тоже немного напряжен из-за работы.,Work,1,0,work
4122,it kinda upsets me. just going over everything that sucked during my day.,"меня это как-то расстраивает. просто перебираю все, что было отстойно за день.",Other,6,5,unknown
2153,"no money, been cold, christmas coming","нет денег, холодно, скоро Рождество",Financial Problem,5,4,finance
1370,i'm worried about my daughter. i'm afraid she isn't taking school seriously.,"я волнуюсь за свою дочь. Боюсь, она не относится к школе серьезно.",Family Issues,2,1,family
5754,"In addition to that, I'm having a serious problem in my relationship with Elise.","Вдобавок ко всему, у меня серьезные проблемы в отношениях с Элизой.",Social Relationships,4,3,friends
2592,the fact i have to stay inside alot,"тот факт, что мне приходится часто оставаться дома",Social Relationships,4,3,friends
3800,I have a huge paper due in school,Мне нужно сдать огромную работу в школе,School,1,0,work
4382,"work was hectic for some reason, barb was out again.","работа почему-то была беспокойной, Барб снова отсутствовал.",Work,1,0,work
1565,"just family stuff, nothing to worry about.","просто семейные дела, не о чем беспокоиться.",Family Issues,2,1,family
1092,"i made a big bet on the game tonight and lost, now i have to pay the bookie.","Сегодня вечером я сделал большую ставку на игру и проиграл, теперь мне нужно заплатить букмекеру.",Financial Problem,5,4,finance
611,i am stressed about planning the thanksgiving meal,я нервничаю из-за планирования ужина на День Благодарения,Social Relationships,4,3,friends
5021,"However, I'm dreading next week because my motivation for actually doing my school work and attending class seems to be droping rather quickly.","Однако я с ужасом жду следующей недели, потому что моя мотивация выполнять школьную работу и посещать занятия, похоже, довольно быстро падает.",School,1,0,work
2476,thanks for your concern. lack of money and bills have been pretty stressful to me.,спасибо за вашу заботу. отсутствие денег и счетов было для меня большим стрессом.,Financial Problem,5,4,finance
4193,"Lately it all seems to be going wrong, oddly enough since I last moved.","В последнее время все идет не так, как ни странно, с тех пор, как я последний раз переезжал.",Other,6,5,unknown
1014,i have several health issues that are causing me extreme stress.,"У меня есть несколько проблем со здоровьем, которые вызывают у меня сильный стресс.","Health, Fatigue, or Physical Pain",3,2,health
5559,due to peer pressure and anxiety of not being accepted by the people i call friends.,"из-за давления со стороны сверстников и беспокойства, что меня не примут люди, которых я называю друзьями.",Social Relationships,4,3,friends
3520,"I think its a combination of hormones, lack of exercise and not eating healthy for the past week.","Я думаю, что это сочетание гормонов, отсутствия физических упражнений и неправильного питания на прошлой неделе.","Health, Fatigue, or Physical Pain",3,2,health
3536,My mom just told me my dad has cancer.,"Моя мама только что сказала мне, что у моего отца рак.",Family Issues,2,1,family
2984,Work and Bills,Работа и счета,Work,1,0,work
1219,"i'm behind on bills, and need to find a job.","У меня задолженность по счетам, и мне нужно найти работу.",Financial Problem,5,4,finance
4132,It's a good kind of busy except I've been bringing work home and I think it's hurting my relationship. Craps!,"Это хорошая занятость, но я тащу работу домой и думаю, что это вредит моим отношениям. Черт возьми!",Social Relationships,4,3,friends
4057,I'm gonna be exhausted and I'm workin with someone that I don't like working with.,"Я буду утомлен и буду работать с кем-то, с кем мне не нравится работать.",Work,1,0,work
6342,Amanda's poor sister in her belly is bothering her.,Бедная сестра Аманды в животе беспокоит ее.,Other,6,5,unknown
74,Because of a power outage all of my classes have been moved to online,Из-за отключения электроэнергии все мои занятия перенесены в онлайн-режим.,School,1,0,work
1599,just waiting on a promotion that is long overdue,"просто жду повышения, которое давно назрело",Work,1,0,work
6269,I'm scared of what my family will say.,"Я боюсь того, что скажет моя семья.",Family Issues,2,1,family
5135,"I have a really big problem paying attention to homework now, it's like compulsive behavior that's tying my brain down.","У меня сейчас очень большая проблема с тем, чтобы уделять внимание домашнему заданию, это похоже на компульсивное поведение, которое сковывает мой мозг.",School,1,0,work
2989,work and the corona-virus pandemic,работа и пандемия короновируса,Work,1,0,work
2967,When my supervisor quit this morning. I was stressed like crazy,"Когда мой начальник уволился сегодня утром. Я был в стрессе, как сумасшедший",Work,1,0,work
5614,I'm worried about my dog cos I found a tumor on her.,"Я беспокоюсь за свою собаку, потому что обнаружил у нее опухоль.",Emotional Turmoil,6,5,unknown
4560,Everyday it is harder and harder to wake up because I havent been able to fall into a routine.,"С каждым днем ​​мне все труднее и труднее просыпаться, потому что я не могу войти в рутину.",Other,6,5,unknown
4066,I'm kind of stressed about work.,Я немного напряжен из-за работы.,Work,1,0,work
5158,"i will figure it out tommarow, whateva school is starting to get stressful! dammit!","Я разберусь с этим завтра, а в какой школе начинается стресс! черт возьми!",School,1,0,work
3899,For some reason I've been really tired lately (Did I complain about this already?) and it's driving me nuts.,"По какой-то причине я очень устал в последнее время (я уже жаловался на это?), и это сводит меня с ума.","Health, Fatigue, or Physical Pain",3,2,health
4216,money has become such an issue of worry for me (and my parents as well).,"деньги стали для меня (и моих родителей в том числе) проблемой, которая беспокоит меня.",Financial Problem,5,4,finance
4783,i can't wait to be home. all this being on the road nonsense is driving me nuts.,мне не терпится оказаться дома. вся эта ерунда на дороге сводит меня с ума.,Other,6,5,unknown
4743,a lot of stuff has been bothering me lately. one would be my work situation.,в последнее время меня многое беспокоит. одна из них была бы моей рабочей ситуацией.,Work,1,0,work
3047,Work has me stressed!,Работа меня напрягает!,Work,1,0,work
2851,Trying to get a Refund $79.93  from hughesnet - hughesnet has been blocking it.,"Пытаюсь получить возмещение в размере 79,93 долларов США от Хьюзнета - Хьюзнет заблокировал его.",Financial Problem,5,4,finance
1207,"idiots passing me in ""no passing zones"" at 80 mph while i'm trying to deliver the mail.","идиоты обгоняют меня в «зонах, запрещенных для проезда» на скорости 80 миль в час, пока я пытаюсь доставить почту.",Work,1,0,work
1909,my home burned before christmas and i have been homeless.,"мой дом сгорел перед Рождеством, и я остался бездомным.",Financial Problem,5,4,finance
5385,im kinda scared haha justin's party was on saturday.,"я немного напуган, хаха, вечеринка у Джастина была в субботу.",Social Relationships,4,3,friends
5756,I had to talk to the owner to verify that he indeed wanted his cat put to sleep.. it was really sad.,"Мне пришлось поговорить с владельцем, чтобы убедиться, что он действительно хочет, чтобы его кошку усыпили… это было очень грустно.",Other,6,5,unknown
5917,"So, why do I find myself filled with guilt? I'm striving to be a better person, I don't want to be an asshole anymore.","Так почему же я чувствую себя наполненным чувством вины? Я стремлюсь стать лучше, я больше не хочу быть засранцем.",Emotional Turmoil,6,5,unknown
4009,I was already stressed from just... my life.,Я уже был в стрессе из-за... своей жизни.,Everyday Decision Making,6,5,unknown
1927,my husband lost his job and we're struggling to stay afloat.,"мой муж потерял работу, и мы изо всех сил пытаемся остаться на плаву.",Financial Problem,5,4,finance
3639,"im trying very hard to straighten things in my life out, but for some that doesn't seem to be good enough and that is making me sad.","Я очень стараюсь исправить ситуацию в своей жизни, но некоторым это кажется недостаточно хорошим, и это меня расстраивает.",Emotional Turmoil,6,5,unknown
6680,I found out that I am illergic to advil and thats why I have been feeling sick and very tired.,"Я узнал, что у меня аллергия на адвил, поэтому я чувствую себя плохо и очень устал.","Health, Fatigue, or Physical Pain",3,2,health
3403,"There's been no letter, no phone call, nothing, which means I have no way to show people that yes, I AM FUCKING DISABLED.","Не было ни письма, ни телефонного звонка, ничего, а это значит, что у меня нет возможности показать людям, что да, я, БЛЯДЬ, ИНВАЛИД.","Health, Fatigue, or Physical Pain",3,2,health
6109,"I'm really not liking my job, I'm extremely in debt.","Мне действительно не нравится моя работа, я по уши в долгах.",Work,1,0,work
6795,my parents have been pissing me off really bad lately.. not just one thing in peticular really but tons of things.. im going to go crazy.,"мои родители в последнее время меня очень сильно бесят... не что-то конкретное, а множество вещей... я сойду с ума.",Family Issues,2,1,family
1880,my financial situation is stressing me out.,мое финансовое положение меня напрягает.,Financial Problem,5,4,finance
5482,"I know that Andrew and I are broken up but I have this feeling like we're going to be complicating each other's lives for a long, long time.","Я знаю, что мы с Эндрю расстались, но у меня такое ощущение, что мы будем усложнять жизнь друг другу еще очень-очень долго.",Social Relationships,4,3,friends
1335,i'm stressing out about sticking to a work out routine,меня беспокоит необходимость придерживаться режима тренировок,"Health, Fatigue, or Physical Pain",3,2,health
1998,my mom is being annoying,моя мама раздражает,Family Issues,2,1,family
157,chritmas is coming up and i am worried i wont be able give my family a good xmas,"Приближается Рождество, и я волнуюсь, что не смогу подарить своей семье хорошее Рождество",Family Issues,2,1,family
4123,"It made me worry about her, and I also had a tendency to second-guess myself...without an editor, things were difficult.","Это заставило меня беспокоиться о ней, а также у меня была склонность сомневаться в себе... без редактора все было сложно.",Work,1,0,work
428,Hey! I think a situation that's been stressing me out is just finances.,"Привет! Я думаю, что ситуация, которая меня напрягает, - это просто финансы.",Financial Problem,5,4,finance
6426,hopefully i'll get all my christmas shopping done..that's been a very stressful situation for me this year.,"надеюсь, я успею сделать все рождественские покупки... в этом году для меня это была очень стрессовая ситуация.",Everyday Decision Making,6,5,unknown
5875,I don't know if I can handle this shit anymore this week.,"Я не знаю, смогу ли я больше справляться с этим дерьмом на этой неделе.",Everyday Decision Making,6,5,unknown
3493,But then I tried to sleep and my throat just kept getting worse and worse.,"Но потом я попытался заснуть, и мое горло становилось все хуже и хуже.","Health, Fatigue, or Physical Pain",3,2,health
6724,i have so much stress and what not right now its unremarkable.,"у меня так много стресса, а что не так сейчас, это ничем не примечательно.",Other,6,5,unknown
1025,i have to choose between stressfull well-paid job and a better job with pay cut.,"Мне приходится выбирать между стрессовой, хорошо оплачиваемой работой и лучшей работой с сокращением зарплаты.",Work,1,0,work
2508,The corona virus is really stressing me out with the sheltering in place.,Вирус короны очень напрягает меня из-за укрытия.,"Health, Fatigue, or Physical Pain",3,2,health
6502,"Ahh, school is driving me insane.","Ах, школа сводит меня с ума.",School,1,0,work
5786,"It doesn't sound professional at all, it all seems very emotional and desperate.","Звучит это совсем не профессионально, все кажется очень эмоциональным и отчаянным.",Other,6,5,unknown
206,crap life seems to suck!,"дерьмовая жизнь, кажется, отстой!",Emotional Turmoil,6,5,unknown
805,i had to move to a new house.,мне пришлось переехать в новый дом.,Other,6,5,unknown
646,I am super bugged by being trapped in the house during quarentine!,"Меня очень расстраивает то, что я заперт в доме во время карантина!",Other,6,5,unknown
1306,i'm stress about seeing as many clients as possible this week.,"Я беспокоюсь о том, чтобы увидеть как можно больше клиентов на этой неделе.",Work,1,0,work
5551,I haven't spoken to my boyfriend in weeks and now he won't respond to me.,"Я не разговаривала со своим парнем несколько недель, и теперь он мне не отвечает.",Social Relationships,4,3,friends
5375,MY BOYFRIEND CHEATED ON ME.,МОЙ ПАРЕНЬ МНЕ ИЗМЕНИЛ.,Social Relationships,4,3,friends
736,I don't know how I'm going to get all my work done.,"Я не знаю, как я буду выполнять всю свою работу.",Work,1,0,work
406,having trouble choosing meals for the week=getting everyone to agree!,возникли проблемы с выбором блюд на неделю = удалось добиться от всех согласия!,Everyday Decision Making,6,5,unknown
1947,my job and the lack of communication in that place.,моя работа и отсутствие общения в том месте.,Work,1,0,work
5125,All this school work is driving me crazy.,Вся эта школьная работа сводит меня с ума.,School,1,0,work
3247,Agggh I'm so tired. and not in a very good mood.,"Аггх, я так устал. и не в очень хорошем настроении.","Health, Fatigue, or Physical Pain",3,2,health
6126,Those people are so badly paid that they have no investment in their job.,"Этим людям настолько плохо платят, что они не инвестируют в свою работу.",Work,1,0,work
3777,my puppy getting her shots,моему щенку делают прививки,Emotional Turmoil,6,5,unknown
2760,This coronavirus is kind of stressful because you never know how long it's going to last,"Этот коронавирус вызывает своего рода стресс, потому что никогда не знаешь, как долго он продлится.","Health, Fatigue, or Physical Pain",3,2,health
1746,my boss has really been on me this week.,мой босс действительно был на мне на этой неделе.,Work,1,0,work
4653,"The growing stress of day to day life is growing explicitly, especially regarding my newfound internship.","Растущий стресс повседневной жизни явно возрастает, особенно в связи с моей новой стажировкой.",Work,1,0,work
6516,Exams start this week and i'm scared.,"На этой неделе начнутся экзамены, и я боюсь.",School,1,0,work
1153,i want to earn more money.,я хочу зарабатывать больше денег.,Financial Problem,5,4,finance
2461,super busy and overwhelmed lately,очень занят и перегружен в последнее время,"Health, Fatigue, or Physical Pain",3,2,health
6116,I so don't get paid enough.,Мне так мало платят.,Other,6,5,unknown
731,I don't have any motivation to do my school work and have nothing to do,"У меня нет никакой мотивации выполнять школьную работу, и мне нечего делать.",School,1,0,work
4945,"This week and next week have been the set deadlines for all our coursework to be in, so I have been a very busy, annoyed, stressed out person.","На этой и следующей неделе были установлены сроки сдачи всех наших курсовых работ, поэтому я был очень занятым, раздраженным и напряженным человеком.",School,1,0,work
4832,school is crazy right now and i am trying to decide what classes i have to take and i am just going crazy!!,"Школа сейчас просто сумасшедшая, и я пытаюсь решить, какие уроки мне следует посещать, и просто схожу с ума!!",School,1,0,work
4119,"It is becoming very difficult to maintain contact, though; as they sign off before I can message them....","Однако поддерживать контакт становится очень трудно; когда они подписывают контракт, прежде чем я успеваю им написать....",Social Relationships,4,3,friends
597,"i am sooooo stressed out. let's go out for dinner and drinks, and let's talk.","я оооочень напряжен. давай поужинаем, выпьем и поговорим.",Other,6,5,unknown
2122,my water line to my toilet froze up during this cold spell.,во время холодов у меня замерз водопровод в туалете.,Everyday Decision Making,6,5,unknown
1155,i want to finish my paper,я хочу закончить свою работу,School,1,0,work
1872,My finances are stressing me out.,Мои финансы меня напрягают.,Financial Problem,5,4,finance
100,Being quarantined because of the corona virus.,Находится на карантине из-за короновируса.,Other,6,5,unknown
1935,my husbands affair has left us with a pregnant girl that is  a jerk.,"Из-за романа моего мужа у нас осталась беременная девушка, которая является придурком.",Family Issues,2,1,family
5327,girlfriend hated you because she was so damn jealous of the relationship you had with her boyfriend?,"подруга ненавидела тебя, потому что она чертовски завидовала твоим отношениям с ее парнем?",Emotional Turmoil,6,5,unknown
2055,my relationship. he is always blaming me for everything and turning everything on me,мои отношения. он всегда винит меня во всем и обращает все против меня,Emotional Turmoil,6,5,unknown
4782,There just isn't enough time in the week and the day to work on me.,"На неделе и дне просто не хватает времени, чтобы поработать надо мной.",Work,1,0,work
2070,my sinuses are really hurting again.,мои пазухи снова очень болят.,"Health, Fatigue, or Physical Pain",3,2,health
3587,i think my sleeping habits are wretched.,"Я думаю, что мои привычки сна ужасны.","Health, Fatigue, or Physical Pain",3,2,health
212,deadline,крайний срок,Work,1,0,work
1949,"my job been very stresfull due to paycheck cuts , and right before holidays",моя работа была очень напряженной из-за сокращения зарплаты и прямо перед праздниками,Work,1,0,work
995,i have my evaluation at work,у меня есть оценка на работе,Work,1,0,work
5556,to top that off my mom isn't going to be with us for her birthday again this year. Because of her fiance and I'm getting pissed.,"в довершение всего, моя мама больше не будет с нами на своем дне рождения в этом году. Из-за ее жениха и я злюсь.",Family Issues,2,1,family
3604,"My sinuses hurt, my head hurts, my nose is runny, my throat hurts, breathing is feeling more and more like a chore, and my back hurts.","У меня болят носовые пазухи, болит голова, насморк, болит горло, дыхание становится все более утомительным, болит спина.","Health, Fatigue, or Physical Pain",3,2,health
1931,"my husband went to go to work and our truck was gone, it had been repoed,","мой муж пошел на работу, а нашего грузовика не было, его перевезли,",Financial Problem,5,4,finance
5113,I am having some trouble readjusting to school.,У меня проблемы с адаптацией к школе.,School,1,0,work
6318,My mom was upset that he didn't do bloodwork to figure out my fatigue problem.,"Моя мама была расстроена тем, что он не сделал анализ крови, чтобы выяснить мою проблему с усталостью.","Health, Fatigue, or Physical Pain",3,2,health
4416,With all the thoughts that run through my head everyday I just can't sort out my feelings on everything.,"Со всеми мыслями, которые приходят мне в голову каждый день, я просто не могу разобраться в своих чувствах по поводу всего.",Emotional Turmoil,6,5,unknown
4693,"I wasnt even sure about spending dinner with them friday, I think a sleepover is not my first choice of activities while there.","Я даже не был уверен, стоит ли поужинать с ними в пятницу, думаю, ночевка — не мой основной вариант занятий там.",Social Relationships,4,3,friends
5054,I have my final exam on Wednesday which I'm also nervous about.,"В среду у меня выпускной экзамен, и я тоже нервничаю.",School,1,0,work
5206,The friend James went with our roommate doesn't get along with for a stupid reason.,"Друг Джеймса, с которым мы встречались с нашим соседом по комнате, не ладит по какой-то глупой причине.",Social Relationships,4,3,friends
3975,I have shit I need to get done and I've been REALLY bad at that lately.,"У меня есть кое-что, что мне нужно сделать, и в последнее время у меня это ОЧЕНЬ плохо получается.",Work,1,0,work
1404,it stresses me out when people dont show up to work on time.,"Меня раздражает, когда люди не приходят на работу вовремя.",Work,1,0,work
1825,my crazy childrens father.,отец моего сумасшедшего ребенка.,Family Issues,2,1,family
2284,past few days my business is kind of slow. don't know what to do.need your advice.,"последние несколько дней мои дела идут медленно. не знаю, что делать, нужен ваш совет.",Work,1,0,work
171,CORNOAVIRUS AND THE UNKNOWN,КОРНОАВИРУС И НЕИЗВЕСТНОЕ,Other,6,5,unknown
2298,People not taking this pandemic seriously.,Люди не воспринимают пандемию всерьез.,Emotional Turmoil,6,5,unknown
331,Getting cabin fever due to coronavirus shutting things down.,"У меня лихорадка в салоне из-за коронавируса, который останавливает работу.",Social Relationships,4,3,friends
3784,My mom and I have been arguing.,Мы с мамой ссоримся.,Family Issues,2,1,family
5009,"STRESSFUL i have stressed out about school, my friends, my parents, my so called life that i'm leading.","СТРЕСС У меня стресс из-за школы, моих друзей, моих родителей, моей так называемой жизни, которую я веду.",School,1,0,work
815,i have a bunch of tests this week and no time to study,на этой неделе у меня куча тестов и нет времени учиться,School,1,0,work
6482,"i guess i should do homework, i still need to work on my thesis.","Думаю, мне нужно сделать домашнее задание, мне еще нужно поработать над диссертацией.",School,1,0,work
6449,"The printer was down all day yesterday, members are mean and rude, like technical problems are your fault.","Принтер вчера целый день не работал, участники ведут себя грубо и грубо, как будто технические проблемы — это ваша вина.",Work,1,0,work
966,i have been worried about all of my work projects that are due tomorrow.,"я беспокоился обо всех своих рабочих проектах, которые должны быть выполнены завтра.",Work,1,0,work
3972,i have no idea why i'm always so emo.. i guess it just seems to be bothering me alot lately.,"понятия не имею, почему я всегда такой эмо... наверное, в последнее время это меня сильно беспокоит.",Emotional Turmoil,6,5,unknown
5223,Laura had been going out with her boyfriend for almost a year and just this past week she went through a really messy breakup with him.,"Лаура встречалась со своим парнем почти год, и только на прошлой неделе она пережила очень тяжелый разрыв с ним.",Social Relationships,4,3,friends
878,i have been having a lot going on lately and it has started to stress me out,"в последнее время у меня много всего происходит, и это начало меня напрягать",Everyday Decision Making,6,5,unknown
4973,right now its trying to fall back into the pattern of school and actually doing my homework.,сейчас я пытаюсь вернуться к школьной жизни и фактически делаю домашнее задание.,School,1,0,work
2942,"well, you know how busy the christmas season has been... so much to do!!","ну, вы знаете, насколько загруженным был рождественский сезон... так много дел!!",Everyday Decision Making,6,5,unknown
6457,So what if I'm starving yet nauseated by the sight of food and having irregular cycles?,"А что, если я умираю от голода, но меня тошнит от вида еды и у меня нерегулярный цикл?","Health, Fatigue, or Physical Pain",3,2,health
4431,"It's just too much work to do all that twice a day, or every day even.",Делать все это дважды в день или даже каждый день — слишком большая работа.,Work,1,0,work
3935,"I feel bad for myself, having to move there.. it's sooo complicated with all of that stuff.","Мне жаль себя, что мне приходится туда переезжать... это ооочень сложно со всеми этими вещами.",Emotional Turmoil,6,5,unknown
354,"Girl, having AJ home all day while trying to wfm is stressing me out.","Детка, меня напрягает то, что Эй Джей весь день дома, пока я пытаюсь сделать WFM.",Social Relationships,4,3,friends
3177,"I am sore, and I am tired.","Мне больно, и я устал.","Health, Fatigue, or Physical Pain",3,2,health
4538,"I'm sorry that it freaks me out when I hear you are out to dinner with my mom and my mom only, and no one understands why.","Мне жаль, что меня пугает, когда я слышу, что ты ужинаешь с моей мамой и только с моей мамой, и никто не понимает почему.",Family Issues,2,1,family
2913,we just found out my dad has terminal brain cancer.,"мы только что узнали, что у моего отца неизлечимая форма рака мозга.",Family Issues,2,1,family
2504,The corona virus has been stressing me out.,Вирус короны вызвал у меня стресс.,"Health, Fatigue, or Physical Pain",3,2,health
4711,Last nite when I was out with Ryan having dinner I kept thinking about how I feel out of place being here in SJ.,"Прошлым вечером, когда я ужинал с Райаном, я продолжал думать о том, как я чувствую себя неуместно здесь, в SJ.",Emotional Turmoil,6,5,unknown
3563,I have not driven a car in four years because my last accident still gives me the shakes.,"Я не водил машину уже четыре года, потому что последняя авария до сих пор меня трясет.",Emotional Turmoil,6,5,unknown
5770,"I'm trying really hard though, to find my place, to find my stance on this matter.","Однако я очень стараюсь найти свое место, найти свою позицию по этому вопросу.",Other,6,5,unknown
4588,There's just not enough time in the day for me to get stuff done.,"Мне просто не хватает времени в сутках, чтобы что-то сделать.",Everyday Decision Making,6,5,unknown
6380,"I've been worrying a lot lately, and I cannot talk about so many of those worries..",В последнее время я много беспокоюсь и не могу говорить о столь многих из этих тревог..,Emotional Turmoil,6,5,unknown
6136,third i scared her boyfriend so he refuses to let me move in with them.,"в-третьих, я напугал ее парня, и он отказался позволить мне переехать к ним.",Social Relationships,4,3,friends
958,i have been thinking a lot about what i should do when i graduate college.,"Я много думал о том, что мне делать, когда я закончу колледж.",School,1,0,work
6555,"they just realized that their UF application is due tomorrow, and they haven't even started thier essays for that essay.","они только что поняли, что их заявление на UF должно быть подано завтра, и они даже не приступили к написанию эссе для этого эссе.",School,1,0,work
1429,i've been concerned with my logevity at work,меня беспокоит моя жизнь на работе,Work,1,0,work
2310,possibly getting a divorce,"возможно, разведусь",Family Issues,2,1,family
4478,It is so hard to handle all the problems and the situations through my life.,Мне так трудно справляться со всеми проблемами и ситуациями в моей жизни.,Everyday Decision Making,6,5,unknown
2306,please arrange a party to reduce my stress,"пожалуйста, устрой вечеринку, чтобы уменьшить мой стресс",Other,6,5,unknown
1303,i'm sorry about your frustrations at work!,"мне жаль, что ты разочаровался на работе!",Work,1,0,work
803,i had the problem with my family and these issue had been become too high so please give,"у меня были проблемы с семьей, и эти проблемы стали слишком острыми, поэтому, пожалуйста, дайте",Family Issues,2,1,family
1706,money sucks! why do we have to work so much to get money?,"деньги отстой! почему нам нужно так много работать, чтобы заработать деньги?",Financial Problem,5,4,finance
601,i am stress out for the deadline from my company's monthly report. any good idea?,"меня беспокоят сроки, указанные в ежемесячном отчете моей компании. есть хорошая идея?",Work,1,0,work
1759,my boss keeps giving me busy work to act like he's a boss,"мой босс продолжает загружать меня работой, чтобы я вел себя так, как будто он босс",Work,1,0,work
3708,My fajitas came out burnt!,Мой фахитас подгорел!,Social Relationships,4,3,friends
3951,I guess that's one of my things... I need to realize I can't be there for everyboday all the time.,"Наверное, это одна из моих особенностей... Мне нужно понять, что я не могу быть рядом со всеми все время.",Social Relationships,4,3,friends
4963, I have exams to study for and well it sucks but I have to finish my work.,"Мне нужно готовиться к экзаменам, и это отстой, но мне нужно закончить работу.",School,1,0,work
962,I have been very stressed out because of the coronavirus,У меня был сильный стресс из-за коронавируса.,"Health, Fatigue, or Physical Pain",3,2,health
2472,"thanks for asking, can we get together and talk about it?","спасибо за вопрос, можем ли мы собраться и поговорить об этом?",Other,6,5,unknown
6824,I lost my job as a result of my sister not paying the home loan.,"Я потерял работу из-за того, что моя сестра не выплатила ипотечный кредит.",Financial Problem,5,4,finance
2370,school closing & how I will do my job,закрытие школы и как я буду выполнять свою работу,School,1,0,work
2684,the thing that stressed me out the most has been my follow up doctor's appointment,больше всего меня расстроило посещение врача,"Health, Fatigue, or Physical Pain",3,2,health
4809,"Out of frustration, I can get impatient with this, especially when it happens multiple times a day, every day.","Из-за разочарования я могу потерять терпение, особенно когда это происходит несколько раз в день, каждый день.",Emotional Turmoil,6,5,unknown
720,i could not pass the exam because i did not sleep enough last night.,"Я не смог сдать экзамен, потому что не спал прошлой ночью.",School,1,0,work
2415,"So I have been dealing with my dogs lately, they got into a fight last week","Итак, в последнее время я имею дело со своими собаками, они подрались на прошлой неделе.",Other,6,5,unknown
1181,i wont be able to see william,я не смогу увидеть Уильяма,Social Relationships,4,3,friends
167,completing a project on time and correctly.,завершить проект вовремя и правильно.,Work,1,0,work
4280,school is almost over and i don't know how to handle everything i need to.,"Школа почти закончилась, и я не знаю, как справиться со всем, что мне нужно.",School,1,0,work
4564,I just find it difficult to be motivated about work that I either don't fully understand or just deem to be a waste of time.,"Мне просто трудно быть мотивированным в работе, которую я либо не до конца понимаю, либо просто считаю пустой тратой времени.",Work,1,0,work
2498,the corona virus,коронавирус,Other,6,5,unknown
4322,what is my problem? I'm getting sick of my routines lately.,в чем моя проблема? В последнее время мне надоедает мой распорядок дня.,Everyday Decision Making,6,5,unknown
4438,that's actually really stressful cuz that's a lot of work i keep puting off!,"на самом деле это очень стрессово, потому что я все время откладываю много работы!",Work,1,0,work
4598,my life is starting to get really complicated again and it's beginning to stress me out.,"моя жизнь снова начинает усложняться, и это начинает меня напрягать.",Emotional Turmoil,6,5,unknown
5259,My brother and his girlfriend broke up.,Мой брат и его девушка расстались.,Social Relationships,4,3,friends
40,all my new work duties,все мои новые рабочие обязанности,Work,1,0,work
673,i am worried about having enough money for the holidays.,"Я беспокоюсь о том, хватит ли денег на праздники.",Financial Problem,5,4,finance
6230,"It just makes me sad to think my baby is getting older and any health ""problem"" upsets me greatly.","Мне просто грустно думать, что мой ребенок становится старше, и любая «проблема» со здоровьем меня сильно расстраивает.",Family Issues,2,1,family
6143,"It's going to be a fraught weekend as Dad does not enjoy seeing his relatives, particuarly his mother.","Это будут трудные выходные, поскольку папе не нравится видеться со своими родственниками, особенно с матерью.",Family Issues,2,1,family
1943,my job all my boss does is yell at you even when your doing every right,"моя работа, все, что делает мой босс, это кричать на тебя, даже если ты все делаешь правильно",Work,1,0,work
6477,"Right now we are crazy busy trying to get the apartment together and I have been working, too.","Сейчас мы безумно заняты обустройством квартиры, и я тоже работаю.",Work,1,0,work
77,been busy w/ work,был занят работой,Work,1,0,work
4628,"i had dinner with pat tonight, but i'll go into detail tomorrow since i'm tired now.","Сегодня вечером я ужинал с Пэт, но завтра я углублюсь в подробности, так как сейчас я устал.",Social Relationships,4,3,friends
5366,"Mine's so dysfunctional that dealing with other people's, especially when I want them to like me, is stressful.","Моя настолько неблагополучна, что общение с другими людьми, особенно когда я хочу, чтобы они мне нравились, вызывает стресс.",Social Relationships,4,3,friends
5453,"Since my parents divorced so many years ago, its hard to relate to my mom about how I feel.","Поскольку мои родители развелись много лет назад, мне трудно рассказать маме о том, что я чувствую.",Family Issues,2,1,family
4100,I'm tired of being unsure about things going on in my life.,"Я устал от неуверенности в том, что происходит в моей жизни.",Everyday Decision Making,6,5,unknown
1680,mom is sick and in rehab,мама больна и находится в реабилитационном центре,Family Issues,2,1,family
6823,I upset my mum too because she wants to help and all I do is get angry and then cry and then I think we both feel guilty.,"Я тоже расстраиваю свою маму, потому что она хочет помочь, а я только злюсь, потом плачу, а потом думаю, что мы оба чувствуем себя виноватыми.",Family Issues,2,1,family
4676,Seeing them talk about the house and where things would go made my day and reminded me why I am killing myself with this schedule this week.,"То, как они говорят о доме и о том, куда все пойдет, сделало мой день и напомнило мне, почему я убиваю себя этим графиком на этой неделе.",Other,6,5,unknown
6384,"Not really, not to speak of, but just upset that I can't eat and work on my page at the same time.","Не совсем, не то чтобы, а просто расстраиваюсь, что не могу одновременно есть и работать над своей страницей.",Emotional Turmoil,6,5,unknown
4408,i feel awful cause i dont know what to do. spend time with my mom or with matt cook.,"я чувствую себя ужасно, потому что не знаю, что делать. провести время с моей мамой или с Мэттом Куком.",Social Relationships,4,3,friends
860,i have been dating two guys that i really like and have to make a choice between them.,"Я встречаюсь с двумя парнями, которые мне очень нравятся, и мне нужно сделать выбор между ними.",Social Relationships,4,3,friends
578,I am overwhelmed by the preparation of my interview,Я очень занят подготовкой к интервью,Work,1,0,work
2300,physical problems,физические проблемы,"Health, Fatigue, or Physical Pain",3,2,health
4229,My friends worry about me; I don't look like myself.,Мои друзья беспокоятся обо мне; Я не похож на себя.,Social Relationships,4,3,friends
795,i had a stress in deciding a meal. give me some suggestions.,у меня был стресс при принятии решения о еде. дайте мне несколько предложений.,Everyday Decision Making,6,5,unknown
3369,This job is hazardous to my health.,Эта работа опасна для моего здоровья.,Work,1,0,work
5275,Haven't I been having issues with the aforementioned roommate?,Разве у меня не было проблем с вышеупомянутым соседом по комнате?,Social Relationships,4,3,friends
1261,"i'm just having a really hard time focusing on work lately, it's hard.","мне просто в последнее время очень трудно сосредоточиться на работе, это тяжело.",Work,1,0,work
5,a coworker completely ignored and replaced my work,коллега полностью проигнорировал и заменил мою работу,Work,1,0,work
5833,It has definitely put me through a lot of emotional stress.,Это определенно вызвало у меня сильный эмоциональный стресс.,Emotional Turmoil,6,5,unknown
1736,my boss and i have not been getting along very well.  she's being unreasonable,мы с моим боссом не очень хорошо ладим.  она ведет себя неразумно,Work,1,0,work
2165,Not being able to be in school to teach kids,Невозможность ходить в школу и учить детей,Work,1,0,work
1359,i'm worried about applying for residencies,я беспокоюсь о подаче заявления на резиденцию,School,1,0,work
986,i have just been a little overwhelmed with all the work,я просто немного утомлен всей этой работой,Work,1,0,work
1495,i've been stressing about what's going on a work.,"я переживал из-за того, что происходит на работе.",Work,1,0,work
1585,just stressing about money as usual,"просто переживаю из-за денег, как обычно",Financial Problem,5,4,finance
4304,"Sorry I get all depressed on yall so much lately, there has been alot happening.","Извините, в последнее время я так расстроен из-за вас, столько всего произошло.",Emotional Turmoil,6,5,unknown
3455,"My cold has got worse, and I'm all tired and headachey.","Моя простуда усилилась, я весь устал и у меня болит голова.","Health, Fatigue, or Physical Pain",3,2,health
431,"hey! my mom is stressing me out, again. i get so angry, theni feel bad about my anger wi","привет! моя мама снова меня напрягает. я так злюсь, что мне становится плохо из-за моего гнева",Family Issues,2,1,family
4627,"Is that allowed? I'm going to need all the hours just to get it to stick together properly, I can see that already.","Это разрешено? Мне потребуются все часы, чтобы заставить его правильно склеиться, я уже это вижу.",Other,6,5,unknown
4571,"they're holding the house for us to make a decision, which seems to be very difficult.","они держат дом, чтобы мы могли принять решение, что кажется очень трудным.",Other,6,5,unknown
5107,School is just so stressful.,Школа – это такой стресс.,School,1,0,work
922,i have been stressed about work. i want to be busy and i'm not.,"я был в стрессе из-за работы. я хочу быть занятым, но я не занят.",Work,1,0,work
5769,"Your Actual Problem Anxiety and restless dissatisfaction, either with circumstances or with unfulfilled emotional requirements, have produced tension and stress.",Ваша реальная проблема Тревога и беспокойная неудовлетворенность обстоятельствами или неудовлетворенными эмоциональными потребностями вызывают напряжение и стресс.,Emotional Turmoil,6,5,unknown
4288,"since then, i have dreaded going to work.",с тех пор я боюсь идти на работу.,Work,1,0,work
2516,The coronavirus,Коронавирус,"Health, Fatigue, or Physical Pain",3,2,health
762,i feel like i've wasted the day by napping on my day off,"у меня такое чувство, будто я зря потратил день, вздремнув в выходной",Other,6,5,unknown
2241,oh just some stuff,"ох, просто кое-что",Other,6,5,unknown
1295,i'm so exhausting working these long hours,меня так утомляет работа в эти долгие часы,Work,1,0,work
4007,"I understand that, but what has changed it so now I'm cursed with not being able to make true friends.","Я это понимаю, но что изменилось, так что теперь я проклят тем, что не могу завести настоящих друзей.",Social Relationships,4,3,friends
774,i found nothing at the beach today,я ничего не нашел сегодня на пляже,Other,6,5,unknown
214,deadlines for all my courses,сроки всех моих курсов,School,1,0,work
3397,"My ankle's been bugging me, too.",Меня тоже беспокоила лодыжка.,"Health, Fatigue, or Physical Pain",3,2,health
2781,this osha audit has me wanting to scream.,от этого аудита Оша мне хочется кричать.,Work,1,0,work
1514,i've been trying to lose weight and it hasn't been going well. stressful!,"Я пытался похудеть, но у меня ничего не получалось. стресс!","Health, Fatigue, or Physical Pain",3,2,health
6676,"i have so much anxiety and stress, i mean, i've always had it, but its getting harder and harder to ignore.","у меня так много беспокойства и стресса, я имею в виду, что они у меня всегда были, но их становится все труднее и труднее игнорировать.",Emotional Turmoil,6,5,unknown
5985,I still don't have as much money as I would like.,"У меня все еще нет столько денег, сколько хотелось бы.",Financial Problem,5,4,finance
6340,Wow I hate being even in the same house as my dad when he is in a bad mood because everyone has to suffer.,"Ух ты, я ненавижу находиться даже в одном доме с отцом, когда он в плохом настроении, потому что всем приходится страдать.",Family Issues,2,1,family
5108,"Ahhhh, School has been so very stressfull lately.","Аааа, школа в последнее время такая напряженная.",School,1,0,work
314,finding a new job,найти новую работу,Work,1,0,work
6511,I'm not happy with what I'm doing with school.,"Я не доволен тем, что делаю в школе.",School,1,0,work
5446,"My life is falling apart, Im not going into details just because I dont want to.","Моя жизнь рушится, я не вдаюсь в подробности только потому, что не хочу.",Emotional Turmoil,6,5,unknown
1776,my boyfriend hasn't spoken to me today,мой парень не разговаривал со мной сегодня,Social Relationships,4,3,friends
2475,"thanks for replying, i really need someone to unload on.","спасибо за ответ, мне действительно нужен кто-то, на кого можно разгрузиться.",Emotional Turmoil,6,5,unknown
3058,work is getting me down,работа меня утомляет,Work,1,0,work
5553,I'm tired of putting my heart and my feelings on the line and then get hurt all over again.,"Я устал рисковать своим сердцем и чувствами, а потом снова терпеть боль.",Emotional Turmoil,6,5,unknown
991,"i have ma lot of work at my office, i need some time off","у меня много работы в офисе, мне нужно немного отдохнуть",Work,1,0,work
1968,"my job, i'm not sure if i like it","моя работа, я не уверен, нравится ли она мне",Work,1,0,work
2912,we just bought a house and now i am stressing about moving.,"мы только что купили дом, и теперь я беспокоюсь о переезде.",Everyday Decision Making,6,5,unknown
3666,My work productivity and such has been degrading greatly as of late because of too much work and a lot of unstructured life things.,Моя производительность труда и тому подобное в последнее время сильно снизилась из-за слишком большого количества работы и множества неструктурированных жизненных вещей.,Work,1,0,work
303,financial issues are the main stressor in my life.,Финансовые проблемы — главный стрессор в моей жизни.,Financial Problem,5,4,finance
4508,i couldnt handle having to go for hours and hours twice a week.,Я не мог справиться с необходимостью ходить часами два раза в неделю.,Other,6,5,unknown
618,i am stressed at work because my hours got cut,"у меня стресс на работе, потому что мне сократили часы",Work,1,0,work
3496,and i'm trying to get off the medication i've been on for FOUR YEARS and i'm scared shitless. actually beyond shitless.,"и я пытаюсь отказаться от лекарств, которые принимаю уже ЧЕТЫРЕ ГОДА, и мне чертовски страшно. на самом деле за гранью дерьма.","Health, Fatigue, or Physical Pain",3,2,health
475,"Hi, This COVID-19 pandemic is stressing me out lot. Not able to go out.",Привет! Пандемия COVID-19 меня очень напрягает. Не в состоянии выйти.,Emotional Turmoil,6,5,unknown
4898,I have to study for math because I have a dumb quiz tomorrow.,"Мне нужно заняться математикой, потому что завтра у меня глупая контрольная.",School,1,0,work
822,i have a deadline to meet and a whole lot of work to complete,мне нужно уложиться в срок и еще много работы нужно завершить,Work,1,0,work
4163,I've been pretty frustrated with myself lately... in a lot of ways.,В последнее время я очень расстроен собой... во многих отношениях.,Emotional Turmoil,6,5,unknown
185,CORONAVIRUS preventing me from WORKING so I cannot pay my BILLS and keep family FED,"КОРОНАВИРУС мешает мне РАБОТАТЬ, поэтому я не могу оплачивать СЧЕТЫ и обеспечивать семью ФРС.",Work,1,0,work
1996,My marriage is the pits. So abusive but I don't have a way to get out,"Мой брак - это ямы. Так оскорбительно, но у меня нет способа выбраться",Family Issues,2,1,family
5168,then you take it to school because you have issues.,"потом ты несешь его в школу, потому что у тебя проблемы.",School,1,0,work
2729,there's not enough time in the day for all i need to do.,"в сутках не хватает времени на все, что мне нужно сделать.",Everyday Decision Making,6,5,unknown
5222,I think that I'm so sensitive interacting with people that it's a rather new a scary experience each time I'm around anybody outside of my family.,"Я думаю, что я настолько чувствителен к общению с людьми, что каждый раз, когда я нахожусь рядом с кем-то, кроме моей семьи, это довольно новый и пугающий опыт.",Social Relationships,4,3,friends
4722,"I'm getting really frusterated with living at home, my family is driving me crazy.","Меня очень расстраивает жизнь дома, моя семья сводит меня с ума.",Family Issues,2,1,family
3030,Work has been stressing me out lately due to having to deal with sick customers/,В последнее время работа вызывает у меня стресс из-за необходимости иметь дело с больными клиентами.,Work,1,0,work
1112,i need to do laundry tomorrow and i have no ride,"мне нужно завтра постирать, а мне не поехать",Everyday Decision Making,6,5,unknown
6794,Lots of family problems mostly.,В основном много семейных проблем.,Family Issues,2,1,family
5699,"I worry about the SD, worry whether or not this is going to wreck her at a very crucial point in her life.","Я беспокоюсь о СД, беспокоюсь, не погубит ли это ее в очень важный момент ее жизни.",Social Relationships,4,3,friends
6846,"It's not fair to me, her, or my husband and children.","Это несправедливо по отношению ко мне, ей, моему мужу и детям.",Family Issues,2,1,family
2002,my mom is getting kicked out of her assisted living and i have to find a place for her.,"мою маму выгнали из дома престарелых, и мне нужно найти для нее место.",Family Issues,2,1,family
6265,"Lorraine, who I work with, her son does not have money saved up.","У Лорейн, с которой я работаю, у ее сына нет накоплений.",Financial Problem,5,4,finance
4801,The mandals are all in a hurry to be ready in time.,Мандалы все торопятся быть готовыми вовремя.,Other,6,5,unknown
6762,"My financial situation, as shaky as it already is, probably couldn't handle a huge premium hike let alone getting dropped by my insurance company.","Мое финансовое положение, каким бы шатким оно ни было, вероятно, не выдержит огромного повышения страховых взносов, не говоря уже о том, чтобы моя страховая компания отказалась от него.",Financial Problem,5,4,finance
1157,i want to help a friend overseas but am unable to.,"Я хочу помочь другу за границей, но не могу.",Social Relationships,4,3,friends
3554,I'm actually sore from so much coughing and I'm tired of sleeping all day.,"На самом деле у меня болит от сильного кашля, и я устал спать весь день.","Health, Fatigue, or Physical Pain",3,2,health
9,a good friend of mind is in the hospital wit pneumonia,хороший друг разума лежит в больнице с пневмонией,Social Relationships,4,3,friends
6310,"I was speaking with my dad in the morning, and he really doesn't like to talk.","Утром я разговаривал с отцом, и он действительно не любит разговаривать.",Family Issues,2,1,family
333,getting dinner ready for the holiday,готовлю ужин к празднику,Other,6,5,unknown
531,I am frustrated about being laid off after next week.,"Я расстроен тем, что меня уволят после следующей недели.",Work,1,0,work
5456,i need a friend down here and i cant seem to find the friend im looking for.,"Мне нужен друг здесь, и я не могу найти друга, которого ищу.",Social Relationships,4,3,friends
6217,My mom was so worried about us..,Моя мама так переживала за нас..,Family Issues,2,1,family
3646,im just super tired and trying to stay awake while on this call but it is not easy.,"Я просто очень устал и пытаюсь не заснуть во время этого звонка, но это непросто.","Health, Fatigue, or Physical Pain",3,2,health
2596,The fact that I'm on trial for video voyeurism,"Тот факт, что меня судят за видеовуайеризм",Other,6,5,unknown
4090,"i'm so stressed, getting ready for college is awful.","я в таком стрессе, готовиться к поступлению в колледж - это ужасно.",School,1,0,work
1844,My daughter's MS diagnosis.,Диагноз моей дочери рассеянный склероз.,"Health, Fatigue, or Physical Pain",3,2,health
5331,I'm so sick of job hunting I could puke.,"Мне так надоело искать работу, что меня стошнит.",Work,1,0,work
6663,I've just had bad experiences with him being home when I have friends over and mom and I were kind of mad.,"У меня только что был неприятный опыт, когда он был дома, когда ко мне приходили друзья, и мы с мамой немного злились.",Family Issues,2,1,family
5780,"twice I left meetings with Lissa to rush there, and practiced my ass off, and stressed about what I was gonna wear.","дважды я уходил с встреч с Лиссой, чтобы помчаться туда, и тренировался изо всех сил, и беспокоился о том, что мне надеть.",Everyday Decision Making,6,5,unknown
6047,I am stressing a bit about money.,Я немного подчеркиваю вопрос денег.,Financial Problem,5,4,finance
457,hi friend. i'm stressful at a work.,"привет, друг. у меня стресс на работе.",Work,1,0,work
2075,My sister works in a hospital and I worry she may get coronavirus,"Моя сестра работает в больнице, и я боюсь, что она может заразиться коронавирусом.",Family Issues,2,1,family
4726,"I have too much to do at work, no interest in it, and not enough direction.","У меня слишком много дел на работе, нет к ней интереса и недостаточно направления.",Work,1,0,work
6137,My family drives me crazy,Моя семья сводит меня с ума,Family Issues,2,1,family
1902,my grandmother is sick,моя бабушка больна,Family Issues,2,1,family
5688,"I suppose it is just a lot of stress, but over what?","Я думаю, это просто сильный стресс, но из-за чего?",Emotional Turmoil,6,5,unknown
1531,I've got to teach online. I hate technology I don't understand!,"Мне нужно преподавать онлайн. Я ненавижу технологии, которых я не понимаю!",Work,1,0,work
195,Co-vid! Isn't that what's stressing us all out?,COVID-19! Не это ли нас всех напрягает?,"Health, Fatigue, or Physical Pain",3,2,health
1907,"my health- it seems like every time one thing heals, another thing goes wrong.","мое здоровье - кажется, что каждый раз, когда одно лечится, другое идет не так.","Health, Fatigue, or Physical Pain",3,2,health
3279,"Plus I was in the ""wellness center"" today and it brought back painful memories.",Плюс я была сегодня в «оздоровительном центре» и это навеяло болезненные воспоминания.,Emotional Turmoil,6,5,unknown
2992,work had been stressing me out because my boss might leave,"работа меня напрягала, потому что мой начальник мог уйти",Work,1,0,work
6078,I just can't take this problem speech anymore and my boss is a bit annoyed by it.,"Я просто не могу больше выносить эту проблемную речь, и моего босса она немного раздражает.",Work,1,0,work
1283,i'm not sure what i can make other than pasta for dinner,"я не уверен, что я смогу приготовить на ужин кроме пасты",Everyday Decision Making,6,5,unknown
4545,i think im just stressed out cuz of the all the things i have to do.,"Я думаю, что у меня просто стресс из-за всего того, что мне нужно сделать.",Everyday Decision Making,6,5,unknown
2759,"This coronavirus is freaking me out, man.  I am very scared.","Этот коронавирус меня пугает, чувак.  Я очень напуган.",Emotional Turmoil,6,5,unknown
1655,"loss, of a loved one, or a friend's loved one and not being able to assist.l",потеря любимого человека или близкого человека друга и невозможность помочь.,Family Issues,2,1,family
4018,"i was supposed to work, and i wasn't feeling good.","Мне нужно было работать, и я плохо себя чувствовал.",Work,1,0,work
2750,this bumper to bumper traffic is driving me nuts. will it ever move?,это движение бампер к бамперу сводит меня с ума. оно когда-нибудь двинется?,Everyday Decision Making,6,5,unknown
2894,upcoming trip,предстоящая поездка,Other,6,5,unknown
5138,"So, what will this weekend hold? Probly me procrastinating for studying for finals most of the time","Итак, что же нас ждет в эти выходные? Наверное, большую часть времени я откладываю подготовку к выпускным экзаменам.",School,1,0,work
332,getting dinner ready for christmas was an incredible challenge!,приготовить ужин к Рождеству было невероятной задачей!,Everyday Decision Making,6,5,unknown
6829,my daddie was reallie late to pick us up and everyone got mad at eachother.,"мой папа очень опоздал, чтобы забрать нас, и все разозлились друг на друга.",Family Issues,2,1,family
3809,Trump's reaction to everything is making me crazy,Реакция Трампа на все сводит меня с ума,Other,6,5,unknown
6537,I have a thesis chapter due next Monday. I haven't started writing it.,"У меня есть глава дипломной работы, которую нужно сдать в следующий понедельник. Я не начал это писать.",School,1,0,work
1921,my husband has been stressed at work because it always gets busier around the holidays.,"у моего мужа стресс на работе, потому что в праздники там всегда становится занято.",Work,1,0,work
1328,I'm stressed out about the coronavirus and everything being shut down,"Я в стрессе из-за коронавируса и того, что все закрывается",Emotional Turmoil,6,5,unknown
3997,I spend so much of my time feeling as though I'm not doing enough with my life.,"Я провожу так много времени с ощущением, что делаю недостаточно в своей жизни.",Everyday Decision Making,6,5,unknown
6168,"On other note, knowing from Dad that grandma's health is not in a good condition which have already made me not feeling good for couple of days.","С другой стороны, узнав от папы, что здоровье бабушки не в хорошем состоянии, я уже несколько дней плохо себя чувствую.",Family Issues,2,1,family
2021,my new job has been stressing me out but i know that it takes time to learn it.,"Моя новая работа вызывает у меня стресс, но я знаю, что нужно время, чтобы научиться этому.",Work,1,0,work
5909,oh well i know he's back home now from his dads house and all so hes depressed cuz of leavin ally and jake and kayla..so i dunno we'll see.,"о, ну, я знаю, что он сейчас вернулся домой из дома своего отца, и все такое, он в депрессии из-за того, что ушел от Элли, Джейка и Кайлы... так что я не знаю, посмотрим.",Family Issues,2,1,family
5537,"not to sound rude, sometimes i get sick of my friends cause a lot of the time i dont feel like i fit in with them.","Не хочу показаться грубым, иногда мне надоедают мои друзья, потому что большую часть времени я не чувствую, что вписываюсь в их число.",Social Relationships,4,3,friends
2909,we have been struggling paying our bills so much that i can not even go to the doctor,"нам так трудно оплачивать счета, что я даже не могу пойти к врачу",Financial Problem,5,4,finance
6232,"i'm so worried about failing, and about money, and about my mom hating me.","Я так переживаю из-за неудач, из-за денег и из-за того, что моя мама меня ненавидит.",Financial Problem,5,4,finance
2244,oh my goodness friend i want to make dinner! i i want a sadwhich but im out of bread!!!,"о боже мой друг, я хочу приготовить ужин! Я хочу сад, но у меня закончился хлеб!!!",Other,6,5,unknown
3696,The riots in the lower-48. They are out of control,Беспорядки в Нижнем-48. Они вышли из-под контроля,Emotional Turmoil,6,5,unknown
4220,"My classes are messed up entirely, and I'm not sure what is going to happen with my classes or me.","Мои занятия полностью испорчены, и я не уверен, что произойдет с моими занятиями или со мной.",School,1,0,work
1923,my husband is not well.  he has heart problems and diabetes.,мой муж нездоров.  у него проблемы с сердцем и диабет.,"Health, Fatigue, or Physical Pain",3,2,health
6561,You know you are doing badly when your mother says something about your relationship habits.,"Вы знаете, что у вас все плохо, когда ваша мать говорит что-то о ваших привычках в отношениях.",Social Relationships,4,3,friends
4792,"This project has been delayed numerous times, and it's one of the items always brought up against me in meetings.","Этот проект откладывался много раз, и это один из пунктов, которые всегда выдвигались против меня на собраниях.",Work,1,0,work
452,"hi friend, recent days i had lot of work pressure. give me some idea to relax.","привет друг, в последние дни у меня было много работы. подскажи мне идею, чтобы расслабиться.",Work,1,0,work
5785,I was told I have a major attitude problem and that my life is full of drama by someone who doesn't even really know me.,"Кто-то, кто меня даже толком не знает, сказал мне, что у меня серьезная проблема с мировосприятием и что моя жизнь полна драматизма.",Social Relationships,4,3,friends
1489,i've been stressing about about my new job,я переживал из-за своей новой работы,Work,1,0,work
6,a coworker has been really cold with me recently and it makes work uncomfortable.,"Недавно коллега был очень холоден со мной, и это делает работу неудобной.",Work,1,0,work
3013,work has been really taking a toll on me lately,работа в последнее время меня сильно утомляет,Work,1,0,work
5059,School have been rather stressful and hectic lately.,В последнее время школа была довольно напряженной и беспокойной.,School,1,0,work
1091,i m stressing out over the holidays.,я испытываю стресс из-за праздников.,Social Relationships,4,3,friends
6525,then school is stressful.,тогда школа – это стресс.,School,1,0,work
13,"A lot of my hair has been falling out, and I'm afraid I'll go bald.","У меня выпало много волос, и я боюсь, что облысею.","Health, Fatigue, or Physical Pain",3,2,health
6468,"Sorry im ranting, ive been cleaning my room and digging up my past, which sucks, and ive just been reminded of a whole lot that i didnt want to remember..","Извини, что ругаюсь, я убирался в своей комнате и копался в своем прошлом, а это отстой, и мне только что напомнили о многом, о чем я не хотел вспоминать..",Emotional Turmoil,6,5,unknown
5824,everything i do is a mistake.,"все, что я делаю, это ошибка.",Other,6,5,unknown
5645,"Growing up I had to watch my mother cry, beset by two problematic children and horrifying employment situations.","В детстве мне приходилось наблюдать, как плачет моя мать, окруженная двумя проблемными детьми и ужасающими ситуациями на работе.",Family Issues,2,1,family
955,i have been stressing over the cracked rotor from when the car fell off jack.,"Я переживал из-за треснувшего ротора после того, как машина упала с домкрата.",Other,6,5,unknown
1413,It's been stressful in these current times of pandemic.,В нынешние времена пандемии это был стресс.,Emotional Turmoil,6,5,unknown
4227,My focus and concentration at work has just sucked lately.,Моя сосредоточенность и концентрация на работе в последнее время просто отстой.,Work,1,0,work
5799,Why do I feel like this?I have been depressed so bad today.,Почему я так себя чувствую? Сегодня у меня такая сильная депрессия.,Emotional Turmoil,6,5,unknown
3560,I was involved in an accident today.,Сегодня я попал в аварию.,Other,6,5,unknown
4215,mom is still mad for some reason.. haven't talk to my friends in awhile.. i have to work.,мама все еще злится по какой-то причине.. давно не разговаривала с друзьями.. мне нужно на работу.,Family Issues,2,1,family
745,i don't know what to make for dinner,"я не знаю, что приготовить на ужин",Everyday Decision Making,6,5,unknown
2869,trying to pay off my student loan debt,пытаюсь погасить свой долг по студенческому кредиту,Financial Problem,5,4,finance
2057,My restaurant is closed due to COVID so no work/money for me.,"Мой ресторан закрыт из-за COVID, поэтому у меня нет работы и денег.",Work,1,0,work
3164,"However, napping now makes me stay up late, sleep in late, not get to the library with enough time to get any work done, blah blah blah.","Однако сейчас я сплю допоздна, ложусь спать допоздна, не успеваю сходить в библиотеку, чтобы выполнить какую-либо работу, бла-бла-бла.",Other,6,5,unknown
1594,just travel stuff,просто путешествия,Other,6,5,unknown
4617,the roof was leaking all day at work my job is a life sucking horriblefest and i'm a loser for having been there so long.,"крыша протекала весь день на работе, моя работа - это ужасная жизнь, и я неудачник, потому что пробыл там так долго.",Work,1,0,work
3534,I got the news today that one of my parents' neighbours has passed away due to cancer.,"Сегодня я получил известие, что один из соседей моих родителей скончался от рака.",Social Relationships,4,3,friends
6176,"my dad is sick again.. BLAH,i feel bad for him..","мой папа снова заболел.. БЛА, мне его жаль..",Family Issues,2,1,family
3612,"it's been days. as you can see all the things i eat, no wonder my stomach hurts.","прошли дни. Поскольку вы можете видеть все, что я ем, неудивительно, что у меня болит живот.","Health, Fatigue, or Physical Pain",3,2,health
742,i don't know if i will have enouh money next week to buy groceries,"я не знаю, хватит ли у меня денег на следующей неделе, чтобы купить продукты",Financial Problem,5,4,finance
5746,I can't be perfect and I do mess up here and there but always try and make things better the next time.,"Я не могу быть идеальным, и я допускаю ошибки здесь и там, но всегда стараюсь сделать все лучше в следующий раз.",Other,6,5,unknown
5788,I saw how Stanley gave her dad a hard time because he smoked.,"Я видел, как Стэнли доставлял неприятности ее отцу из-за того, что он курил.",Family Issues,2,1,family
4006,I think this because things weren't easy when I left work.,"Я так думаю, потому что, когда я ушел с работы, все было непросто.",Work,1,0,work
1491,I've been stressing about finances.,Я беспокоился о финансах.,Financial Problem,5,4,finance
862,i have been dealing with a lot of work stuff lately,в последнее время у меня много работы,Work,1,0,work
1396,it is stressful to watch the cleveland browns football games.,смотреть футбольные матчи «Кливленд Браунс» — стресс.,Emotional Turmoil,6,5,unknown
1403,It stresses me out to grocery shop due to the Coronavirus.,Из-за коронавируса меня напрягает поход в продуктовый магазин.,Everyday Decision Making,6,5,unknown
1867,my family in the holidays. absolutely excruciating time of year full of drama.,"моя семья на каникулах. абсолютно мучительное время года, полное драматизма.",Family Issues,2,1,family
2038,my project is due tomorrow and i'm not done yet.,"мой проект должен быть сдан завтра, а я еще не закончил.",School,1,0,work
3680,I am stressing about school finals.,Я переживаю по поводу школьных выпускных экзаменов.,School,1,0,work
2393,school starting back has me anxious. i have some hard classes coming up,Начало учебы в школе меня беспокоит. мне предстоит несколько тяжелых уроков,School,1,0,work
3094,work! people don't respect each other's roles.,работа! люди не уважают роли друг друга.,Work,1,0,work
5262,My mom is having a hard tie with the holidays.,Моя мама тяжело переживает праздники.,Family Issues,2,1,family
4790,"no matter what I was doing in terms of our roaming and eating routine, I was not able to gain a complete control over it.","независимо от того, что я делал в плане нашего перемещения и питания, я не мог получить полный контроль над этим.","Health, Fatigue, or Physical Pain",3,2,health
6810,"My mom, apparently, was really sick","Моя мама, видимо, сильно болела",Family Issues,2,1,family
4951,"I have exams tomorrow, and I haven't reviewed yet.","Завтра у меня экзамены, а я еще не закончил.",School,1,0,work
3775,I wanted to be happy,Я хотел быть счастливым,Emotional Turmoil,6,5,unknown
5823,i dunno i guess i am just too emotional about certain things.,"я не знаю, наверное, я просто слишком эмоционален в отношении некоторых вещей.",Emotional Turmoil,6,5,unknown
3321,"For some reason, I haven't been able to get to sleep at any reasonable time this week.",По какой-то причине на этой неделе мне не удалось заснуть в какое-либо разумное время.,"Health, Fatigue, or Physical Pain",3,2,health
4363,well uhm....prolly be broken up with cause its so hard for me to do it.,"ну, хм....скорее всего, расстанемся, потому что мне так трудно это сделать.",Social Relationships,4,3,friends
1440,i've been having a really hard time finding a job after relocating.,после переезда мне было очень трудно найти работу.,Work,1,0,work
4611,"I'm not following my ""Whatch what I Eat "" or ""Eat Healthy"" because I didn't Work Out today and Ive been eating a little bit of junk food.","Я не соблюдаю правила «Что я ем» или «Ешьте здоровое», потому что сегодня у меня не было тренировок и я ел немного нездоровой пищи.",Other,6,5,unknown
2548,The coronavirus. I think people should be more aware and better prepared.,"Коронавирус. Я думаю, что люди должны быть более осведомлены и лучше подготовлены.",Everyday Decision Making,6,5,unknown
2607,The grocery store is out of a lot of the items I need to purchase.,"В продуктовом магазине закончилось много вещей, которые мне нужно купить.",Everyday Decision Making,6,5,unknown
82,been trying for days to book doc apt and still waiting :(,уже несколько дней пытаюсь забронировать номер и все еще жду :(,"Health, Fatigue, or Physical Pain",3,2,health
3876,it still bothers me...... I've just had a frustrating day.,меня это до сих пор беспокоит... У меня только что был разочаровывающий день.,Emotional Turmoil,6,5,unknown
1595,Just trying to find another job after losing the last one. It's so hard.,Просто пытаюсь найти другую работу после потери предыдущей. Это так тяжело.,Work,1,0,work
5035,it makes me angry cos of how different it is compared to all the stuff we have to do at my school.,"меня это злит, потому что насколько это отличается от всего того, что нам приходится делать в моей школе.",School,1,0,work
6473,"Too much to do, too much to make up, too much stress.","Слишком многое нужно сделать, слишком многое исправить, слишком много стресса.",Everyday Decision Making,6,5,unknown
3835,"my life is still so fucked up right now, i dont know when i'll be going back.","Моя жизнь сейчас все еще такая испорченная, что я не знаю, когда вернусь.",Emotional Turmoil,6,5,unknown
5159,It's created bad vibes and it makes me want to drop out of school.,Это создает плохие вибрации и заставляет меня бросить школу.,School,1,0,work
5045,i have had way too much homework to do this weekend.,"у меня было слишком много домашней работы, которую нужно было сделать на этих выходных.",School,1,0,work
381,having 3 year old triplets,иметь трехлетнюю тройню,Family Issues,2,1,family
5499,i can't take my job anymore i mean like between her and my boss the lack of consideration is horrendous.,"я больше не могу работать, я имею в виду, например, между ней и моим боссом отсутствие внимания ужасно.",Work,1,0,work
4747,"This is hard, not being reciprocated and on a regular basis.","Это тяжело, когда не отвечают взаимностью и на регулярной основе.",Social Relationships,4,3,friends
3201,my back muscles now ache from the overuse.,мышцы спины теперь болят от чрезмерной нагрузки.,"Health, Fatigue, or Physical Pain",3,2,health
683,i am worried about sticking to my diet.,"я беспокоюсь о том, чтобы придерживаться своей диеты.","Health, Fatigue, or Physical Pain",3,2,health
3556,Ever since last week I've noticed so many flaws about myself that it's just frustrating just laying down and resting.,"С прошлой недели я заметила в себе столько недостатков, что мне просто неприятно просто лежать и отдыхать.",Emotional Turmoil,6,5,unknown
4498,since i have so many things wrong with my computer i cant even get to it.,"так как у меня так много проблем с моим компьютером, я даже не могу до него добраться.",Other,6,5,unknown
2335,recent stock market crash,недавний крах фондового рынка,Financial Problem,5,4,finance
4841,I have to get good grades.,Мне нужно получить хорошие оценки.,School,1,0,work
61,anything i can do to help?,я могу чем-нибудь помочь?,Other,6,5,unknown
1750,my boss is being a petty asshole,мой босс — мелкий засранец,Work,1,0,work
1571,"Just laid off work, chilling how are you?","Только что уволился с работы, расслабляюсь, как дела?",Work,1,0,work
5384,i am so tired of being known as the bitch and i just keep losing friends.,"Я так устала от того, что меня называют стервой, и продолжаю терять друзей.",Social Relationships,4,3,friends
550,i am having some career and money troubles at the moment and i hate it,"у меня сейчас проблемы с карьерой и деньгами, и я это ненавижу",Work,1,0,work
229,death in the famy,смерть в семье,Family Issues,2,1,family
4373,"While I on my way to my new flat,I started to feel even worse.",По дороге в новую квартиру мне стало еще хуже.,Other,6,5,unknown
4491,"Everything is changing, nothing is stable, nothing makes sense, and I have way Too Much To Do, all the time. AND","Все меняется, ничто не стабильно, ничего не имеет смысла, и мне все время нужно слишком многое сделать. И",Emotional Turmoil,6,5,unknown
5360,"I'm tired of having to tell poeple that It's hard for me to trust them, or people.","Я устал говорить людям, что мне трудно доверять им или людям.",Social Relationships,4,3,friends
6464,"I have class in about an hour, therefore after I get ready I am going over to Starbucks to read before, because I'm dumb and I didn't read yet.","У меня урок примерно через час, поэтому после того, как я соберусь, я пойду в Старбакс почитать перед этим, потому что я тупой и еще не читал.",School,1,0,work
3228,"When your really hurting, the brain doesn't really work very well.","Когда тебе действительно больно, мозг работает не очень хорошо.","Health, Fatigue, or Physical Pain",3,2,health
2419,Social Distancing because of Coronavirus,Социальное дистанцирование из-за коронавируса,Social Relationships,4,3,friends
6677,I was really depressed and low from that breakup!,Я был очень подавлен и подавлен после этого расставания!,Emotional Turmoil,6,5,unknown
6313,Looks like i have problems at home,"Похоже, у меня проблемы дома",Family Issues,2,1,family
2334,recent situation that has been stressing is the survey without catch.,"Недавняя ситуация, которая вызывает особое внимание, - это опрос без улова.",Work,1,0,work
2943,well... my job is very stressful and i feel like i need to find a new one right away.,"ну... моя работа очень напряженная, и я чувствую, что мне нужно немедленно найти новую.",Work,1,0,work
418,"hey lady, i've been so stressed out about my podcast release party.","эй, леди, я так переживал из-за вечеринки по случаю выпуска моего подкаста.",Work,1,0,work
3263,"And now, if you'll excuse me, I need to go make an appointment to get my back checked out, because it's still in pain.","А сейчас, если вы меня извините, мне нужно записаться на осмотр, чтобы проверить спину, потому что она все еще болит.","Health, Fatigue, or Physical Pain",3,2,health
3393,"I still got problems with my sholders, ankles, neck and ankles, but I can't deal with the constant pain in my knee.","У меня все еще есть проблемы с плечами, лодыжками, шеей и лодыжками, но я не могу справиться с постоянной болью в колене.","Health, Fatigue, or Physical Pain",3,2,health
385,"having a rough day, not feeling too well.","у меня тяжелый день, и ты плохо себя чувствуешь.",Emotional Turmoil,6,5,unknown
5884,My feelings are majorly hurt!,Мои чувства сильно задеты!,Emotional Turmoil,6,5,unknown
607,i am stressed about money.,я испытываю стресс из-за денег.,Financial Problem,5,4,finance
2609,the holiday dinner and my family fighting over time and location.,праздничный ужин и моя семья спорят из-за времени и места.,Family Issues,2,1,family
2404,selling my house,продаю свой дом,Social Relationships,4,3,friends
1090,i m stressed about getting hours cut to a minimum of 30 hours a week,меня беспокоит сокращение рабочего времени минимум до 30 часов в неделю,Work,1,0,work
4857,"Today, was one of the worst days I can remember at school.","Сегодня был один из худших дней, которые я помню в школе.",School,1,0,work
2318,"pressures with money, business has been slow.","давление с деньгами, бизнес был медленным.",Financial Problem,5,4,finance
6021,it's hard cause I dont use cash too often now. anyway.,"это сложно, потому что сейчас я не использую наличные слишком часто. в любом случае.",Financial Problem,5,4,finance
1751,my boss is driving me crazy.,мой босс сводит меня с ума.,Work,1,0,work
1813,My company furloughed me,Моя компания уволила меня,Financial Problem,5,4,finance
4891,I have to finish my final essay this weekend.,На этих выходных мне нужно закончить последнее сочинение.,School,1,0,work
5230,this problem with my managers has given me an abandonment complex.,эта проблема с моими менеджерами вызвала у меня комплекс покинутости.,Work,1,0,work
2189,not getting enough sleep is really bothering me,меня очень беспокоит недосыпание,"Health, Fatigue, or Physical Pain",3,2,health
5025,"School is SO hard, I dont know what it is.","В школе ТАК тяжело, я не знаю, что это такое.",School,1,0,work
5502,"You get in a bad mood, and you listen to shit like that and get worse, especially when you're in the middle of a fight.","У тебя плохое настроение, ты слушаешь такое дерьмо, и тебе становится еще хуже, особенно когда ты в разгаре драки.",Social Relationships,4,3,friends
6154,"still his mother worried, for him to face this day alone.","его мать все еще беспокоилась, что ему придется пережить этот день одному.",Family Issues,2,1,family
5363,"Iam affraid i have a social problem of some sort , i cant exspress my emotions for my friends.","Боюсь, у меня какая-то социальная проблема, я не могу выразить свои эмоции перед друзьями.",Social Relationships,4,3,friends
435,"Hey, I am in the middle of final exams. Just found out if I fail this exam, I fail all.","Эй, у меня сейчас выпускные экзамены. Только что узнал, что если я провалю этот экзамен, я провалю все.",School,1,0,work
877,i have been having a hard time with my husband.,мне было трудно с мужем.,Family Issues,2,1,family
5452,His office hasn't answered the request I put in two months for clarification on some of his issues.,Его офис за два месяца не ответил на мой запрос о разъяснении некоторых его вопросов.,Work,1,0,work
700,i can't figure out what to cook for dinner tonight,"я не могу придумать, что приготовить сегодня на ужин",Everyday Decision Making,6,5,unknown
576,"I am out of a job, a car and I am homeless. I don't know what I am going to do!","У меня нет работы, машины и я бездомный. Я не знаю, что мне делать!",Financial Problem,5,4,finance
3491,My sleep paralysis has become especially annoying and painful lately.,В последнее время мой сонный паралич стал особенно раздражать и мучить.,"Health, Fatigue, or Physical Pain",3,2,health
5670,"Basically it involves my mom, and her ever growing depression because of my dad's absence.","По сути, это касается моей мамы и ее постоянно растущей депрессии из-за отсутствия моего отца.",Family Issues,2,1,family
484,"holiday break ending for college, next semester is scary","каникулы в колледже заканчиваются, следующий семестр пугает",School,1,0,work
4517,I am really stressed about moving and starting my new job.,Я очень переживаю по поводу переезда и начала новой работы.,Work,1,0,work
5522,i dont know but lately ive been feelin really lonely.,"я не знаю, но в последнее время я чувствую себя очень одиноким.",Emotional Turmoil,6,5,unknown
4444,"As often happens when I'm upset, I began cleaning my room with a desperate look in my eye.","Как это часто бывает, когда я расстроен, я с отчаянным выражением глаз начал убираться в комнате.",Everyday Decision Making,6,5,unknown
1710,"Money, I just don't know how I'm gonna make it at times.","Деньги, иногда я просто не знаю, как их заработать.",Financial Problem,5,4,finance
408,health of my parents. being long distance from them is worrying me more.,"здоровье моих родителей. то, что они находятся на большом расстоянии от них, беспокоит меня больше.",Family Issues,2,1,family
2593,the fact that i am tired all the time and they don't know why.,"тот факт, что я все время устаю, и они не знают почему.","Health, Fatigue, or Physical Pain",3,2,health
4820,"I've started my period, which is being really weird and I'm eating like crazy.","У меня начались месячные, очень странные, и я ем как сумасшедшая.","Health, Fatigue, or Physical Pain",3,2,health
1833,my daughter driving test,моя дочь сдает экзамен по вождению,Family Issues,2,1,family
6008,I also just don't have enough money to pay someone to design a site for me.,"У меня также просто нет достаточно денег, чтобы заплатить кому-то за разработку сайта для меня.",Financial Problem,5,4,finance
4926,I can't get myself to study or even do the homework for it anymore.,Я больше не могу заставить себя учиться или даже делать домашнее задание.,School,1,0,work
4553,"I'm always having to do something, or I get home so late that all I have time for is dinner before going to bed.","Мне постоянно нужно что-то делать, или я прихожу домой так поздно, что успеваю только поужинать перед сном.","Health, Fatigue, or Physical Pain",3,2,health
1673,me and my boyfriend have been fighting like crazy.,я и мой парень ссоримся как сумасшедшие.,Emotional Turmoil,6,5,unknown
2510,The corona virus is stressing me out!,Короновирус вызывает у меня стресс!,"Health, Fatigue, or Physical Pain",3,2,health
3034,work has been stressing me out. at the deadlines for a lot of projects!,работа меня напрягала. в сроки для многих проектов!,Work,1,0,work
6028,"that's the thing, all money does it makes you worry that you will not have enough to sustain your life.","в том-то и дело, что все деньги заставляют вас беспокоиться о том, что вам не хватит их на жизнь.",Financial Problem,5,4,finance
4126,"It seems that I've lost the will to do anything lately, and that scares me.","Кажется, в последнее время я потерял желание что-либо делать, и это меня пугает.",Emotional Turmoil,6,5,unknown
6695,i also make myself believe that my mom has gotten into a horrible accident and is dead and i make myself cry.,"я также заставляю себя поверить, что моя мама попала в ужасную аварию и умерла, и заставляю себя плакать.",Emotional Turmoil,6,5,unknown
1037,i have too much work load at work.,у меня слишком большая нагрузка на работе.,Work,1,0,work
755,I failed my test,Я провалил тест,School,1,0,work
2749,thinking about work i should be doing,"думаю о работе, которую мне следует делать",Work,1,0,work
295,filled with work this week. don't want to miss the date.,на этой неделе полно работы. не хочу пропустить дату.,Work,1,0,work
4707,I find myself thinking on a day to day basis that it's not the good job or the comfortable stuff.,"Я каждый день думаю, что дело не в хорошей работе и не в комфортных вещах.",Work,1,0,work
4974,I am starting to get REALLY nervous about school starting because im sooooo scared that I will make I big mistake that will effect me for a long time.,"Я начинаю ОЧЕНЬ нервничать по поводу начала школы, потому что я оооочень боюсь, что совершу большую ошибку, которая повлияет на меня надолго.",School,1,0,work
5972,"Hence, we are pretty much financially broke.","Таким образом, мы практически финансово разорены.",Financial Problem,5,4,finance
699,i can't decide what to cook,"я не могу решить, что приготовить",Everyday Decision Making,6,5,unknown
884,i have been home the whole time,я все время был дома,Other,6,5,unknown
3947,I got really scared becasue this happened on the way home.,"Я очень испугалась, потому что это произошло по дороге домой.",Emotional Turmoil,6,5,unknown
5211,Okay so this weekend I didn't get to see Ken because my parents were being assholes about it.,"Ладно, в эти выходные мне не удалось увидеться с Кеном, потому что мои родители вели себя как засранцы.",Family Issues,2,1,family
1234,i'm feeling super stressed about work.,я чувствую себя очень напряженным из-за работы.,Work,1,0,work
3148,yo! heavy workload this wk!,йоу! на этой неделе большая загруженность!,Work,1,0,work
4703,"I worked too much today, and got too stressed out today.",Я сегодня слишком много работал и слишком перенапрягся.,Work,1,0,work
2619,the lack of qualified clients.,отсутствие квалифицированных клиентов.,Work,1,0,work
4070,im more sad that i dont have a new job to start.,"Мне еще больше грустно, что у меня нет новой работы, чтобы начать.",Work,1,0,work
119,"besides everything? the amount of wasted time it takes to get anything done, takes time","помимо всего? количество потраченного впустую времени, необходимого для того, чтобы что-то сделать, требует времени",Other,6,5,unknown
946,i have been stressing out about a new assignment i received at work,"я переживал из-за нового задания, которое получил на работе",Work,1,0,work
3714,my income is not proper and its difficult for me to run a normal life with specific need,"у меня недостаточный доход, и мне трудно вести нормальную жизнь с особыми потребностями",Financial Problem,5,4,finance
1936,my husband's hours have been cut at work,часы моего мужа на работе сократили,Work,1,0,work
6434,I am going insane trying to finish my speech that I'm due to give in like three hours.,"Я схожу с ума, пытаясь закончить свою речь, на которую у меня уйдет около трех часов.",Other,6,5,unknown
6759,I'm going to need more money than financial aid and loans provided me.,"Мне понадобится больше денег, чем мне предоставили финансовая помощь и кредиты.",Financial Problem,5,4,finance
5812,"She was telling me some of the problems he came accross with his last girlfriend, and it was mainly because she wasnt outgoing.","Она рассказала мне о некоторых проблемах, с которыми он столкнулся со своей последней девушкой, и главным образом потому, что она была необщительна.",Social Relationships,4,3,friends
3854,"By the time I got home, I was depressed.","Когда я вернулся домой, я был в депрессии.",Emotional Turmoil,6,5,unknown
6292,"i talked to my mom about it, cause lately shes had a lot to deal with..and im just worried for her.","Я говорил об этом с мамой, потому что в последнее время ей пришлось многое пережить... и я просто переживаю за нее.",Family Issues,2,1,family
2281,packing up everything to move out,"собираю все, чтобы переехать",Other,6,5,unknown
2962,what to work on,над чем работать,Work,1,0,work
6581,I just found out that one of the people on my friendslist died in a car accident.,"Я только что узнал, что один из людей из моего списка друзей погиб в автокатастрофе.",Social Relationships,4,3,friends
5709,I really need to straitghten alot of things out.,Мне действительно нужно прояснить многие вещи.,Other,6,5,unknown
4065,im just worried.. we have been having problems anyway..so whos to say he will wait for me..?,"я просто волнуюсь... у нас и так были проблемы... так кто сказал, что он будет меня ждать...?",Social Relationships,4,3,friends
2820,"too much to do in general, too busy","слишком много дел, слишком занят",Everyday Decision Making,6,5,unknown
5971,Like it's my fault there is no money.,"Типа я виноват, что денег нет.",Financial Problem,5,4,finance
6432,i'm so pissed that i can't drive my car for awhile now.,"я так зол, что какое-то время не могу водить машину.",Other,6,5,unknown
1355,i'm very stressed about my weight. i feel that no matter how hard i try i can't lose wei,"меня очень беспокоит мой вес. я чувствую, что как бы сильно я ни старался, я не смогу проиграть Вэй","Health, Fatigue, or Physical Pain",3,2,health
831,i have a lot of repairs to do in my basement and i keep finding more things to fix,"мне нужно сделать большой ремонт в подвале, и я продолжаю искать новые вещи, которые нужно починить",Other,6,5,unknown
1446,i've been having some financial issues. all of my money is going straight to bills.,у меня были некоторые финансовые проблемы. все мои деньги идут прямо на счета.,Financial Problem,5,4,finance
5321,"BAYSIDE Bayside Drummer John Holohan Killed in Tragic Highway Accident, Memorial Fund Established There has been a tragic loss.","BAYSIDE Барабанщик Bayside Джон Холохан погиб в трагической автокатастрофе, создан мемориальный фонд Произошла трагическая утрата.",Social Relationships,4,3,friends
4284,"Schools almost over, and I'm conflicted about how I feel about that.","Школы почти закончились, и я не могу понять, что я чувствую по этому поводу.",School,1,0,work
4360,Well I have been having some really hard times at work as of late.,"Ну, в последнее время у меня были действительно тяжелые времена на работе.",Work,1,0,work
3547,I miss my girlfriend..she's been sick.,Я скучаю по своей девушке... она заболела.,Social Relationships,4,3,friends
1767,my boss. he is an asshole,мой босс. он мудак,Work,1,0,work
6046,"i am less than fruitful when it comes to work lately, and i am disturbingly behind.","В последнее время я менее чем плодотворен, когда дело доходит до работы, и я пугающе отстаю.",Work,1,0,work
280,Fear about the virus and my job.,Страх по поводу вируса и моей работы.,Work,1,0,work
1221,i'm being sued by debt collectors and i don't know how to deal with it,"На меня подали в суд коллекторы долгов, и я не знаю, что с этим делать",Financial Problem,5,4,finance
1246,i'm having some trouble at work.,у меня проблемы на работе.,Work,1,0,work
4510,Another stressful factor for my everyday wear and tear.,Еще один стрессовый фактор для моего повседневного износа.,Everyday Decision Making,6,5,unknown
2019,My neighbor is having trouble with their neighbor below them and its upsetting.,"У моего соседа проблемы с соседом снизу, и это расстраивает.",Social Relationships,4,3,friends
284,feeling insecure about my short hair,чувствую себя неуверенно из-за своих коротких волос,Other,6,5,unknown
3447,on the note of my back i think it is getting worse.,"Что касается моей спины, я думаю, что становится хуже.","Health, Fatigue, or Physical Pain",3,2,health
1353,i'm trying to start my own online sales business and the sales are very low lately.,"Я пытаюсь начать свой собственный бизнес по онлайн-продажам, но в последнее время продажи очень низкие.",Work,1,0,work
1309,i'm stressed about all the work that keeps pilling up with no time to finish ~!,"Я в стрессе из-за всей этой работы, которая постоянно накапливается и нет времени закончить ~!",Work,1,0,work
437,"hey, i have been stressed about getting the dogs trained.","эй, я был в стрессе из-за дрессировки собак.",Family Issues,2,1,family
3126,Worried about my hours being cut,"Беспокоюсь о том, что мои часы сокращаются",Work,1,0,work
1055,I just am feeling very uncertain about the future,Я просто чувствую себя очень неуверенным в будущем,Emotional Turmoil,6,5,unknown
1846,my decision to go back to school,мое решение вернуться в школу,School,1,0,work
871,i have been getting stressed out finding rides to go to all my doctors appointments.,"Я испытывал стресс из-за того, что искал машины, чтобы пойти на все приемы к врачу.",Emotional Turmoil,6,5,unknown
3216,Once I get into work we have all sorts of problems that keep me tied up until noon.,"Когда я прихожу на работу, у нас возникают всевозможные проблемы, которые не дают мне покоя до полудня.",Work,1,0,work
3566,"I had only had 2 beers, but I had been sick for 4 days, hadn't really slept, and was under a lot of stress.","Я выпил всего 2 бутылки пива, но болел уже 4 дня, почти не спал и находился в состоянии сильного стресса.","Health, Fatigue, or Physical Pain",3,2,health
4528,We had to pack up everything in our living room because we had carpet cleaners coming.,"Нам пришлось собрать все в гостиной, потому что к нам приехали специалисты по чистке ковров.",Everyday Decision Making,6,5,unknown
6216,"My parents cant get along for a full day, my father wants nothing to do with my life.","Мои родители не могут прожить целый день, мой отец не хочет иметь ничего общего с моей жизнью.",Family Issues,2,1,family
2526,The coronavirus has been stressful to me and I am worried about my family.,"Коронавирус вызвал у меня стресс, и я беспокоюсь о своей семье.",Family Issues,2,1,family
1381,im worried i might get laid off due to coronovirus,"я боюсь, что меня уволят из-за короновируса",Work,1,0,work
1583,just stressed out about money and if i will have enough to pay bills.,"просто беспокоюсь о деньгах и о том, будет ли у меня достаточно денег, чтобы оплатить счета.",Financial Problem,5,4,finance
974,I have been worrying about my daughter with medical needs catching this scary virus.,"Я беспокоюсь о том, что моя дочь, нуждающаяся в медицинском обслуживании, заразится этим страшным вирусом.","Health, Fatigue, or Physical Pain",3,2,health
1191,i would say that work is very stressfull and it is getting to me very much,"я бы сказал, что работа очень напряженная и меня это очень раздражает",Work,1,0,work
2433,starting to research schools for kids,начинаю исследовать школы для детей,School,1,0,work
820,i have a deadline at work,у меня срок на работе,Work,1,0,work
2289,paying for the wedding.,оплата свадьбы.,Financial Problem,5,4,finance
6490,We have to go to school Tuesday and I'm a freshmen at RCB.,"Во вторник нам нужно идти в школу, а я первокурсник в RCB.",School,1,0,work
3956,"I happen to be starting the preliminary stages of finding a job, which is a pretty stressful event.","Я начинаю предварительный этап поиска работы, а это довольно стрессовое событие.",Work,1,0,work
664,I am very stressed about COVID-19,Я очень переживаю из-за COVID-19,"Health, Fatigue, or Physical Pain",3,2,health
81,been stressing about work and having a new baby,переживал из-за работы и рождения нового ребенка,Family Issues,2,1,family
978,i have had a hard time working with lisa.,мне было тяжело работать с Лизой.,Work,1,0,work
277,Family home all day. No me time. Too much noise. Can't work easily.,Семейный дом весь день. Нет мне времени. Слишком много шума. Невозможно работать легко.,Family Issues,2,1,family
1758,my boss is very demanding,мой босс очень требователен,Work,1,0,work
4025,"I won't always be able to post this many times in one day, but I'm bored and now I'm pissed.","Я не всегда смогу публиковать это много раз за день, но мне скучно, и теперь я злюсь.",Other,6,5,unknown
279,family stress.,семейный стресс.,Family Issues,2,1,family
6565,i have a feeling it must be stressed based because i've been pretty edgy lately. what the hell is wrong with me?,"У меня такое чувство, что это, должно быть, вызвано стрессом, потому что в последнее время я был очень нервным. что, черт возьми, со мной не так?",Emotional Turmoil,6,5,unknown
5888,ON TOP of all this emotional stress that been hiding inside of me ive been dealing with MAJOR stress about the play.,"Помимо всего этого эмоционального стресса, который скрывался внутри меня, я столкнулся с СИЛЬНЫМ стрессом из-за пьесы.",Emotional Turmoil,6,5,unknown
278,"family is driving me crazy, think i need a break!","Семья сводит меня с ума, думаю, мне нужен перерыв!",Family Issues,2,1,family
2051,my relationship with my girlfriend and her family is really getting to me.,мои отношения с моей девушкой и ее семьей действительно меня беспокоят.,Social Relationships,4,3,friends
4343,Today at work was taxing on my nerves.,Сегодня на работе действовали мне на нервы.,Work,1,0,work
1345,i'm tired of stephanie telling me she is going to hire more help.,"Я устала от Стефани, говорящей мне, что собирается нанять еще помощников.",Work,1,0,work
533,i am going through a custody battle for my daughter.,Я переживаю битву за опеку над моей дочерью.,Family Issues,2,1,family
5727,"I miss a lot of my friends, but clearly not enough to call them.","Я скучаю по многим своим друзьям, но явно не настолько, чтобы им позвонить.",Social Relationships,4,3,friends
3249,"i had a head ache, back ache and tooth ache.","у меня болела голова, спина и зуб.","Health, Fatigue, or Physical Pain",3,2,health
4752,Well as i'm frantically trying to prepare my temporary fill in for work when i'm gone i'm realizing how much work I am going to have..,"Ну, пока я лихорадочно пытаюсь подготовить свою временную замену для работы, когда меня не будет, я понимаю, сколько работы мне предстоит..",Work,1,0,work
2733,theres too many people and home and not enough space,слишком много людей и дома и недостаточно места,Family Issues,2,1,family
1856,my dog keeps me up at night,моя собака не дает мне спать по ночам,"Health, Fatigue, or Physical Pain",3,2,health
6563,My mom is REALLY annoying me.,Моя мама меня ОЧЕНЬ раздражает.,Family Issues,2,1,family
4964,i have really crappy teachers and i cant pay attention.,"У меня действительно дрянные учителя, и я не могу обращать на них внимание.",School,1,0,work
2670,the situation in the middle east. im worried about my husband potentially being deploy.,"ситуация на Ближнем Востоке. Я беспокоюсь о том, что моего мужа могут отправить в командировку.",Social Relationships,4,3,friends
3053,work is difficult right now,работа сейчас трудная,Work,1,0,work
3540,My dad's brother suffers from weight related diabetes and heart condition.,"Брат моего отца страдает диабетом, связанным с весом, и заболеванием сердца.",Family Issues,2,1,family
285,feeling lonely,чувствую себя одиноким,Emotional Turmoil,6,5,unknown
3544,Then my mum started complaining about feeling sick.,Потом моя мама начала жаловаться на плохое самочувствие.,Family Issues,2,1,family
5838,"LOL When she passed my grandpa was very depressed and I think that made his alzheimer's ""come on"".","LOL Когда она умерла, мой дедушка был в очень подавленном состоянии, и я думаю, что это вызвало у него болезнь Альцгеймера.",Family Issues,2,1,family
5255,"I accidentally upset one of my friends, and now she won't respond to any messages.","Я случайно расстроил одну из своих подруг, и теперь она не отвечает ни на какие сообщения.",Social Relationships,4,3,friends
5144,School is really starting to stress me out!,Школа действительно начинает меня напрягать!,School,1,0,work
3122,Worried about getting the family sick,"Боюсь, что семья заболеет","Health, Fatigue, or Physical Pain",3,2,health
449,"Hi Friend, Adulting has been stressing me out.","Привет, друг! Взросление меня напрягает.",Social Relationships,4,3,friends
1483,i've been stressed out about my partner's health,меня беспокоило здоровье моего партнера,Family Issues,2,1,family
5283,I call back and she tells me she's tired of calling and she needs someone who can be there.,"Я перезваниваю, и она говорит, что устала звонить и ей нужен кто-то, кто может быть рядом.",Social Relationships,4,3,friends
2856,trying to get my youtube channel up and running.,пытаюсь запустить свой канал на YouTube.,Other,6,5,unknown
4977,i go back to school tomorrow. which sucks.,завтра я вернусь в школу. что отстой.,School,1,0,work
6703,I guess it's probably because my life has been lacking substance these past few weeks.,"Я думаю, это, вероятно, потому, что в последние несколько недель моей жизни не хватало содержания.",Emotional Turmoil,6,5,unknown
2378,school has been stressing me out lately.,в последнее время школа меня напрягает.,School,1,0,work
5887,Its really sad though that the holidays are almost over.,"Хотя очень грустно, что каникулы почти закончились.",Other,6,5,unknown
2478,thanksgiving is next week.,День благодарения на следующей неделе.,Other,6,5,unknown
2642,The pandemic in the world,Пандемия в мире,"Health, Fatigue, or Physical Pain",3,2,health
3048,work has slowed down so i am nervous about money.,"работа замедлилась, поэтому я нервничаю по поводу денег.",Financial Problem,5,4,finance
4854,"i am getting super stressed out about school, and i do not heart that.","Я очень переживаю из-за школы, и мне это не нравится.",School,1,0,work
3851,"I need to start going to classes again, i have been slacking real bad!","Мне нужно снова начать ходить на занятия, я очень сильно расслабился!",School,1,0,work
18,a lot to do at work right now,сейчас много дел на работе,Work,1,0,work
6249,My mom just got diagnosed with breast cancer and that is kind of scary.,"У моей мамы только что диагностировали рак груди, и это немного пугает.",Family Issues,2,1,family
2206,Not knowing for sure if I will have enough food during a possible quarantine,"Не знаю наверняка, хватит ли мне еды во время возможного карантина","Health, Fatigue, or Physical Pain",3,2,health
3724,Not being able to get my daughter to let my grand kids come over.,Я не могу уговорить дочь позволить приехать моим внукам.,Emotional Turmoil,6,5,unknown
2661,the recent things that have been stressing me out is my health and the health of my fami,"последние вещи, которые меня беспокоят, - это мое здоровье и здоровье моей семьи","Health, Fatigue, or Physical Pain",3,2,health
3097,"Work, dealing with this covid has been NUTS!","Работа, борьба с этим ковидом была ЧУДО!",Work,1,0,work
4877,I must improve my grades.,Я должен улучшить свои оценки.,School,1,0,work
290,figuring out how to handle play dates with my kids,"выяснить, как проводить свидания с детьми",Family Issues,2,1,family
2187,not feeling well,плохо себя чувствую,"Health, Fatigue, or Physical Pain",3,2,health
1994,my marriage,мой брак,Family Issues,2,1,family
4630,"Not something I'm really looking forward to, but Gerry still hasn't called me back or responded to the emial I sent Wednesday, so whatever. I need money.","Это не то, чего я очень жду, но Джерри до сих пор мне не перезвонил и не ответил на письмо, которое я отправил в среду, ну и ладно. Мне нужны деньги.",Financial Problem,5,4,finance
6479,I'm hoping I can get over this ASAP so I can at least start out the semester well.,"Я надеюсь, что смогу справиться с этим как можно скорее и, по крайней мере, смогу хорошо начать семестр.",School,1,0,work
3290,"im suddenly ill with an aching body a sore throat and ears and i just dont feel good today. figures, its my day off and i had plans.","Я внезапно заболел, у меня болит тело, болит горло и уши, и сегодня я просто плохо себя чувствую. цифры, у меня выходной и у меня были планы.","Health, Fatigue, or Physical Pain",3,2,health
4940,"i have a test today in psychology that i haven't finished studying for, boo!","у меня сегодня контрольная по психологии, к которой я еще не закончила, чувак!",School,1,0,work
1497,"Ive been stressing out about school and work, i feel like i have no time.","Я переживаю из-за учебы и работы, чувствую, что у меня нет времени.",School,1,0,work
1832,my date,мое свидание,Social Relationships,4,3,friends
1701,"money problems, i have been having several unexpected bills recently.","проблемы с деньгами, недавно мне пришло несколько неожиданных счетов.",Financial Problem,5,4,finance
3229,well i managed to sprain my foot and it hurts alot.,"ну, мне удалось вывихнуть ногу, и это очень болит.","Health, Fatigue, or Physical Pain",3,2,health
1056,i just burned dinner and i have no time to make another.,"Я только что сжег ужин, и у меня нет времени готовить еще один.",Everyday Decision Making,6,5,unknown
5851,"Now all of a sudden, they're getting a divorce.",И вдруг они разводятся.,Family Issues,2,1,family
5904,"two, The dog gets super sad and misss her daddy.","во-вторых, собака очень грустит и скучает по папе.",Other,6,5,unknown
6099,It sucks being in a financial slump.,Плохо находиться в финансовом кризисе.,Financial Problem,5,4,finance
1088,"i lost my job three weeks ago, and am stressed about money.","Я потерял работу три недели назад, и меня беспокоят деньги.",Work,1,0,work
6501,"I'm leaning over to the don't finish school, but I have some small hopes of finishing, passing.","Я склоняюсь к тому, чтобы не закончить школу, но у меня есть небольшие надежды окончить, сдать.",School,1,0,work
4318,"The problem is, I've missed some of the classes so much (Soc. and World Hist.)","Проблема в том, что я так сильно пропустил некоторые занятия (социология и мировая история), что",School,1,0,work
2422,some health decisions,некоторые решения по здоровью,"Health, Fatigue, or Physical Pain",3,2,health
5163,Doing some homework and then work Sorry it seems like i don't have time for you but right now,"Делаю домашнее задание, а потом работаю. Извините, кажется, у меня нет на вас времени, но сейчас",School,1,0,work
1047,i haven't been sleeping well lately.,я плохо сплю в последнее время.,"Health, Fatigue, or Physical Pain",3,2,health
4147,It's the routine after I get home that I have issues with.,"После того, как я прихожу домой, у меня возникают проблемы с рутиной.",Other,6,5,unknown
1955,my job has had a ton of drama :(,в моей работе было много драмы :(,Work,1,0,work
1236,i'm going to be applying and interviewing for pharmacy schools soon and it's stressful.,"Мне скоро предстоит подавать заявление и проходить собеседование в аптечные школы, и это стресс.",School,1,0,work
355,"girl, i can't afford to pay my bills and i'm mentally exhausted.","девочка, я не могу позволить себе оплатить счета и морально истощена.",Financial Problem,5,4,finance
1835,My daughter has been diving me crazy,Моя дочь сводила меня с ума,Family Issues,2,1,family
615,i am stressed about this holiday seasons and money.,меня беспокоят эти праздничные сезоны и деньги.,Financial Problem,5,4,finance
1628,let's do lunch and i'll give you the scoop.,"давай пообедаем, и я дам тебе совок.",Other,6,5,unknown
3057,Work is forcing us to work random shifts.,Работа заставляет нас работать в случайные смены.,Work,1,0,work
640,I am stressing over the state of the economy and health of others.,Меня беспокоит состояние экономики и здоровье других.,Financial Problem,5,4,finance
559,I am in the middle of my grad studies and my sponsorship will not continue,"Я учусь в аспирантуре, и мое спонсорство не будет продолжаться.",School,1,0,work
4108,I'm upset with the thought of moving on.,"Я расстроен мыслью о том, чтобы двигаться дальше.",Emotional Turmoil,6,5,unknown
3671,One in particular has been sick a lot and he never covers his mouth when he coughs.,"Особенно один из них много болел и никогда не прикрывает рот, когда кашляет.","Health, Fatigue, or Physical Pain",3,2,health
4872,School has started back up.,Школа возобновила работу.,School,1,0,work
619,I am stressed because I lost my job because of the virus and I need to pay bills :(,"У меня стресс, потому что я потерял работу из-за вируса и мне нужно платить по счетам :(",Work,1,0,work
2014,my mother in laws is a fake bitch.. i have to be the bigger person!,моя свекровь - фальшивая сука.. мне нужно быть большим человеком!,Family Issues,2,1,family
2758,this coronavirus has cut my hours at work and I'm going crazy staying home,"этот коронавирус сократил мои часы на работе, и я схожу с ума, оставаясь дома",Work,1,0,work
6098,"It's shitty. also, not to mention the no money and ability to do anything cause of my huge amounts of debt.","Это дерьмо. Кроме того, не говоря уже об отсутствии денег и возможности что-либо сделать из-за моих огромных долгов.",Financial Problem,5,4,finance
3531,"When the friends leave the son asks, ""Dad, you are dying of cancer.","Когда друзья уходят, сын спрашивает: «Папа, ты умираешь от рака.","Health, Fatigue, or Physical Pain",3,2,health
4027,if we dont have the stuff ready by then i'll be very frustrated.,"если у нас не будет готового материала к тому времени, я буду очень расстроен.",Other,6,5,unknown
1511,I've been trying to figure out what to cook for dinner every night,"Каждый вечер я пытался придумать, что приготовить на ужин",Everyday Decision Making,6,5,unknown
5261,It's saying that he's cheating on his girlfriend for someone he truely cares about.,"Это говорит о том, что он изменяет своей девушке ради того, кто ему действительно дорог.",Social Relationships,4,3,friends
5974,"Wait, I don't have any money so scratch that idea.","Подожди, у меня нет денег, так что отбрось эту идею.",Financial Problem,5,4,finance
4810,Life is no fun when you have to be worried about so many things.,"Жизнь неинтересна, когда приходится беспокоиться о стольких вещах.",Everyday Decision Making,6,5,unknown
1061,i just don't have any time between work and kids and home,"у меня просто нет времени между работой, детьми и домом",Family Issues,2,1,family
268,everything stresses me out lately.,в последнее время меня все напрягает.,Everyday Decision Making,6,5,unknown
3084,work stress,рабочий стресс,Work,1,0,work
5861,That and disagreements over how to react to their situation strained their marriage.,"Это, а также разногласия по поводу того, как реагировать на ситуацию, ухудшили их брак.",Family Issues,2,1,family
238,difficult people at work,трудные люди на работе,Work,1,0,work
91,Being home almost all day,Быть дома почти весь день,Emotional Turmoil,6,5,unknown
6598,when you make your friends your life shit with your family gets mad fucked up.,"когда ты делаешь своих друзей дерьмом, твоя жизнь становится дерьмом, а твоя семья становится чертовой.",Social Relationships,4,3,friends
5545,I am stressed the fuck out over Christmas.,Я чертовски напряжен из-за Рождества.,Other,6,5,unknown
5534,"the past few days have been a mess, with her best friend going away just like that i was expecting a much less composed reaction from her.","последние несколько дней были в беспорядке: ее лучшая подруга просто так ушла, я ожидал от нее гораздо менее сдержанной реакции.",Social Relationships,4,3,friends
5736,"Um, I know his mother died and his uncle and aunt don't really want him.","Хм, я знаю, что его мать умерла, а его дядя и тетя на самом деле не хотят его.",Family Issues,2,1,family
5207,Kayla's birthday is Saturday so I have to figure out plans for that night.,"У Кайлы день рождения в субботу, поэтому мне нужно продумать планы на этот вечер.",Social Relationships,4,3,friends
4596,I just don't ever feel like it's worth getting up to lie around the house all day.,"Я просто никогда не чувствую, что стоит вставать и лежать весь день дома.",Everyday Decision Making,6,5,unknown
1024,i have some tasks that i keep putting off,"у меня есть несколько задач, которые я все время откладываю",Everyday Decision Making,6,5,unknown
3739,Not knowing if I will get a teaching position in August!,"Не знаю, получу ли я преподавательскую должность в августе!",Work,1,0,work
4721,It seems like just about everything in my life requires all this patience and I just don't have it.,"Кажется, что почти все в моей жизни требует терпения, а у меня его просто нет.",Everyday Decision Making,6,5,unknown
3278,"Today, I am sick and tired of being so sick and tired.",Сегодня мне надоело быть таким больным и уставшим.,Emotional Turmoil,6,5,unknown
4349,Trying to get my schedule right for next year has been hell.,Пытаться составить правильный график на следующий год было адом.,School,1,0,work
6441,"Vacuuming my room is a dangerous task, especially since there's two houses down the road under construction which product a lot of dust every day.","Пылесосить мою комнату — опасная задача, тем более, что дальше по дороге строятся два дома, из которых каждый день выбрасывается много пыли.",Other,6,5,unknown
2613,the impeachment hearings are stressing me out.  i am mostly stressed out how mean people,"слушания по импичменту меня напрягают.  меня больше всего беспокоит то, насколько злы люди",Other,6,5,unknown
2160,"No, not really important stuff...Just having a hard time finding toilet paper.","Нет, не очень важные вещи... Просто трудно найти туалетную бумагу.",Other,6,5,unknown
1043,i haven't been able to take some vacations,у меня не было возможности взять отпуск,Work,1,0,work
4236,My life is orbiting around things I have no control over and I'm about to crash hard into something.,"Моя жизнь вращается вокруг вещей, которые я не могу контролировать, и я вот-вот во что-нибудь врежусь.",Emotional Turmoil,6,5,unknown
2018,My nagging girlfriend who is insecure with herslef.,"Моя ворчливая подруга, которая неуверенна в себе.",Social Relationships,4,3,friends
1618,lately it has been stressful having a teething infant.,"в последнее время для меня было стрессом иметь ребенка, у которого режутся зубки.",Family Issues,2,1,family
382,having a baby is stressful and currently out of a job.,"Рождение ребенка — это стресс, и в настоящее время я не работаю.",Family Issues,2,1,family
1316,I'm stressed about not being able to go grocery shopping when I want anymore,"Меня беспокоит то, что я больше не могу ходить за продуктами, когда захочу.",Everyday Decision Making,6,5,unknown
4605,"I'm busy, and that usually means I don't have time to think.","Я занят, а это обычно означает, что у меня нет времени думать.",Everyday Decision Making,6,5,unknown
3558,"yeah, i got into an accident yesturday.","да, вчера я попал в аварию.",Other,6,5,unknown
3391,i'm pretty damn worried about the exam.,я чертовски волнуюсь по поводу экзамена.,School,1,0,work
888,I have been looking for part-time work and now cannot make progress due to coronavirus.,Я искал подработку и теперь не могу добиться прогресса из-за коронавируса.,Financial Problem,5,4,finance
2881,"ugh, just work stress. maybe will help to sleep on it.","тьфу, просто рабочий стресс. возможно, поможет уснуть на нем.",Work,1,0,work
17,a lot on my to do list,в моем списке дел много дел,Everyday Decision Making,6,5,unknown
6698,It seams that everything and everyone is against you.,"Кажется, что всё и все против тебя.",Emotional Turmoil,6,5,unknown
5708,"for more sad news, I feel absolutely terrible.","Если говорить о более печальных новостях, я чувствую себя совершенно ужасно.",Other,6,5,unknown
4139,it's just i feel school is being too hard on me.,"просто я чувствую, что школа слишком сурова ко мне.",School,1,0,work
3073,Work is stressing me out.,Работа меня напрягает.,Work,1,0,work
3241,Also my family health is not very good right now.,"Кроме того, здоровье моей семьи сейчас не очень хорошее.","Health, Fatigue, or Physical Pain",3,2,health
441,"hi dear friend, I had stress because of my work . please give me idea to relax.","привет дорогой друг, у меня был стресс из-за работы. пожалуйста, дайте мне идею расслабиться.",Work,1,0,work
3404,"There will be no work for me, no lab, no registration talk or correspondences with those on either side of this still very volatile issue.","Для меня не будет ни работы, ни лаборатории, ни переговоров о регистрации, ни переписки с теми, кто находится по ту или иную сторону в этом все еще очень неспокойном вопросе.",Work,1,0,work
2958,what i am going to cook for dinner and if i have enough time to cook the full meal,"что я собираюсь приготовить на ужин и хватит ли у меня времени, чтобы приготовить полноценный обед",Other,6,5,unknown
6079,I have decided that I need to be making more money.,"Я решил, что мне нужно зарабатывать больше денег.",Financial Problem,5,4,finance
4243,My schedule next semester sucks.,У меня отстойное расписание на следующий семестр.,School,1,0,work
5052,So its been a major pain in my ass trying to get into ONE LAST CLASS!,Так что попытка попасть в ОДИН ПОСЛЕДНИЙ КЛАСС была для меня настоящей головной болью!,School,1,0,work
6018,Totaled car means no car means another car means huge ridiculous payments that I really cant afford.,"Суммарная машина означает, что отсутствие машины означает, что другая машина означает огромные нелепые выплаты, которые я действительно не могу себе позволить.",Financial Problem,5,4,finance
264,"everything at work is. i have stacks of papers to finish, and no time to do so. ugh","на работе все есть. Мне нужно закончить стопку бумаг, а времени на это нет. фу",Work,1,0,work
5515,is it sad that I'm planning my wedding?,"грустно, что я планирую свадьбу?",Other,6,5,unknown
5826,"My temper is going to get out of control one day with these doctors, and its going to be bad.","Однажды мой гнев выйдет из-под контроля из-за этих врачей, и это будет плохо.",Emotional Turmoil,6,5,unknown
934,i have been stressed out over money. i left my job to be able to stay with my children.,"у меня был стресс из-за денег. я оставил работу, чтобы иметь возможность остаться со своими детьми.",Financial Problem,5,4,finance
46,all the craziness going on in the country right now,"все безумие, которое сейчас происходит в стране",Other,6,5,unknown
287,feels like everything all at once,"такое ощущение, что все сразу",Everyday Decision Making,6,5,unknown
6512,"I am starting to get really nervous for finals, I should really start studying so I dont fail them.","Я начинаю очень нервничать перед финалами, мне действительно пора начинать учиться, чтобы не провалить их.",School,1,0,work
3969,I have been very confused as of late with the direction my life is heading.,"В последнее время я очень смущен тем, в каком направлении движется моя жизнь.",Emotional Turmoil,6,5,unknown
4002,i think i'm going to have an issue w/ scheduling... i have hardly any time to schedule lessons.,"думаю, у меня возникнут проблемы с расписанием... у меня почти нет времени планировать уроки.",School,1,0,work
3090,Work was stressful today,Работа сегодня была напряженной,Work,1,0,work
1504,I've been stuck inside with nothing to do :(,Я застрял внутри и мне нечего было делать :(,Other,6,5,unknown
6204,today i got in a fight with my dad.,сегодня я подрался с отцом.,Family Issues,2,1,family
4761,All this talk about cleaning my room is getting me tired already.,Все эти разговоры об уборке моей комнаты меня уже утомили.,Everyday Decision Making,6,5,unknown
3758,I am really stressed about the state of the government and coronavirus,Я очень обеспокоен состоянием правительства и коронавирусом.,"Health, Fatigue, or Physical Pain",3,2,health
6152,"This morning started on a bad note, as my clock is wacko and made me and my family late for church.","Сегодняшнее утро началось с плохой ноты: мои часы сбились с пути, из-за чего я и моя семья опоздали в церковь.",Other,6,5,unknown
1972,my job's been really stressing me out lately,моя работа в последнее время меня очень напрягает,Work,1,0,work
4168,i've been so busy trying to get my life together that i forgot to take care of myself emotionally.,"я был так занят, пытаясь наладить свою жизнь, что забыл позаботиться о себе эмоционально.",Emotional Turmoil,6,5,unknown
709,i cant help william,я не могу помочь Уильяму,Social Relationships,4,3,friends
1372,I'm worried about my mother.,Я волнуюсь за свою мать.,Family Issues,2,1,family
5492,"If someone hurts me, like really hurts me which is hard to do, I never fully reconcile my relationship with them.","Если кто-то причиняет мне боль, например, действительно причиняет мне боль, что трудно сделать, я никогда полностью не примиряю свои отношения с этим человеком.",Other,6,5,unknown
4886,"So, I was getting really stressed then I was thinking about all my homework that I have to get done.","Итак, я был очень напряжен, когда думал о всей домашней работе, которую мне нужно сделать.",School,1,0,work
3700,My work has been stressing me lately. I now have to work from home,В последнее время моя работа меня напрягает. Теперь мне придется работать из дома,Work,1,0,work
3421,Worst week ever. Feels like my dog died all over again.,"Самая ужасная неделя. Такое ощущение, что моя собака снова умерла.",Emotional Turmoil,6,5,unknown
3789,"HEY, THANKS FOR REPLYING. I LOST MY JOB RECENTLY AND MY GIRLFRIEND, CHLOE LEFT ME","ЭЙ, СПАСИБО ЗА ОТВЕТ. НЕДАВНО Я ПОТЕРЯЛ РАБОТУ И МОЯ ДЕВУШКА ХЛОЯ ОСТАВИЛА МЕНЯ",Work,1,0,work
3436,I've been hurting or sick lately and its getting tough to keep doing everything.,"В последнее время я болел или болел, и мне становится трудно продолжать все делать.","Health, Fatigue, or Physical Pain",3,2,health
2841,trying to figure out how to grow my business.,"пытаюсь понять, как развивать свой бизнес.",Work,1,0,work
6741,"A lot of shit has happened, but I don't think I really want to talk about it here.","Много всякого дерьма произошло, но я не думаю, что действительно хочу говорить об этом здесь.",Emotional Turmoil,6,5,unknown
2532,"The coronavirus is in our town, just got a letter saying a teacher had it!","Коронавирус в нашем городе, только что пришло письмо о том, что он заболел у учителя!","Health, Fatigue, or Physical Pain",3,2,health
127,boss has been frustrating me!,босс меня расстраивает!,Work,1,0,work
6215,"i was so frustrated.then after my cousin, aunt, and casey left me and mom got into a fight.. she was yelling.. cause i blamed ashlie on her.","Я была так расстроена. Потом, после того, как моя кузина, тетя и Кейси оставили меня, мама подралась… она кричала… потому что я обвинил в ней Эшли.",Family Issues,2,1,family
3012,"work has been really stressful lately. so much work, so little time","работа в последнее время была очень напряженной. так много работы, так мало времени",Work,1,0,work
865,i have been feeling kind of lonely lately,в последнее время я чувствую себя одиноким,Social Relationships,4,3,friends
1064,i just felt distressed due to the happenings in my work station.,я просто чувствовал себя расстроенным из-за событий на моем рабочем месте.,Work,1,0,work
5564,my mom made me feel really bad about myself.,моя мама заставила меня чувствовать себя очень плохо о себе.,Family Issues,2,1,family
2512,The corona virus pandemic and uncertainty anout my future as a result.,"Пандемия коронирусного вируса и неопределенность в отношении моего будущего, как следствие.",Emotional Turmoil,6,5,unknown
6817,A bit more than 3 months ago my mom passed away.,Чуть больше трех месяцев назад умерла моя мама.,Family Issues,2,1,family
5663,War just really scares me.,Война просто меня очень пугает.,Other,6,5,unknown
2194,not having a good volume of work to keep me busy and financially stable.,"у меня нет большого объема работы, которая могла бы обеспечить мне занятость и финансовую стабильность.",Work,1,0,work
3499,My knee's a goddamn mess and I've been struggling too much with this binge shit to do it.,"Мое колено чертовски повреждено, и я слишком много боролся с этим дерьмом, чтобы справиться с этим.","Health, Fatigue, or Physical Pain",3,2,health
1315,i'm stressed about my new job. expectations are higher and i'm playing catch up.,"я в стрессе из-за своей новой работы. ожидания выше, и я играю в догонялки.",Work,1,0,work
956,i have been struggling to find a job.,я изо всех сил пытался найти работу.,Work,1,0,work
4900,I have to write my college essays this weekend.,На этих выходных мне нужно написать сочинение для колледжа.,School,1,0,work
257,essays are piling up and i'm drowning in them.,"эссе накапливаются, и я тону в них.",School,1,0,work
6178,"with all that my nieces and nephews are going through, I just don't have the heart to tell them that they can't bring their pets.","учитывая все, что переживают мои племянницы и племянники, у меня просто не хватает духу сказать им, что они не могут взять с собой своих питомцев.",Family Issues,2,1,family
2836,trying to catch up on my school work and work full-time,пытаюсь наверстать упущенное в школе и работать полный рабочий день,Work,1,0,work
2924,"well my credit cards are ruining my credit, i need to pay them off to get a new place","ну, мои кредитные карты портят мой кредит, мне нужно погасить их, чтобы получить новое место",Financial Problem,5,4,finance
2991,work and things at home,работа и дела дома,Work,1,0,work
4613,Probably all the pressure at work and worrying about his job.,"Наверное, все давление на работе и беспокойство о своей работе.",Work,1,0,work
3618,Particularly getting sick in the middle of the week.,Особенно заболеваю в середине недели.,"Health, Fatigue, or Physical Pain",3,2,health
5846,this has become particularly difficult at work because i have constant fears that they are meeting to dicsuss firing me.,"на работе это стало особенно сложно, потому что я постоянно боюсь, что они собираются встретиться, чтобы обсудить мое увольнение.",Work,1,0,work
5803,"ended up writing this ""woe is me"" story about how stress is taking hold of my mental stability.","В итоге я написал эту историю «Горе мне» о том, как стресс подрывает мою психическую устойчивость.",Emotional Turmoil,6,5,unknown
2185,not enough money to pay the rent,"недостаточно денег, чтобы оплатить аренду",Financial Problem,5,4,finance
1512,"i've been trying to get enough money to buy a house, it's very difficult.","Я пытался заработать достаточно денег, чтобы купить дом, это очень сложно.",Financial Problem,5,4,finance
5449,"My worrying gives me headaches, makes me irritable, sick, and most of all, negatively impacts my relationships.","Мое беспокойство вызывает у меня головные боли, делает меня раздражительным, больным и, самое главное, негативно влияет на мои отношения.",Social Relationships,4,3,friends
4579,Too much to get done too much to deal with.,"Слишком много, чтобы успеть сделать, слишком много, чтобы с этим справиться.",Everyday Decision Making,6,5,unknown
2163,not able to sleep,не могу спать,"Health, Fatigue, or Physical Pain",3,2,health
4749,"I don't really like people, so shopping on one of the biggest shopping days of the year doesn't sound like very much fun to me.","Я не очень люблю людей, поэтому шоппинг в один из самых больших торговых дней в году кажется мне не таким уж веселым.",Social Relationships,4,3,friends
5389,i feel bad i was off all these dats n didnt talk to my daughter.,"мне плохо, я оторвался от всех этих свиданий и не разговаривал с дочерью.",Family Issues,2,1,family
6667,You are experiencing severe stress trying to guard yourself from further disappointments.,"Вы испытываете сильный стресс, пытаясь оградить себя от дальнейших разочарований.",Emotional Turmoil,6,5,unknown
3551,"The constant pain bothered me and considering that several coworkers have been sick with flu, swine flu, and strep throat, I thought that maybe I had something.","Меня беспокоила постоянная боль, и, учитывая, что несколько коллег болели гриппом, свиным гриппом и ангиной, я подумал, что, возможно, у меня что-то есть.","Health, Fatigue, or Physical Pain",3,2,health
3123,worried about my deadlines.,беспокоюсь о сроках.,Work,1,0,work
4786,It's gonna be hard adjusting to not seeing them every day.,"Будет сложно привыкнуть к тому, что мы не будем видеть их каждый день.",Social Relationships,4,3,friends
1011,I have problem at work,у меня проблема на работе,Work,1,0,work
715,I can't seem to find any toilet paper in stores.,Я не могу найти туалетную бумагу в магазинах.,Other,6,5,unknown
1917,my husband has been acting a little weird.,мой муж вел себя немного странно.,Social Relationships,4,3,friends
3535,"Then, I got a call that my friend Lou had lost his father to cancer.","Затем мне позвонили и сообщили, что мой друг Лу потерял отца из-за рака.",Social Relationships,4,3,friends
6044,"My financial situation is stressing me out so much, basically in that it doesn't exist.","Мое финансовое положение меня очень напрягает, по сути потому, что его не существует.",Financial Problem,5,4,finance
6197,"No matter what I know, it's hard to have it happen to my Mom, you know?","Неважно, что я знаю, с моей мамой такое случается тяжело, понимаешь?",Family Issues,2,1,family
4258,Ok everytime I try to write something on this thing I get really tired... anybody know why?,"Хорошо, каждый раз, когда я пытаюсь что-то написать об этой штуке, я очень устаю... кто-нибудь знает, почему?",Other,6,5,unknown
3469,"I feel your pain Keita, I'm also experiencing much stress and may be experiencing IBS as well as ADD so yes, I feel your pain.","Я чувствую твою боль, Кейта, я также испытываю сильный стресс и, возможно, страдаю СРК и СДВ, так что да, я чувствую твою боль.","Health, Fatigue, or Physical Pain",3,2,health
1007,"I have not been able to see people in person, and it's killing me","Я не могу видеться с людьми лично, и это меня убивает.",Social Relationships,4,3,friends
5410,We have been getting ready for the party on Saturday evening so there have been prep things to do to be ready to go play.,"Мы готовились к вечеринке в субботу вечером, поэтому нам нужно было подготовиться к игре.",Other,6,5,unknown
6371,I think he was traumatized by his mom to always have something to do and not sit idly doing nothing.,"Я думаю, его травмировала мама, потому что ему всегда было чем заняться, а не сидеть сложа руки, ничего не делая.",Family Issues,2,1,family
3735,I am stressed out because the gym has been closed for months.,"Я в стрессе, потому что тренажерный зал закрыт уже несколько месяцев.",Emotional Turmoil,6,5,unknown
2150,new job and learning the ropes,новая работа и изучение основ,Work,1,0,work
4091,I'm so tired of having to explain myself.,Я так устал объясняться.,Emotional Turmoil,6,5,unknown
4231,my head hurts. now i have to go to work.,у меня болит голова. теперь мне нужно идти на работу.,"Health, Fatigue, or Physical Pain",3,2,health
2677,The spread of the coronavirus is really scary.,Распространение коронавируса действительно пугает.,"Health, Fatigue, or Physical Pain",3,2,health
184,Coronavirus is threatening my current employment.,Коронавирус угрожает моей нынешней работе.,Work,1,0,work
1177,I wish I could start my new job sooner than the 6th.  I NEED MONEY!,"Мне бы хотелось приступить к новой работе раньше, чем 6-го числа.  МНЕ НУЖНЫ ДЕНЬГИ!",Financial Problem,5,4,finance
6337,All night long Ashley was hissing and growling and scaring the pants off poor Tizzy so she cried all night.,"Всю ночь Эшли шипела, рычала и пугала бедняжку Тиззи до смерти, поэтому плакала всю ночь.",Social Relationships,4,3,friends
5800,I'm not either! I have my own severe issues and my own overwhelming problems going on that cripple me to some extent.,"Я тоже нет! У меня есть свои серьезные проблемы и непреодолимые проблемы, которые в некоторой степени калечат меня.",Emotional Turmoil,6,5,unknown
2394,school sux. no time to do anything. stuck on bus.,школьный секс. нет времени что-либо делать. застрял в автобусе.,School,1,0,work
5016,"On a shit spot, i have a test in that class on thurs and i didn't know.","Вот черт, у меня в четверг контрольная в этом классе, и я не знал.",School,1,0,work
3837,so anyways today sucked....sometimes i don't understand myself.... when my life sucks so much why do i even try??,"так или иначе, сегодня отстой....иногда я себя не понимаю....когда моя жизнь такая отстой, зачем мне вообще пытаться??",Emotional Turmoil,6,5,unknown
3555,i'm really veryvery tired from the week of insufficient sleep every night.,Я действительно очень-очень устал после недели недостаточного сна каждую ночь.,"Health, Fatigue, or Physical Pain",3,2,health
86,being able to my bills on time,иметь возможность вовремя оплачивать свои счета,Financial Problem,5,4,finance
879,i have been having issues with the transitions taking place with a recent move.,"у меня были проблемы с переходами, происходящими во время недавнего переезда.",Everyday Decision Making,6,5,unknown
2518,The coronavirus and all its effecs,Коронавирус и все его последствия,Emotional Turmoil,6,5,unknown
2810,"Tired of work, been trying to leave my job.","Устал от работы, пытался уйти с работы.",Work,1,0,work
5328,I'm sorry I haven't been the best of friends lately.,"Мне жаль, что в последнее время я не был лучшим другом.",Social Relationships,4,3,friends
4162,i've been pretty busy lately and it sucks bacause i can never remember what i've been doing.,"в последнее время я был очень занят, и это отстой, потому что я никогда не могу вспомнить, что делал.",Everyday Decision Making,6,5,unknown
674,I am worried about how long we will have to be socially distant.,"Меня беспокоит, как долго нам придется оставаться социально дистанцированными.",Other,6,5,unknown
3415,"im sick of being sick, sick and tired of being in the hospital cause i cant stop throwing up, im loosing weight, and i dont know what to do, 4.","Мне надоело болеть, мне надоело лежать в больнице, потому что меня не может остановить рвота, я теряю вес и не знаю, что делать, 4.","Health, Fatigue, or Physical Pain",3,2,health
4531,Even a phone call away its still crazy to think of all the changes life constantly and consistantly throws at you.,"Даже на расстоянии телефонного звонка все еще безумно думать обо всех изменениях, которые жизнь постоянно и постоянно преподносит вам.",Everyday Decision Making,6,5,unknown
85,Being able to find food and goods for my family.,Возможность найти еду и товары для своей семьи.,Family Issues,2,1,family
5623,"Anxiety and a restless antagonism, as a result of unfulfilled emotional needs, has resulted in considerable stress.","Тревога и беспокойный антагонизм, возникшие в результате неудовлетворенных эмоциональных потребностей, привели к значительному стрессу.",Emotional Turmoil,6,5,unknown
3051,work is a lot hectic today...i really need a break,работа сегодня очень беспокойная... мне действительно нужен перерыв,Work,1,0,work
1540,I've just been super stressed about work.,Я просто был очень напряжен из-за работы.,Work,1,0,work
3345,ill drink too much and something is just going to set me off and ill be a bawling mess.,"Я выпью слишком много, и что-то просто выведет меня из себя, и я буду в ужасе.",Emotional Turmoil,6,5,unknown
3586,It the constant stomach problems that are currently really starting to aggravate me.,"Это постоянные проблемы с желудком, которые сейчас меня действительно начинают раздражать.","Health, Fatigue, or Physical Pain",3,2,health
2009,my money situation has been really stressful recently. 100 bills and $5 in the account.,моя финансовая ситуация в последнее время была очень напряженной. На счету 100 купюр и 5$.,Financial Problem,5,4,finance
5434,I have been kind of a bad friend to her for I don't call her like I used to.,"Я был для нее плохим другом, потому что не звонил ей так, как раньше.",Social Relationships,4,3,friends
4943,This has definately been the worst semester of school that I've ever had.,"Это определенно был худший семестр в школе, который у меня когда-либо был.",School,1,0,work
2927,Well this whole coronavirus thing is pretty stressful!,"Ну, вся эта история с коронавирусом — это довольно стресс!","Health, Fatigue, or Physical Pain",3,2,health
4305,"Sorry my entries have been long and depressing lately, but what can you expect?","Извините, в последнее время мои записи были длинными и удручающими, но чего вы можете ожидать?",Emotional Turmoil,6,5,unknown
1887,my friend is angry with me . and she did not talking to me.. i can not convence her . it,мой друг злится на меня. и она со мной не разговаривала.. я не могу ее уговорить. это,Social Relationships,4,3,friends
5093,now we have school tomorrow and i'm NOT looking forward to that.,"теперь у нас завтра школа, и я НЕ жду этого.",School,1,0,work
6393,I'm finding it hard to update this thing everyday.,Мне трудно обновлять эту вещь каждый день.,Other,6,5,unknown
5584,"its moments like this, im depressed and lonely.",в такие моменты я подавлен и одинок.,Emotional Turmoil,6,5,unknown
5732,It hurts til now. to see my family breaking into small pieces because of his departure. to see my dad,"Больно до сих пор. видеть, как моя семья разваливается на части из-за его ухода. увидеть моего отца",Family Issues,2,1,family
3184,I have a terrible headache.,У меня ужасная головная боль.,"Health, Fatigue, or Physical Pain",3,2,health
2835,Trying to buy groceries yet avoid people.,"Стараюсь покупать продукты, но избегаю людей.",Everyday Decision Making,6,5,unknown
6157,sometimes i feel so trapped in my parents' problems that i can't escape them.,"иногда я чувствую себя настолько пойманным в ловушку проблем своих родителей, что не могу от них уйти.",Family Issues,2,1,family
1883,"my financial situation, i have bills that are past due.","мое финансовое положение, у меня есть просроченные счета.",Financial Problem,5,4,finance
5548,"friends are not the same for that matter, its relations of the heart that takes a toll on me.","Друзья в этом отношении не одинаковы, это сердечные отношения, которые сказываются на мне.",Social Relationships,4,3,friends
4390,"Well, eventually it was time for dinner, but I couldn't eat.","Ну, в конце концов пришло время ужина, но я не мог есть.",Emotional Turmoil,6,5,unknown
595,i am so unsure of what to make for dinner tonight,"я так не знаю, что приготовить сегодня на ужин",Everyday Decision Making,6,5,unknown
5224,"My attitude sucks and that is why I find my self haveing all these terrible and painful problems, not just in romantic relations, but in all aspects of my life.","Мое отношение - отстой, и именно поэтому я сталкиваюсь со всеми этими ужасными и болезненными проблемами не только в романтических отношениях, но и во всех аспектах моей жизни.",Social Relationships,4,3,friends
5853,i am just really hurting right now and i feel like i have nobody to talk to.,"мне просто сейчас очень больно, и я чувствую, что мне не с кем поговорить.",Emotional Turmoil,6,5,unknown
3081,work projects and timelines,рабочие проекты и сроки,Work,1,0,work
4859,I'm feeling very concerned about my school work right now.,Я сейчас очень обеспокоен своей школьной работой.,School,1,0,work
4290,"So I became bitter, wondering WHY my life couldn't just mend itself whenever necssary.","Поэтому мне стало горько, задаваясь вопросом, ПОЧЕМУ моя жизнь не может просто исправиться, когда это необходимо.",Everyday Decision Making,6,5,unknown
834,i have a lot of work to do at my job.,у меня много работы на работе.,Work,1,0,work
286,feeling overwhelmed,чувство подавленности,Family Issues,2,1,family
4370,"When I'm all depressed about shit in my life, THIS has to happen.","Когда я в депрессии из-за дерьма в моей жизни, ЭТО должно произойти.",Emotional Turmoil,6,5,unknown
4230,my head hurts & i think i need a day off from school.,"у меня болит голова, и я думаю, что мне нужен выходной из школы.",School,1,0,work
466,"Hi! How are you? Been good, but getting bored being inside all the time!","Привет! Как вы? Было хорошо, но скучно все время находиться внутри!",Other,6,5,unknown
6357,Got in an argument with my dad over my age and responsibilities again.,Снова поспорил с отцом по поводу моего возраста и обязанностей.,Family Issues,2,1,family
5244,"If you are the type that is constantly upset by your interactions with others, then you might have a problem.","Если вы относитесь к тому типу людей, которых постоянно расстраивает ваше общение с другими, то у вас могут возникнуть проблемы.",Other,6,5,unknown
6210,My maternal grandmother was diagnosed with a particularly aggressive and fast moving form of ovarian cancer when it was in a fairly advanced stage of development.,"У моей бабушки по материнской линии диагностировали особенно агрессивную и быстро развивающуюся форму рака яичников, когда она находилась на довольно поздней стадии развития.",Family Issues,2,1,family
2287,paying bills on time,оплачивать счета вовремя,Financial Problem,5,4,finance
3100,"work, too much to do and not enough hours in the day to accomplish everything","работа, слишком много дел и недостаточно часов в сутках, чтобы все успеть",Work,1,0,work
3819,im stressed about losing my job,я в стрессе из-за потери работы,Work,1,0,work
3227,He didn't feel good and he was tired.,Он чувствовал себя плохо и устал.,"Health, Fatigue, or Physical Pain",3,2,health
3342,"It has been your experience that once you lose control to indulgent habits, for example, smoking, drinking, or emotional outbursts, it is very difficult to retain control.","По вашему опыту, как только вы теряете контроль над потворственными привычками, например, курением, употреблением алкоголя или эмоциональными вспышками, очень трудно сохранять контроль.",Emotional Turmoil,6,5,unknown
5303,"It's just hard, because my oldest friends have all moved away, and it's hard to get that same comfort level and closeness with people.","Это просто сложно, потому что все мои самые старые друзья уехали, и мне трудно добиться того же уровня комфорта и близости с людьми.",Social Relationships,4,3,friends
3022,Work has been so stressful because my boss expects too much.,"Работа была такой напряженной, потому что мой начальник ожидает слишком многого.",Work,1,0,work
2377,school has been stressing me out lateley,школа меня напрягает в последнее время,School,1,0,work
4492,"well, i have to take a shower and then freeze when i get out because it's like in the 'teens outside and really super cold in my house.","ну, мне нужно принять душ, а затем замерзнуть, когда я выйду, потому что на улице как в подростковом возрасте, а в моем доме очень холодно.",Everyday Decision Making,6,5,unknown
1584,just stressed out taking care of the kids,"просто пережил стресс, заботясь о детях",Family Issues,2,1,family
1870,my family problems and stressful office work,мои семейные проблемы и стрессовая работа в офисе,Work,1,0,work
2566,The Covid-19 pandemic. I think a man who lives across the hall from me might have it.,"Пандемия Covid-19. Я думаю, он может быть у человека, который живет через холл от меня.","Health, Fatigue, or Physical Pain",3,2,health
4664,That's the kind of thing that shoots through my mind while I have to make their food.,"Вот такие мысли проносятся у меня в голове, пока мне приходится готовить им еду.",Other,6,5,unknown
3691,I just have been trying to work and its hard to find any,"Я просто пытаюсь работать, и мне трудно найти кого-либо.",Emotional Turmoil,6,5,unknown
2079,my sleep patterns due to midnight shifts at work.,мой режим сна из-за полуночных смен на работе.,"Health, Fatigue, or Physical Pain",3,2,health
5643,"It is all my fault, I always have to start shit because of my fucking issues.","Это все моя вина, мне всегда приходится начинать всякое дерьмо из-за моих чертовых проблем.",Social Relationships,4,3,friends
3769,Getting ready for upcoming hospital procedure - very stressful.,Готовиться к предстоящей процедуре в больнице – очень стресс.,"Health, Fatigue, or Physical Pain",3,2,health
5200,Is it because my aunt is tired of my mom?,"Это потому, что моя тетя устала от моей мамы?",Family Issues,2,1,family
430,hey! i've been stressing about school. everything is getting difficult.,привет! я переживал из-за школы. все становится сложно.,School,1,0,work
2184,not enough money for the bills i have to pay!,недостаточно денег для оплаты счетов!,Financial Problem,5,4,finance
468,hi! i'd like to thank you as well for texting. i am stressed because i don't have money.,"привет! Я также хотел бы поблагодарить тебя за сообщение. я в стрессе, потому что у меня нет денег.",Financial Problem,5,4,finance
5285,There is such a great pressure to be happy during Christmas and that is what hurts the most.,"Во время Рождества очень важно быть счастливым, и это причиняет боль больше всего.",Emotional Turmoil,6,5,unknown
5369,"So, my lil sister didn't get up and my mom blamed me.","Итак, моя младшая сестра не встала, и мама обвинила меня.",Family Issues,2,1,family
3684,COVID-19,COVID-19,"Health, Fatigue, or Physical Pain",3,2,health
5879,i've been so tired and sick and sad.,"я так устал, болен и грустен.","Health, Fatigue, or Physical Pain",3,2,health
3089,"work was bullshit today, man","сегодня работа была ерундой, чувак",Work,1,0,work
2887,Ughhh....the people I have been working with!,"Ухх... люди, с которыми я работал!",Work,1,0,work
3138,worrying about my son finding a job,"беспокоюсь о том, что мой сын найдет работу",Family Issues,2,1,family
3476,"i gained weight, i think.","Я набрал вес, я думаю.","Health, Fatigue, or Physical Pain",3,2,health
4823,My policy of pushing everything back to study for the test last week is really biting me in the butt this week.,"Моя политика отодвигать все назад, чтобы подготовиться к тесту на прошлой неделе, действительно кусает меня за задницу на этой неделе.",School,1,0,work
3080,Work pressure in my current project,Рабочее давление в моем текущем проекте,Work,1,0,work
38,Adjusting to distance learning for graduate level courses,Адаптация к дистанционному обучению для курсов последипломного образования,School,1,0,work
3541,"She's been sick, and I'm worried that she's worried about a ton of things.","Она заболела, и я беспокоюсь, что она беспокоится о множестве вещей.","Health, Fatigue, or Physical Pain",3,2,health
5619,Emotional confusion and mental chaos.,Эмоциональное смятение и психический хаос.,Emotional Turmoil,6,5,unknown
5396,I'm not really enjoying my job downtown lately.,В последнее время мне не очень нравится моя работа в центре города.,Work,1,0,work
78,been sick with pneumonia and haven't been able to work,болел пневмонией и не мог работать,"Health, Fatigue, or Physical Pain",3,2,health
4379,work is going to wear me out.,работа меня утомит.,Work,1,0,work
247,"dude i am so stressed out about moving to nevada , i hate it.","чувак, я так переживаю из-за переезда в Неваду, ненавижу это.",Other,6,5,unknown
6158,We are growing worried about Mother.,Мы все больше беспокоимся о Матери.,Family Issues,2,1,family
2778,This issue about Covid-19 is very stressful to me!,Для меня этот вопрос о Covid-19 очень напряжен!,"Health, Fatigue, or Physical Pain",3,2,health
1823,my co-workers are driving me nuts!,мои коллеги сводят меня с ума!,Work,1,0,work
6107,I have waaay too many bills to pay and not nearly enough money to cover them.,"У меня слишком много счетов, которые нужно оплатить, и недостаточно денег, чтобы их покрыть.",Financial Problem,5,4,finance
798,i had an accident,Я попал в аварию,"Health, Fatigue, or Physical Pain",3,2,health
5460,she said that i`m trying to maintain too many friendships and that i`m going to be exhausted.,"она сказала, что я пытаюсь поддерживать слишком много друзей и что я утомлюсь.",Social Relationships,4,3,friends
2199,not having enough money to pay my bills.,"у меня не хватает денег, чтобы оплатить счета.",Financial Problem,5,4,finance
1717,moving,движущийся,Everyday Decision Making,6,5,unknown
3005,work has been kinda crazy lately,работа в последнее время была какой-то сумасшедшей,Work,1,0,work
4667,gettin this shit together has had me so stressed out lately.,"В последнее время я так нервничаю из-за того, что собираю все это дерьмо.",Other,6,5,unknown
2043,my recent stressful situation i am tired of being broke,"моя недавняя стрессовая ситуация, я устал от разорения",Financial Problem,5,4,finance
304,financial issues have been getting to me,финансовые вопросы меня беспокоят,Financial Problem,5,4,finance
1662,making enough money to cover holiday expenses,"зарабатывать достаточно денег, чтобы покрыть расходы на отпуск",Financial Problem,5,4,finance
3970,"I have felt out of balance for weeks, and really needing some kind of something to clear the fuzzy energy.","В течение нескольких недель я чувствовал себя потерявшим равновесие, и мне действительно нужно было что-то, чтобы очистить нечеткую энергию.","Health, Fatigue, or Physical Pain",3,2,health
2985,work and family,работа и семья,Family Issues,2,1,family
4218,My biggest source of ire is just struggling to remember things.,Мой самый большой источник гнева – это просто попытки что-то вспомнить.,Other,6,5,unknown
5794,"about a month ago i went to his grave with my family, and i sobbed.",около месяца назад я пошел на его могилу со своей семьей и рыдал.,Family Issues,2,1,family
1250,i'm having trouble proving my income to a landlord.,У меня возникли проблемы с подтверждением моего дохода арендодателю.,Financial Problem,5,4,finance
2569,The COVID-19 situation has really been stressing me out!,Ситуация с Covid-19 меня очень напрягла!,"Health, Fatigue, or Physical Pain",3,2,health
2934,"well, i tried getting my car to start, and it won't!","ну, я попробовал завести машину, но не получилось!",Other,6,5,unknown
623,I am stressed out about not being able to work during COVID 19 outbreak.,"Я в стрессе из-за того, что не могу работать во время вспышки COVID 19.",Financial Problem,5,4,finance
6517,"That is I am a freshman, and my first semester is 18 FRIGGEN credit hours.","То есть я первокурсник, и мой первый семестр составляет 18 кредитных часов FRIGGEN.",School,1,0,work
1173,i went to work but the door was locked?,"я пошел на работу, но дверь была заперта?",Work,1,0,work
2004,"My mom is worried about contracting the coronavirus, I fear going out in public.","Моя мама боится заразиться коронавирусом, я боюсь выходить на улицу.","Health, Fatigue, or Physical Pain",3,2,health
3157,"my stomach still hurts to bad. along with my head, and chest pains.",у меня до сих пор сильно болит живот. вместе с головой и болями в груди.,"Health, Fatigue, or Physical Pain",3,2,health
488,homeschooling my kids because schools are closed,"обучаю своих детей на дому, потому что школы закрыты",School,1,0,work
5409,"I missed my number again last week, so now it's suspension for three days without pay.","На прошлой неделе я снова пропустил свой номер, так что теперь его отстраняют на три дня без оплаты.",Financial Problem,5,4,finance
3693,"I have an upcoming medical procedure, and I am worried about it.","Мне предстоит предстоящая медицинская процедура, и я беспокоюсь об этом.","Health, Fatigue, or Physical Pain",3,2,health
5323,It is so unpleasant for the residents AND the employees.,Это очень неприятно для жильцов и сотрудников.,Other,6,5,unknown
6334,To every girl that cries at night because of another heartbreak.,"Каждой девушке, которая плачет по ночам из-за очередного горя.",Emotional Turmoil,6,5,unknown
5278,"The evening was bad though, getting calls from people saying they couldn't get in contact with Granddad.","Однако вечер был плохим: люди звонили и говорили, что не могут связаться с дедушкой.",Family Issues,2,1,family
3226,"I'm tired, and not feeling very well.",Я устал и чувствую себя не очень хорошо.,"Health, Fatigue, or Physical Pain",3,2,health
3456,I because I was still suffering the sore throat and he because he's a little sick and a lot exhausted.,"Я потому, что у меня все еще болело горло, а он потому, что он немного болен и сильно измотан.","Health, Fatigue, or Physical Pain",3,2,health
6666,"I feel their pain, though in a different way, because it's just as bad for us Depression People.","Я чувствую их боль, хотя и по-другому, потому что она так же плоха для нас, Людей Депрессии.",Emotional Turmoil,6,5,unknown
876,i have been having a hard time going to sleep.,мне было трудно заснуть.,"Health, Fatigue, or Physical Pain",3,2,health
6594,"Sometimes, I wonder why I'm so ready to rush into marriage.","Иногда я удивляюсь, почему я так тороплюсь выйти замуж.",Emotional Turmoil,6,5,unknown
743,i don't know if i'll have a job next year.,"Я не знаю, найду ли я работу в следующем году.",Work,1,0,work
1156,"i want to have biological children, but i am infertile.","Я хочу иметь биологических детей, но я бесплодна.",Emotional Turmoil,6,5,unknown
2633,the mother fucking military,чертова военная мать,Everyday Decision Making,6,5,unknown
4793,"Some things honestly are not worth your energy, nor the time of day of the other person involved.","Честно говоря, некоторые вещи не стоят ни вашей энергии, ни времени суток другого человека.",Social Relationships,4,3,friends
3188,So bad that i now have a massive headache!!!!!,"Настолько плохо, что у меня теперь сильно болит голова!!!!!","Health, Fatigue, or Physical Pain",3,2,health
719,i cooked a turkey upside down. the meat was moist but now my family's teasing me.,"я приготовила индейку вверх дном. мясо было влажным, но теперь моя семья меня дразнит.",Family Issues,2,1,family
702,i can't find a full time job.,я не могу найти работу на полный рабочий день.,Work,1,0,work
933,i have been stressed out by my daughter turning in her guidance counselor for bullying,"Я был в стрессе из-за того, что моя дочь обратилась к своему консультанту по поводу издевательств",Family Issues,2,1,family
2094,my son will not listen today.,мой сын сегодня не будет слушать.,Family Issues,2,1,family
1716,Mother's death is stressing me out.,Смерть матери меня напрягает.,Family Issues,2,1,family
5692,I'm worried about alot of my friends because they're going through some hard stuff and I don't know how to help them.,"Я беспокоюсь за многих своих друзей, потому что они переживают тяжелые времена, и я не знаю, как им помочь.",Social Relationships,4,3,friends
5874,comes the personal problems.,приходят личные проблемы.,Emotional Turmoil,6,5,unknown
2432,starting a new job has really stressed me out,начало новой работы вызвало у меня сильный стресс,Work,1,0,work
3719,i found out my friend has covid-19,"я узнал, что у моего друга Covid-19","Health, Fatigue, or Physical Pain",3,2,health
992,i have many problems in my work. it is very stressful.,у меня много проблем в работе. это очень напрягает.,Work,1,0,work
1725,my amount of credit card debt,моя сумма задолженности по кредитной карте,Financial Problem,5,4,finance
3077,Work life balance is killing me,Баланс между работой и личной жизнью меня убивает,Work,1,0,work
291,Figuring out to work from home,Придумаем работать из дома,Work,1,0,work
4966,I have a paper to write this weekend.,Мне нужно написать статью на этих выходных.,School,1,0,work
2665,The shelves being empty and not being able to find things we need because of coronaviru.,Полки пусты и невозможно найти нужные вещи из-за коронавируса.,Other,6,5,unknown
1982,my kids see driving me crazy and being bad,"мои дети видят, что я схожу с ума и веду себя плохо",Family Issues,2,1,family
5252,I just can't deal with the people I live with right now.,"Я просто не могу иметь дело с людьми, с которыми сейчас живу.",Social Relationships,4,3,friends
2811,tires,шины,Other,6,5,unknown
5627,It's even more difficult when I feel trapped because I don't know where to go with my career.,"Еще сложнее, когда я чувствую себя в ловушке, потому что не знаю, куда двигаться дальше в своей карьере.",Work,1,0,work
5031,"Between all this emotional stress and like the unsurmountable amounts of stress due to school, I am dieing.",Между всем этим эмоциональным стрессом и непреодолимым стрессом из-за школы я умираю.,School,1,0,work
2427,sometimes work can get overwhelming and it seems like my boss doesn't sympathise.,"иногда работа может быть невыносимой, и кажется, что мой начальник не сочувствует.",Work,1,0,work
4384,"Wow, it seems almost every day I find yet another reason to absolutely loathe my current residence.","Ух ты, кажется, почти каждый день я нахожу еще одну причину абсолютно ненавидеть свое нынешнее место жительства.",Everyday Decision Making,6,5,unknown
1249,i'm having trouble finding work.,у меня проблемы с поиском работы.,Work,1,0,work
125,body pain,боль в теле,"Health, Fatigue, or Physical Pain",3,2,health
2563,The COVID-19 pandemic and not working because of it.,Пандемия COVID-19 и отсутствие работы из-за нее.,Financial Problem,5,4,finance
3545,she was cring about how Maranda is sick and how her mom does not treat her right and all that cal.,"она плакала из-за того, что Маранда больна и что ее мама плохо с ней обращается и все такое.",Family Issues,2,1,family
4889,"Right now, all I know is that I'm filled with worry about completing my school assignments.","Сейчас все, что я знаю, это то, что я полон беспокойства по поводу выполнения школьных заданий.",School,1,0,work
3948,I got really worried cause I dont have anymore practices until the meet.,"Я очень волновался, потому что до соревнований у меня больше не будет тренировок.",Other,6,5,unknown
793,i had a mistake in implementing a new update to the system today morning,сегодня утром у меня произошла ошибка при внедрении нового обновления системы,Work,1,0,work
1214,i'll probably need to work all night,"мне, вероятно, придется работать всю ночь",Work,1,0,work
2657,The recent outbreak of COVID-19 has put a lot of stress on me. I'm not sure what to do.,"Недавняя вспышка COVID-19 вызвала у меня большой стресс. Я не знаю, что делать.","Health, Fatigue, or Physical Pain",3,2,health
3808,Definitely how bad police brutality has gotten since the protests started,"Определенно, насколько серьезной стала жестокость полиции с тех пор, как начались протесты.",Other,6,5,unknown
2454,struggling home life and work life is stressful and complicated,семейная жизнь и трудовая жизнь напряжены и сложны,Work,1,0,work
6609,"Work hasn't been great and on top of that, I've hardly spent anytime with me boyfriend.","Работа шла не очень хорошо, и, кроме того, я почти не проводила времени со своим парнем.",Work,1,0,work
3353,My grandma went to see a doctor this week because she's been having a lot of pain and swelling in her lower legs lately.,"На этой неделе моя бабушка пошла к врачу, потому что в последнее время у нее сильные боли и отеки в голенях.","Health, Fatigue, or Physical Pain",3,2,health
5105,"I have so much homework today, it's out of control.","У меня сегодня так много домашнего задания, что оно вышло из-под контроля.",School,1,0,work
5836,"I feel so angry, can you take it?","Я так зол, ты можешь это выдержать?",Emotional Turmoil,6,5,unknown
3498,I have bugged out so much that now my knee starts hurting me whenever I'm scared.,"Я настолько вымотался, что теперь колено начинает болеть всякий раз, когда я боюсь.","Health, Fatigue, or Physical Pain",3,2,health
1837,my daughter is depressed and i have tried everything to help her.,"у моей дочери депрессия, и я попробовал все, чтобы ей помочь.",Emotional Turmoil,6,5,unknown
4445,I have been having to make a lot of decisions recently and it sucks.,"В последнее время мне приходилось принимать много решений, и это отстой.",Everyday Decision Making,6,5,unknown
325,full time caregiving is hard i am always tired,"тяжело ухаживать полный рабочий день, я всегда устаю",Work,1,0,work
2844,trying to find a better job,пытаюсь найти лучшую работу,Work,1,0,work
490,homework is really stressing me out!,Домашняя работа меня очень напрягает!,School,1,0,work
225,Dealing with right-wing syncophants and trolls online and in social media has been hard.,Бороться с правыми синфантами и троллями в Интернете и социальных сетях было сложно.,Other,6,5,unknown
3709,People arent taking the virus serious anymore,Люди больше не воспринимают вирус всерьез,"Health, Fatigue, or Physical Pain",3,2,health
5772,"Third, problems in my family that I can't fix are majorly stressing me out.","В-третьих, меня очень беспокоят проблемы в моей семье, которые я не могу решить.",Family Issues,2,1,family
6413,That means that I'm majorly stressed out with everything going on in my life.,"Это означает, что я испытываю сильный стресс из-за всего, что происходит в моей жизни.",Emotional Turmoil,6,5,unknown
2882,"ugh, lately work has been pissing me off.  like, why does such a simple job have to suck","тьфу, в последнее время работа меня бесит.  типа, почему такая простая работа должна быть отстойной",Work,1,0,work
5691,I'm such a lonely person and I don't know how to fix THAT.,"Я такой одинокий человек и не знаю, как ЭТО исправить.",Emotional Turmoil,6,5,unknown
3681,It has just been really hard and it is frustrating not having a solution.,"Это было очень сложно, и очень жаль, что у нас нет решения.",Everyday Decision Making,6,5,unknown
3192,I do my best to eat leftovers before things spoil but my appetite flucuates so much now that I may not be able to.,"Я изо всех сил стараюсь съесть остатки, пока все не испортилось, но сейчас мой аппетит настолько колеблется, что я, возможно, не смогу это сделать.",Other,6,5,unknown
1836,my daughter has been having panic attacks,у моей дочери были приступы паники,Family Issues,2,1,family
1050,i haven't seen in good shape,я не видел в хорошей форме,"Health, Fatigue, or Physical Pain",3,2,health
460,"hi how are you,i feel very stressful","привет, как дела, я чувствую себя очень напряженным",Other,6,5,unknown
5731,All this stress is wracking my brain and I don't know what to do.,"Весь этот стресс разрушает мой мозг, и я не знаю, что делать.",Emotional Turmoil,6,5,unknown
5504,Work has been so bad lately with all the shopper and my manager never schedules enough people so we are always stressed and overworked.,"В последнее время работа со всеми покупателями была очень плохой, а мой менеджер никогда не составляет достаточное количество людей, поэтому мы всегда напряжены и перегружены работой.",Work,1,0,work
5927,I'm am having much stress.,У меня сильный стресс.,Other,6,5,unknown
1435,I've been feeling stressed about the corona virus,Я чувствую стресс из-за вируса короны,Emotional Turmoil,6,5,unknown
3863,"was pretty frustrated right now, so I thought I'd bring it up to someone/something.","был очень расстроен сейчас, поэтому решил рассказать об этом кому-нибудь/чему-то.",Emotional Turmoil,6,5,unknown
1412,it's been really hard not having my own money since i took a leave of absence.,"мне было очень тяжело не иметь собственных денег, так как я взял отпуск.",Financial Problem,5,4,finance
1311,i'm stressed about finding a job,я в стрессе из-за поиска работы,Work,1,0,work
1361,I'm worried about catching COVID-19 from patients at work.,Я боюсь заразиться COVID-19 от пациентов на работе.,"Health, Fatigue, or Physical Pain",3,2,health
3153,you texting me too much.,ты пишешь мне слишком много сообщений.,Social Relationships,4,3,friends
1474,I've been stressed about finances. It's hard to pay off debt and also just live.,"У меня был стресс из-за финансов. Трудно погасить долг, а также просто жить.",Financial Problem,5,4,finance
3205,I think I might end up spraining it if I don't get a brace for it or something.,"Думаю, я могу его вывихнуть, если не надену корсет или что-то в этом роде.","Health, Fatigue, or Physical Pain",3,2,health
162,college and work have both been pretty stressful.,колледж и работа были довольно напряженными.,School,1,0,work
1783,my boyfriend not having a steady income and us getting behind on our mortgage,"у моего парня нет стабильного дохода, и мы просрочиваем ипотеку",Financial Problem,5,4,finance
5890,"As you can imagine, it's even more dangerous to drive around thoses messes. Infuriating!","Как вы можете себе представить, объезжать эти беспорядки еще опаснее. Возмущает!",Everyday Decision Making,6,5,unknown
3066,work is so ridiculously busy and we have little direction.,"работа настолько загружена, что у нас нет направления.",Work,1,0,work
5961,I don't have a cell phone and probably never will again because since I can't manage my money I can't afford a good one.,"У меня нет мобильного телефона и, вероятно, никогда больше не будет, потому что, поскольку я не умею распоряжаться своими деньгами, я не могу позволить себе хороший телефон.",Financial Problem,5,4,finance
2575,The COVID-19 virus and the effect it's had on my life.,Вирус COVID-19 и его влияние на мою жизнь.,Emotional Turmoil,6,5,unknown
5140,School has been stressful at times and wonderful at other times.,"Время от времени школа была стрессовой, а иногда и прекрасной.",School,1,0,work
2196,"not having a job sometimes stresses me out, but i know i can get one.","Отсутствие работы иногда меня напрягает, но я знаю, что могу ее найти.",Work,1,0,work
983,i have had some problems at work.,у меня были некоторые проблемы на работе.,Work,1,0,work
3526,"He's been fighting himself this past week, each time saying it's over, then extending the deadline by a week.","На прошлой неделе он боролся с самим собой, каждый раз говоря, что все кончено, а затем продлевая срок на неделю.",Other,6,5,unknown
202,COVID-19 Pandemic,COVID-19 пандемия,"Health, Fatigue, or Physical Pain",3,2,health
5990,"I have no money, I'm in debt.","У меня нет денег, я в долгах.",Financial Problem,5,4,finance
3444,I have one of those exhaustion headaches and my back is hurting me.,"У меня одна из тех головных болей от утомления, и у меня болит спина.","Health, Fatigue, or Physical Pain",3,2,health
6101,"I hate looking for jobs, I ruined my credentials and theres nothing to consider about me.","Я ненавижу искать работу, я испортил свои полномочия, и обо мне нечего думать.",Work,1,0,work
6260,So I definately got in a fight with my Dad.,Так что я определенно поссорился с отцом.,Family Issues,2,1,family
4202,"Lay offs are being talked about again, and , of course, I'm antsy about it.","Снова заговорили об увольнениях, и меня это, конечно, беспокоит.",Work,1,0,work
2604,The global pandemic involving the coronavirus has been stressing me out.,Глобальная пандемия коронавируса вызвала у меня стресс.,Other,6,5,unknown
2365,school and upcoming finals,школа и предстоящий финал,School,1,0,work
6117,"On their lives, they could not count enough cash to pay the bill.","За свою жизнь они не смогли насчитать достаточно денег, чтобы оплатить счет.",Financial Problem,5,4,finance
1383,i'm worried that i'm wasting food,"я волнуюсь, что трачу еду зря",Everyday Decision Making,6,5,unknown
1769,My boyfriend and I are currently on a break (per his request).,Мы с моим парнем сейчас на перерыве (по его просьбе).,Social Relationships,4,3,friends
1245,i'm having second thoughts about getting married.,я сомневаюсь в женитьбе.,Social Relationships,4,3,friends
6595,"I have this friend and he doesn't seem really happy, and it's really making me unhappy.","У меня есть друг, и он не выглядит очень счастливым, и это действительно делает меня несчастной.",Social Relationships,4,3,friends
5131,It's so hard with school and stuff.,Это так тяжело со школой и всем остальным.,School,1,0,work
3662,"Sitting alone is quite hard for me, so my practice suffers and I suffer with it.","Мне довольно тяжело сидеть одному, поэтому страдает моя практика, и я страдаю от этого.",Everyday Decision Making,6,5,unknown
4052,I'm getting stressed out at work...,У меня стресс на работе...,Work,1,0,work
6753,"It is hard to feel like I am accomplishing a lot at work because I feel we move so slowly, and my day feels so short.","Трудно чувствовать, что я многого добиваюсь на работе, потому что мне кажется, что мы движемся так медленно, а мой день кажется таким коротким.",Work,1,0,work
2302,planning a meal,планирование еды,Everyday Decision Making,6,5,unknown
2936,"Well, it has been difficult staying at home.","Да, было трудно оставаться дома.",Emotional Turmoil,6,5,unknown
181,"Coronavirus has been stressing me out. I'm afrain to get sick, I cannot work and i am st","Коронавирус вызвал у меня стресс. Боюсь заболеть, не могу работать и мне плохо","Health, Fatigue, or Physical Pain",3,2,health
1745,my boss has been hounding me about this project i'm on.,"мой босс преследовал меня по поводу проекта, над которым я работаю.",Work,1,0,work
3096,"work, can't stand these lazy kids i work with.","работа, терпеть не могу этих ленивых детей, с которыми работаю.",Work,1,0,work
2672,the situation that has been stressing me out is work it's crazy,"ситуация, которая меня напрягает, это работа, это безумие",Work,1,0,work
356,glad this day is over.,"рад, что этот день закончился.",Other,6,5,unknown
5845,"I'm very frustrated right now, as I do get from time to time, because of the worries of the future pressing on me.","Сейчас я очень расстроен, как и время от времени, из-за беспокойства о будущем, давящего на меня.",Everyday Decision Making,6,5,unknown
2521,The Coronavirus and safety of my family,Коронавирус и безопасность моей семьи,Family Issues,2,1,family
1761,my boss refuses to give me a straight answer about when a project is due,мой начальник отказывается дать мне прямой ответ о сроках сдачи проекта,Work,1,0,work
2201,not having enough staff to complete the job and therefore no money coming in.,"не хватает персонала для выполнения работы и, следовательно, не поступает денег.",Financial Problem,5,4,finance
581,I am really stressed about starting online classes because I won't be motivated,"Я очень переживаю из-за начала онлайн-занятий, потому что у меня нет мотивации.",School,1,0,work
4937,I'm nervous cuz interim reports come out soon for school and im failing psychology cuz mr.,"Я нервничаю, потому что скоро выйдут промежуточные отчеты по школе, а у меня провал по психологии, потому что мистер.",School,1,0,work
5668,This whole thing has been making my life so stressful.,Все это делает мою жизнь такой напряженной.,Other,6,5,unknown
5309,i had crappy rude customers and it was really busy.,"у меня были дерьмовые грубые клиенты, и он был очень занят.",Work,1,0,work
3428,i've been having a real hard time sleeping without him next to me.,мне было очень трудно спать без него рядом со мной.,Social Relationships,4,3,friends
3955,I had to call out of work yesteraday to finish my project which I sucked at ne ways.,"Вчера мне пришлось позвонить с работы, чтобы закончить проект, в котором я в некоторых отношениях провалился.",Work,1,0,work
3713,simply planing a meal,просто планирую еду,Everyday Decision Making,6,5,unknown
5160,"i'm sick of school, and how stressful this last week is going to be.","Мне надоела школа, и какой стрессовой будет последняя неделя.",School,1,0,work
1237,im having a hard time a work my boss is being awful,"у меня тяжелые времена на работе, мой босс ведет себя ужасно",Work,1,0,work
6686,i miss him a lil and due to the current events of my parents i'm missing him more than i would be,"я немного скучаю по нему, и из-за текущих событий моих родителей я скучаю по нему больше, чем хотелось бы",Family Issues,2,1,family
4249,my work has just really been putting me in a not so happy place.,моя работа действительно поставила меня в не очень счастливое положение.,Work,1,0,work
256,enough money for retirement,достаточно денег для пенсии,Financial Problem,5,4,finance
1991,my love life. i can't stop. i won't stop. not sure if this feeling will ever go away.,"моя личная жизнь. я не могу остановиться. я не остановлюсь. не уверен, что это чувство когда-нибудь исчезнет.",Social Relationships,4,3,friends
388,having family issues,проблемы в семье,Family Issues,2,1,family
1001,i have no money and i don't know how i am going to pay bills.,"У меня нет денег, и я не знаю, как я буду платить по счетам.",Financial Problem,5,4,finance
3814,I have been having pain in my left foot,У меня болит левая нога,"Health, Fatigue, or Physical Pain",3,2,health
6455,i guess the biggest battle I have now is what do i do with the rest of my college life?,"Думаю, самая большая битва, которую я веду сейчас, это то, что мне делать с остальной частью моей студенческой жизни?",School,1,0,work
4421,"Please, nobody talk to me about labyrinth camp because I am extremely busy right now as well as stressed out.","Пожалуйста, никому не говорите со мной о лагере-лабиринте, потому что я сейчас очень занят и нахожусь в стрессе.",Everyday Decision Making,6,5,unknown
6415,"I have a lot of work ahead of me, it's making me tired just thinking about it.","У меня впереди много работы, и я утомляюсь, просто думая об этом.",Work,1,0,work
6190,my mom is really bothering me.,моя мама меня очень беспокоит.,Family Issues,2,1,family
4784,"Tonight, dinner wasn't ready when I got home and I had to make it.","Сегодня вечером, когда я вернулся домой, ужин еще не был готов, и мне пришлось его приготовить.",Other,6,5,unknown
4437,"busy crappy days, ya kno. so many things to do, so little time, so little sleep.","насыщенные дерьмовые дни, да. так много дел, так мало времени, так мало сна.",Everyday Decision Making,6,5,unknown
3357,"The ensuing conversation I am about to recount prevented me from sleeping for a full two days, and has permanently and irreversibly scarred me.","Последовавший за этим разговор, который я собираюсь рассказать, не позволил мне спать целых два дня и навсегда и необратимо травмировал меня.",Emotional Turmoil,6,5,unknown
5674,my MIriam quit. I'm concerned for her because its a medical issue but it made me frazzled a bit.,"моя Мириам ушла. Я беспокоюсь за нее, потому что это медицинская проблема, но это меня немного измотало.","Health, Fatigue, or Physical Pain",3,2,health
2119,my upcoming trip to denver got cancelled and my govball tickets were cancelled!,"мою предстоящую поездку в Денвер отменили, и мои билеты на говбол были аннулированы!",Other,6,5,unknown
2921,well i recently got by a truck and cnnot work.,"ну, недавно я проехал на грузовике и не могу работать.","Health, Fatigue, or Physical Pain",3,2,health
1151,i use my mobile as stress buster for m problem in my life.,Я использую свой мобильный телефон как средство от стресса при возникновении проблем в моей жизни.,Other,6,5,unknown
4406,"Today was sooooo stressful, and I still feel like I could't get everything done if I tried. geuh.","Сегодня был оооочень напряженный день, и я до сих пор чувствую, что не смог бы сделать все, даже если бы попытался. ух.",Work,1,0,work
6421,NOT ENOUGH HOURS IN THE FUCKING DAY TO DO WHAT NEEDS TO BE DONE!!!,"НЕ ХВАТАЕТ ЧАСОВ В ДЕНЬ, ЧТОБЫ СДЕЛАТЬ ТО, ЧТО НУЖНО СДЕЛАТЬ!!!",Everyday Decision Making,6,5,unknown
6006,my bank account is running out of money.,на моем банковском счете заканчиваются деньги.,Financial Problem,5,4,finance
928,I have been stressed out about COVID-19,Я был в стрессе из-за COVID-19,Emotional Turmoil,6,5,unknown
4884,I'm scared of going back to school and facing all those exams.,Я боюсь вернуться в школу и сдать все эти экзамены.,School,1,0,work
2546,the coronavirus situation taking away my gigs,ситуация с коронавирусом отменяет мои выступления,Work,1,0,work
1728,my aunt passed and i'm trying write an eulogy.,"моя тетя умерла, и я пытаюсь написать панегирик.",Family Issues,2,1,family
3433,"As of late, you have been experiencing untold stress and this is a result of continuous frustration.","В последнее время вы испытываете невыразимый стресс, и это результат постоянного разочарования.",Emotional Turmoil,6,5,unknown
5841,The entire Virginia Tech massacre deeply disturbed me.,Вся резня в Технологическом институте Вирджинии глубоко встревожила меня.,Emotional Turmoil,6,5,unknown
2132,my work has been stressing me lately my friend. the current project is really demanding.,"моя работа в последнее время вызывает у меня стресс, мой друг. текущий проект действительно требовательный.",Work,1,0,work
2694,"the usual, family work, my health","обычное дело, семейная работа, мое здоровье",Family Issues,2,1,family
4757,"Ecept on of the managers is always asking why I'm not eating and I always say something like ""I had a big breakfast"" or ""I'm going out after work"".","За исключением того, что кто-то из менеджеров всегда спрашивает, почему я не ем, и я всегда говорю что-то вроде «Я плотно позавтракал» или «Я иду куда-нибудь после работы».",Other,6,5,unknown
1913,my house build - i've been continuing to run into issues with the construction manager.,строительство моего дома - у меня продолжают возникать проблемы с руководителем строительства.,Everyday Decision Making,6,5,unknown
634,I am stressing about my recovery from my surgery,Я переживаю по поводу восстановления после операции,"Health, Fatigue, or Physical Pain",3,2,health
4947,"I can't get my head round school work even though I don't have a vast amount, I just can't focus on it.","Я не могу сосредоточиться на школьной работе, хотя у меня нет большого количества занятий, я просто не могу сосредоточиться на ней.",School,1,0,work
5941,I just feel really icky mentally. I'm drained and my patience is wearing thin and I'm stressed as hell and just pissed off.,"Я просто чувствую себя очень плохо морально. Я истощен, мое терпение на исходе, я чертовски напряжен и просто зол.",Emotional Turmoil,6,5,unknown
1632,life has been stressing today.,жизнь сегодня напряжена.,Other,6,5,unknown
5530,My dad told me about at christmas time when you were talking to him about how you were worried about me.,"Мой отец рассказал мне о том, как на Рождество ты говорила с ним о том, как ты беспокоилась за меня.",Social Relationships,4,3,friends
4403,actually my whole life is one of those hard to explain things. even to myself. lately,на самом деле вся моя жизнь — одна из тех труднообъяснимых вещей. даже себе. недавно,Other,6,5,unknown
2740,Things are tight around here money wise and trying to get a job is difficult,"С деньгами здесь туго, и найти работу сложно.",Work,1,0,work
2490,the amount of work i have to do for grad school,"объем работы, которую мне нужно сделать для поступления в аспирантуру",School,1,0,work
4734,everytime i think something is done with i find out there's another problem to have to deal with.,"Каждый раз, когда я думаю, что с чем-то покончено, я обнаруживаю, что есть еще одна проблема, с которой нужно разобраться.",Everyday Decision Making,6,5,unknown
3252,"Suki is losing weight again, and I don't know what to do.","Сьюки снова худеет, и я не знаю, что делать.",Social Relationships,4,3,friends
5192,"due to awkwardness and activity and break and such, i haven't been intimate with him in over 2 weeks.","из-за неловкости, активности, перерывов и прочего я не была с ним в интимных отношениях уже более двух недель.",Social Relationships,4,3,friends
4673,I've done NOTHING today mostly because there is so much to do here at the house and I have no clue where to start.,"Сегодня я НИЧЕГО не сделал, главным образом потому, что здесь, в доме, так много дел, что я понятия не имею, с чего начать.",Everyday Decision Making,6,5,unknown
2671,THE SITUATION OF A LOT OF PEOPLE BECOMING SICK ALL AROUND THE WORLD AND ME FINDING THE M,"СИТУАЦИЯ: МНОГИЕ ЛЮДИ ЗАБОЛЕВАЮТ ПО ВСЕМУ МИРУ, А Я НАХОДЮ М.","Health, Fatigue, or Physical Pain",3,2,health
3596,"Or, worse yet, one of us gets injured.","Или, что еще хуже, один из нас получает травму.","Health, Fatigue, or Physical Pain",3,2,health
622,i am stressed out about my daughter's health issues.,меня беспокоят проблемы со здоровьем моей дочери.,Family Issues,2,1,family
4428,"We all have such contrasting schedules, it's kind of hard to find time to practice.","У нас у всех такие контрастные графики, что сложно найти время для тренировок.",Social Relationships,4,3,friends
4238,My money is now a issue and possible being screwed over like my parents are.,"Мои деньги теперь являются проблемой, и их могут обмануть, как и моих родителей.",Financial Problem,5,4,finance
255,eating well,хорошо питаюсь,"Health, Fatigue, or Physical Pain",3,2,health
6442,I just don't have the mental discipline to constantly keep up with updating them.,"Мне просто не хватает умственной дисциплины, чтобы постоянно обновлять их.",Other,6,5,unknown
1542,i've lately been stressed about money,в последнее время у меня стресс из-за денег,Financial Problem,5,4,finance
3135,worrying about my ddaughter getting into school,"беспокоюсь о том, что моя дочь пойдет в школу",Family Issues,2,1,family
6772,"Still won't be able to work though, so I'm losing a whole paycheck because of this.","Но работать все равно не смогу, поэтому теряю из-за этого целую зарплату.",Work,1,0,work
412,hey friend i've been taking care of my mother on a daily and it has me stressed out.,"эй, друг, я каждый день забочусь о своей маме, и это вызывает у меня стресс.",Family Issues,2,1,family
2354,retiring from my job,ухожу с работы,Work,1,0,work
3277,I'm so friggin' tired of being sick.,Я чертовски устал болеть.,"Health, Fatigue, or Physical Pain",3,2,health
3902,Got to work and now I'm in a bad mood.,Пришёл на работу и теперь у меня плохое настроение.,Work,1,0,work
1469,i've been sick lately and need to get to the store for more food.,"Недавно я заболел, и мне нужно сходить в магазин за едой.","Health, Fatigue, or Physical Pain",3,2,health
2139,"my work, i feel disrespected, and under valued, and have been treated unappreciated.","Моя работа, я чувствую, что меня не уважают, недооценивают и со мной обращаются недооцененно.",Work,1,0,work
1941,"my job , its killing me , just dont feel stable in it im worried","моя работа, она меня убивает, просто я не чувствую себя стабильно на ней, я волнуюсь",Work,1,0,work
4414,i dont think i could sit in this house all day doing nothing.,"Я не думаю, что смогу сидеть в этом доме весь день и ничего не делать.",Other,6,5,unknown
3322,I haven't been getting any sleep lately and I am very tired.,В последнее время я не сплю и очень устал.,"Health, Fatigue, or Physical Pain",3,2,health
2513,The corona virus pandemic has been stressing me out.,Пандемия короновируса вызвала у меня стресс.,"Health, Fatigue, or Physical Pain",3,2,health
2349,"recently, my children have been stressing me out with the terrible three's",в последнее время мои дети раздражают меня ужасными тройками,Family Issues,2,1,family
2680,The stupid COVID outbreak,Глупая вспышка COVID,"Health, Fatigue, or Physical Pain",3,2,health
3392,My ankle has been bothering each time I stand on it so I think I also have a sprained ankle.,"Моя лодыжка беспокоила каждый раз, когда я на нее вставал, поэтому я думаю, что у меня тоже вывихнута лодыжка.","Health, Fatigue, or Physical Pain",3,2,health
5852,"my mom and my brother constantly fight, over the stupidest things.",моя мама и мой брат постоянно ссорятся из-за самых глупых вещей.,Family Issues,2,1,family
4929,"So now I'm on two weeks study leave, and then my two exams in one day.","Итак, сейчас я в двухнедельном учебном отпуске, а потом сдаю два экзамена в один день.",School,1,0,work
6019,"However, I can't pay for the GED yet because I don't get enough hours at work.","Однако я пока не могу оплатить GED, потому что у меня недостаточно часов на работе.",Financial Problem,5,4,finance
144,cant figure out what to do in the job or task,"не могу понять, что делать в работе или задаче",Work,1,0,work
1414,its been tough at work,было тяжело на работе,Work,1,0,work
2247,oh my gosh! i have been drowning in school work.,о боже мой! я тонул в школьной работе.,School,1,0,work
2028,My parents contracting Covid-19,Мои родители заразились Covid-19,Family Issues,2,1,family
6530,"i will have to do some studying up on wednesday, which is conveniently my day off.","Мне придется немного поучиться в среду, и это удобно, что у меня выходной.",School,1,0,work
2371,school football stress headache,"школьный футбол, стресс, головная боль","Health, Fatigue, or Physical Pain",3,2,health
4961,"I return to school tomorrow, that sucks.","Завтра я вернусь в школу, это отстой.",School,1,0,work
6082,He made everyone in debt and he couldn't walk.,Он всех задолжал и не мог ходить.,Financial Problem,5,4,finance
4580,"Today I need to clean my room, it's an absolute mess, even by my standards.","Сегодня мне нужно убрать в комнате, это полный беспорядок, даже по моим меркам.",Everyday Decision Making,6,5,unknown
2138,my work situation,моя рабочая ситуация,Work,1,0,work
2780,this morning was stressful my son wouldn't listen. he ended up being late to school eff!,"сегодня утро было напряженным, мой сын не слушал. в итоге он опоздал в школу, эфф!",Family Issues,2,1,family
4242,My schedule is all hard classes and I'm not sure how it's going to play out.,"В моем графике только тяжелые занятия, и я не уверен, как все пойдет.",School,1,0,work
3371,But now I'm tired..and my back hurts for some reason.,Но сейчас я устал... и у меня почему-то болит спина.,"Health, Fatigue, or Physical Pain",3,2,health
5655,"Usually I wouldn't publicly post something like this, but I let my frustration get out of hand today and I said some things that I now regret.","Обычно я бы не публиковал что-то подобное публично, но сегодня я позволил своему разочарованию выйти из-под контроля и сказал некоторые вещи, о которых теперь сожалею.",Emotional Turmoil,6,5,unknown
436,"hey, i called you three times last week no answer, what's the problem?","эй, я звонил тебе три раза на прошлой неделе, но не ответил, в чем проблема?",Social Relationships,4,3,friends
6240,my mom started crying and she said it hurts that my sister didnt go to her for this kinda stuff.,"моя мама заплакала и сказала, что мне больно, что моя сестра не пошла к ней за такими вещами.",Family Issues,2,1,family
804,i had to deal with a customer today,мне пришлось иметь дело с клиентом сегодня,Work,1,0,work
2950,we've been struggling financially for awhile.,какое-то время мы испытывали финансовые трудности.,Financial Problem,5,4,finance
2325,problems with my relationship,проблемы с моими отношениями,Emotional Turmoil,6,5,unknown
1810,my co worker has been picking on me,мой коллега придирался ко мне,Work,1,0,work
2691,The uncertainty of when work for school is due.,"Неопределенность того, когда придет время работы в школе.",School,1,0,work
392,Having to deal with cutting staff at work.,Приходится бороться с сокращением персонала на работе.,Work,1,0,work
1264,i'm just so stressed out i just need things to get better i pray for better,"я просто в таком стрессе, мне просто нужно, чтобы все стало лучше, я молюсь о лучшем",Emotional Turmoil,6,5,unknown
1502,i've been stressing over the outcome of my pregnancy and praying all will be well.,"Я переживала из-за исхода моей беременности и молилась, чтобы все было хорошо.","Health, Fatigue, or Physical Pain",3,2,health
448,hi friend school has been so stressful i am in finals and have 3 assignments due,"привет друг, в школе было так напряженно, я на выпускных экзаменах и мне нужно сдать 3 задания",School,1,0,work
478,Hi. I've been stressing about making money.,Привет. Я беспокоился о зарабатывании денег.,Financial Problem,5,4,finance
3515,i've had a headache for a week straight.,у меня уже неделю болит голова.,"Health, Fatigue, or Physical Pain",3,2,health
5325,My depression when my parents started to fight.,"Моя депрессия, когда мои родители начали ссориться.",Emotional Turmoil,6,5,unknown
3593,"This week has been really rough, for some reason I'm super stressed at work and my jaw hurts from unconsciously clenching it all the time.","Эта неделя была очень тяжелой, по какой-то причине я очень напряжен на работе, и у меня болит челюсть от того, что я все время неосознанно ее сжимаю.","Health, Fatigue, or Physical Pain",3,2,health
1327,I'm stressed out about the corona virus.,Я в стрессе из-за короновируса.,"Health, Fatigue, or Physical Pain",3,2,health
300,"Finances, my dad got laid off and i'm only part time","Финансы, моего отца уволили, а я работаю только неполный рабочий день",Financial Problem,5,4,finance
3439,"Crew is hard work and I've basically been sad lately, which is very tiring if you think about it.","Команда — это тяжелая работа, и в последнее время мне очень грустно, и это очень утомительно, если подумать.",Work,1,0,work
4440,i need to go make a list and start cleaning my hopelessly messy room!,мне нужно составить список и начать убирать свою безнадежно грязную комнату!,Everyday Decision Making,6,5,unknown
5809,i just need to sort a lot out and i think its time i got help from people who really know what is wrong with me.,"мне просто нужно во многом разобраться, и я думаю, что пришло время обратиться за помощью к людям, которые действительно знают, что со мной не так.",Social Relationships,4,3,friends
3466,Both of us were sick that day and we were fussy and frustrated as we didn't know what to do and expect.,"В тот день мы оба болели, были суетливы и расстроены, поскольку не знали, что делать и чего ожидать.","Health, Fatigue, or Physical Pain",3,2,health
6339,Angry because I saw the extent of my families HUGE problem communicating with each other.,"Злился, потому что видел ОГРОМНЫЕ проблемы моих семей с общением друг с другом.",Family Issues,2,1,family
939,i have been stressing about going back to school,я переживал по поводу возвращения в школу,School,1,0,work
1841,"my daughter threw a major tantrum on monday night, screaming and crying","в понедельник вечером моя дочь устроила серьёзную истерику, крича и плача",Family Issues,2,1,family
51,All this Covid-19 stuff is really stressing me out.,Все эти разговоры о Covid-19 меня очень напрягают.,Emotional Turmoil,6,5,unknown
5607,"That is to say, my real life one cat was two dream cats and they both died at the same time and I had to bury them.","То есть в моей реальной жизни один кот был двумя котами сна, и они оба умерли одновременно, и мне пришлось их похоронить.",Emotional Turmoil,6,5,unknown
1436,i've been fighting with my husband.,я ссорюсь со своим мужем.,Family Issues,2,1,family
3576,"So tired, weary, and weak.","Такой уставший, утомленный и слабый.","Health, Fatigue, or Physical Pain",3,2,health
5266,You can't stand people ad you don't want to be around them.,Ты терпеть не можешь людей и не хочешь быть рядом с ними.,Social Relationships,4,3,friends
4397,I'm hungry and of course there is nothing in this house to eat.,"Я голоден, и, конечно, в этом доме нечего есть.","Health, Fatigue, or Physical Pain",3,2,health
4908,"I'm quite afraid for uhmm going back to school..because that means exams are coming, and I'm terrified for exams.","Я очень боюсь, хм, вернуться в школу... потому что это означает, что приближаются экзамены, а я боюсь их.",School,1,0,work
635,I am stressing about paying my bills and feeding my family,Я беспокоюсь об оплате счетов и кормлении своей семьи.,Financial Problem,5,4,finance
6527,"School is kicking my ass, i'm not studying enough.","Школа надрала мне задницу, я недостаточно учусь.",School,1,0,work
5080,"I have enough trouble researching papers for class, and those I'm graded on.","У меня достаточно проблем с поиском работ для занятий и тех, по которым мне ставят оценки.",School,1,0,work
5797,i am stressed out and i am lonely.,я в стрессе и мне одиноко.,Emotional Turmoil,6,5,unknown
5630,"if I'm this upset over a cat, what am I going to do when someone I love dies? Fuck.","если я так расстроен из-за кота, что я буду делать, когда умрет тот, кого я люблю? Ебать.",Emotional Turmoil,6,5,unknown
4092,I'm so tired of not knowing what I want to do.,"Я так устал не знать, чем хочу заниматься.",Other,6,5,unknown
424,hey there! im just having trouble finding a job right now.,Привет! у меня просто сейчас проблемы с поиском работы.,Work,1,0,work
1800,my career,моя карьера,Work,1,0,work
6536,Arghh I've just been so stressed out lately. I know it's because of school.,"Ааа, я просто был в таком стрессе в последнее время. Я знаю, что это из-за школы.",School,1,0,work
131,budget cuts at work,сокращение бюджета на работе,Work,1,0,work
2290,paying my mortgage cause im way behind,"плачу ипотеку, потому что я сильно отстаю",Financial Problem,5,4,finance
1708,money! i shouldn't have loaned to family when things are so tight,"деньги! мне не следовало давать взаймы семье, когда дела такие тяжелые",Family Issues,2,1,family
4568,"hm, dinner with christopher the night before last was hard.","хм, ужин с Кристофером позапрошлой ночью был тяжелым.",Social Relationships,4,3,friends
6172,smaka had problems with his baby i think.,"Я думаю, у Смаки были проблемы с ребенком.",Family Issues,2,1,family
3849,what's happening after this school year is scaring me.,"то, что происходит после этого учебного года, меня пугает.",School,1,0,work
6072,I found out my dad Is losing his job.,"Я узнал, что мой отец теряет работу.",Family Issues,2,1,family
5365,I'm tired of feeling like i'm bipolar in decisions that i make in my life.,"Я устал чувствовать себя биполярным в решениях, которые принимаю в своей жизни.",Emotional Turmoil,6,5,unknown
1652,Losing my job and not being able to apply for unemployment in my state.,Потеряю работу и не смогу подать заявление на пособие по безработице в моем штате.,Financial Problem,5,4,finance
2129,my wife left me for a younger man.,моя жена ушла от меня к более молодому мужчине.,Family Issues,2,1,family
4535,the thought of food made me feel sick. lately,мысль о еде вызывала у меня тошноту. недавно,"Health, Fatigue, or Physical Pain",3,2,health
2696,The virus going around,Вирус ходит вокруг,"Health, Fatigue, or Physical Pain",3,2,health
518,i am anxious about whether my son is going to get a job offer.,"Я беспокоюсь о том, получит ли мой сын предложение о работе.",Family Issues,2,1,family
3102,Work.  It makes no sense how little the boss cares for her staff.,"Работа.  Не имеет смысла, как мало начальник заботится о своих сотрудниках.",Work,1,0,work
6355,It's sad that Uncle Gerrald's family won't be able to come down this year.,"Печально, что семья дяди Джеральда не сможет приехать в этом году.",Family Issues,2,1,family
1962,my job isn't paying me enough to make ends meat.,"моя работа не платит мне достаточно, чтобы свести концы с концами.",Financial Problem,5,4,finance
5676,"maybe stress, anxiety, wahtever but i cant keep doing this.","может быть, стресс, беспокойство, что угодно, но я не могу продолжать это делать.",Emotional Turmoil,6,5,unknown
3513,I've been getting painful headaches these past couple of weeks.,Последние пару недель меня мучили головные боли.,"Health, Fatigue, or Physical Pain",3,2,health
1916,my husband got laid off from his job.,моего мужа уволили с работы.,Financial Problem,5,4,finance
5047,"I am failing a class already, and I have to make that up by tomorrow but I also have a paper due tomorrow that I haven't even looked at yet.","Я уже провалил урок, и мне нужно исправить это к завтрашнему дню, но у меня также есть работа, которую нужно сдать завтра, которую я еще даже не просмотрел.",School,1,0,work
5790,I don't know what to do with my life and I just feel lost.,"Я не знаю, что делать со своей жизнью, и чувствую себя потерянным.",Everyday Decision Making,6,5,unknown
3474,I think I'm gaining weight tho.,"Хотя мне кажется, что я набираю вес.","Health, Fatigue, or Physical Pain",3,2,health
5079,This weeks gonna be tough with trying to get ready for school and all.,Эта неделя будет трудной: нужно подготовиться к школе и все такое.,School,1,0,work
33,a recent stressful situation that i have experienced is being overworked.,"недавняя стрессовая ситуация, которую я пережил, связана с переутомлением.",Work,1,0,work
2635,the new assistant at the lab is not really helpful,новый помощник в лаборатории бесполезен,Work,1,0,work
434,hey! work is making me crazy.,привет! работа сводит меня с ума.,Work,1,0,work
5157,im going to miss some of my friends so incredibally much when i go to college.,"Я буду невероятно скучать по некоторым из моих друзей, когда пойду в колледж.",Social Relationships,4,3,friends
2705,the weather is crazy,погода сумасшедшая,Other,6,5,unknown
4314,"The end of the semester projects are starting to pile up, and I can sense myself becoming stressed.","Конец семестра проектов начинает накапливаться, и я чувствую, что испытываю стресс.",School,1,0,work
5816,"I am too keyed up an distractable, all the time, terrified about everything I haven't done that I should do.","Я слишком взволнован, постоянно отвлекаюсь и боюсь всего, что не сделал, но должен был сделать.",Emotional Turmoil,6,5,unknown
4096,im starting to get really frustrated with this school again.,Я снова начинаю сильно разочаровываться в этой школе.,School,1,0,work
4921,"So, I went to class, finding out that we have a test tomorrow that I was unaware of..apparently I'm a dumbass.","Итак, я пошел в класс и узнал, что завтра у нас контрольная, о которой я не знал... видимо, я тупой.",School,1,0,work
5153,"I have a feeling I'm falling behind in school, and I'm finding it difficult to get back on track.","У меня такое ощущение, что я отстаю в учебе, и мне трудно вернуться в нужное русло.",School,1,0,work
2952,what do you do with people who give you conflicting information or keep changing information?,"что вы делаете с людьми, которые предоставляют вам противоречивую информацию или постоянно меняют информацию?",Social Relationships,4,3,friends
1545,ive taken my final but think i may have failed it.,"Я сдал выпускной экзамен, но думаю, что, возможно, провалил его.",School,1,0,work
1587,just stuff with work,просто дела с работой,Work,1,0,work
2565,The COVID-19 pandemic is really stressing me out. My state should do a full lockdown.,Пандемия COVID-19 меня очень напрягает. Моему штату следует ввести полную изоляцию.,"Health, Fatigue, or Physical Pain",3,2,health
111,being stuck at home watching nothing but news on the coronavirus!,сидеть дома и смотреть только новости о коронавирусе!,"Health, Fatigue, or Physical Pain",3,2,health
4481,I've been working too much and not spending enough time with my friends.,Я слишком много работал и мало времени провожу с друзьями.,Work,1,0,work
6820,My mom is freaking out about it and it's really pissing me off.,"Моя мама бесится из-за этого, и это меня очень бесит.",Family Issues,2,1,family
3133,worrying about money and either i can pay my bills,"беспокоюсь о деньгах и о том, как я смогу оплатить свои счета",Financial Problem,5,4,finance
3725,Well I am not enjoying my work at the time because things are slow and layoffs may come.,"Что ж, в настоящее время мне не нравится моя работа, потому что дела идут медленно и могут произойти увольнения.",Work,1,0,work
2342,recently it has been my relationship.,недавно это были мои отношения.,Social Relationships,4,3,friends
951,i have been stressing out about work and my health.,я переживал из-за работы и своего здоровья.,Work,1,0,work
1588,Just the current situation that is going on all around the world.,"Просто текущая ситуация, которая происходит во всем мире.",Other,6,5,unknown
3239,"! I'm in major pain, via my back.",! У меня сильная боль в спине.,"Health, Fatigue, or Physical Pain",3,2,health
3035,Work has been stressing me out. I am scared I will loose my job and not work,"Работа меня напрягала. Я боюсь, что потеряю работу и не буду работать",Work,1,0,work
4486,i realized that i really have no self control when it comes to me finishing food.,"Я понял, что у меня действительно нет самоконтроля, когда дело доходит до еды.","Health, Fatigue, or Physical Pain",3,2,health
2143,My workplace is no longer safe as they cannot provide the proper PPE,"Мое рабочее место больше не является безопасным, поскольку они не могут предоставить надлежащие средства индивидуальной защиты.",Work,1,0,work
6323,"Grandma has dementia, and it was getting really bad.","У бабушки слабоумие, и ситуация становилась совсем плохой.",Family Issues,2,1,family
364,got a bill to pay and not sure how :(,получил счет на оплату и не знаю как :(,Financial Problem,5,4,finance
3060,work is just really hectic lately,работа в последнее время очень беспокойная,Work,1,0,work
4459,I can't do everything I have lined up on my plate?,"Я не могу сделать все, что у меня на тарелке?",Other,6,5,unknown
706,i can't get anyone else in the tulsa lp to do anything.,Я не могу заставить кого-либо еще из Tulsa LP что-либо сделать.,Work,1,0,work
961,i have been trying to sort out my manuscript,я пытался разобраться в своей рукописи,Work,1,0,work
4806,I'm not good at witting down every thing I eat or all the exercising that I do.,"У меня не получается записывать все, что я ем или все упражнения, которые делаю.",Other,6,5,unknown
6571,That evening was a bunch of stress about where I was eating dinner with my family and who would be coming to dinner.,"В тот вечер было много стрессов из-за того, где я ужинаю с семьей и кто придет на ужин.",Family Issues,2,1,family
4718,"Like when I said ""I'm stressed, so I'm eating.","Например, когда я сказал: «У меня стресс, поэтому я ем.",Emotional Turmoil,6,5,unknown
3333,"Yeah, I've been really busy, and really super stressed out lately. .","Да, я был очень занят и очень напряжен в последнее время. .",Emotional Turmoil,6,5,unknown
645,I am stuck at home because of the coronavirus!,Я застрял дома из-за коронавируса!,Emotional Turmoil,6,5,unknown
6807,"I'm just stressed because I'm scared to leave everyone, because my parents are angry with me, because I'm sick, etc.","Я просто в стрессе, потому что боюсь уйти от всех, потому что родители на меня злятся, потому что я болею и т. д.","Health, Fatigue, or Physical Pain",3,2,health
2788,this supervisor is getting on my last nerve!,этот руководитель действует мне на нервы!,Work,1,0,work
6252,My mom gets so stressy and bitchy during the holidays and then she takes it all out on me and yells at me.,"Моя мама становится такой нервной и раздражительной во время каникул, а потом вымещает все это на мне и кричит на меня.",Family Issues,2,1,family
5329,"I felt so sick today and my mom wouldn't come pick me up, goddamn, suck my ass.","Мне сегодня было так плохо, а мама не хотела меня забирать, черт возьми, сосать мою задницу.",Family Issues,2,1,family
2873,trying to teach and work from home is more work. It sucks.,пытаться преподавать и работать дома — это больше работы. Это отстой.,Work,1,0,work
5141,School is overwhelming and I've missed a couple of deadlines because I haven't quite settled into a routine yet.,"Школа утомительна, и я пропустил пару сроков, потому что еще не совсем вошел в распорядок дня.",School,1,0,work
5169,i spend my time a. being in school. b. doing homework for school. c. dreading the moment,я провожу время а. находясь в школе. б. делаю домашнее задание для школы. в. боясь этого момента,School,1,0,work
2995,work has been awful lately and I really want to quit,"работа в последнее время была ужасной, и я очень хочу уволиться",Work,1,0,work
1115,i need to find a job asap to get money.,"мне нужно найти работу как можно скорее, чтобы получить деньги.",Financial Problem,5,4,finance
3737,Work has been super stressfull lately,Работа в последнее время очень напряженная,Work,1,0,work
2405,selling our business,продаем наш бизнес,Work,1,0,work
5347,"just between you and me i'm getting really sick of my roommate, pat.","между нами, мне очень надоел мой сосед по комнате, Пэт.",Social Relationships,4,3,friends
2193,not having a good paid job.,не иметь хорошо оплачиваемой работы.,Work,1,0,work
1137,"i stress out about money, i wish i had more.","Я переживаю из-за денег, мне бы хотелось, чтобы их было больше.",Financial Problem,5,4,finance
4723,IM REALLY HUNGRY AND THERES NO FOOD LEFT IN MY HOUSE CAUSE I ATE JUST ABOUT UH..ALL OF IT?,"Я ДЕЙСТВИТЕЛЬНО ГОЛОДЕН, И В МОЕМ ДОМЕ НЕ ОСТАЛОСЬ ЕДЫ, ПОТОМУ ЧТО Я СЪЕЛ ЕЕ ПРИМЕЧАТЕЛЬНО... ВСЮ?",Everyday Decision Making,6,5,unknown
2700,The virus situation is way out of hand.,Ситуация с вирусом вышла из-под контроля.,Emotional Turmoil,6,5,unknown
6119,It's weird to be done so early but we are poor so I did not have much to buy.,"Странно, что мы закончили так рано, но мы бедны, поэтому мне особо нечего было купить.",Financial Problem,5,4,finance
6653,"I'm just having a bad couple of days, and feeling sorry for myself.","У меня просто плохие дни, и мне жаль себя.",Emotional Turmoil,6,5,unknown
6639,he worries about our financial situation if we get married.,"он беспокоится о нашем финансовом положении, если мы поженимся.",Financial Problem,5,4,finance
1332,i'm stressed out thinking about work.,"я в стрессе, думая о работе.",Work,1,0,work
4036,"I'm contemplating whether to wuit my job or not, becuz i have so much crap going on.","Я раздумываю, уйти с работы или нет, потому что у меня столько дерьма происходит.",Work,1,0,work
1839,my daughter is spending way too much money and causing me financial stress.,моя дочь тратит слишком много денег и вызывает у меня финансовый стресс.,Family Issues,2,1,family
3974,I have recently been at a loss for words which is weird because i have a lot on my mind.,"В последнее время я не могу найти слов, что странно, потому что у меня много мыслей.",Emotional Turmoil,6,5,unknown
3052,work is busy and i'm not getting it done on time,"работа занята, и я не успеваю сделать ее вовремя",Work,1,0,work
2421,some drama in my wife's family,какая-то драма в семье моей жены,Family Issues,2,1,family
377,have been having this issues resting after work like my whole body needs a massage,"у меня были проблемы с отдыхом после работы, как будто все мое тело нуждается в массаже","Health, Fatigue, or Physical Pain",3,2,health
649,i am trying to balance my finances with the hobbies i want to partake in.,"я пытаюсь сбалансировать свои финансы с хобби, которыми я хочу заниматься.",Financial Problem,5,4,finance
4088,I'm SO mad about not being able to get that job.,"Я ТАК злюсь из-за того, что не могу получить эту работу.",Work,1,0,work
4586,Today was such I stressed out day.,Сегодня был такой напряженный день.,Everyday Decision Making,6,5,unknown
2483,The abrupt stopping of all client calls has me very nervous at this point!!,Резкое прекращение всех звонков клиентов заставило меня очень нервничать в этот момент!!,Work,1,0,work
6250,jacki's dad is going in for surgery tomorrow.,завтра папе Джеки предстоит операция.,"Health, Fatigue, or Physical Pain",3,2,health
49,all these exams i have coming up and no time to study!,"У меня впереди все эти экзамены, а времени на учебу нет!",School,1,0,work
6096,"It's so frustrating, because you have to pay them so much money, just so they'll take your money.","Это так неприятно, потому что вам приходится платить им столько денег только для того, чтобы они забрали ваши деньги.",Financial Problem,5,4,finance
811,i have a big problem at my work place. do you have time to spend with me.,у меня большая проблема на работе. у тебя есть время провести со мной?,Work,1,0,work
4624,It seems like things always just shit on you whenever you do anything.,"Кажется, что вещи всегда просто гадят на тебя, когда ты что-то делаешь.",Everyday Decision Making,6,5,unknown
2885,"ugh.  it's so slow at work, so i'm not making much money.","фу.  на работе так медленно, поэтому я мало зарабатываю.",Financial Problem,5,4,finance
6489,im so scared for school coming up just cuz of the classes and shit.,"Я так боюсь приближаться школы, просто из-за уроков и прочего.",School,1,0,work
2436,Staying home all the time is really frustrating.,Постоянно сидеть дома очень неприятно.,Emotional Turmoil,6,5,unknown
3978,"I have to go to work now and really, that's kind of sad.","Мне пора идти на работу, и правда, это немного грустно.",Work,1,0,work
980,i have had a lot of hours at work.,я провел много часов на работе.,Work,1,0,work
3291,"So now i'm very tired, and i don't cope well with lack of sleep, it makes me sad.","Так что сейчас я очень устал и плохо справляюсь с недосыпанием, мне это грустно.","Health, Fatigue, or Physical Pain",3,2,health
908,i have been stressed about getting a promotion,я был в стрессе из-за повышения по службе,Work,1,0,work
716,i can't seem to get caught up on anything around the house.,"Кажется, я не могу отвлекаться ни от чего в доме.",Everyday Decision Making,6,5,unknown
654,I am unable to travel to see family,"Я не могу поехать, чтобы увидеть семью",Family Issues,2,1,family
802,i had some problems at work.,у меня были некоторые проблемы на работе.,Work,1,0,work
6273,today i went to school i fucking woke up late because of my stupid dad i fuckin hate him..,"сегодня я пошел в школу, я чертовски поздно проснулся из-за моего глупого отца, я чертовски его ненавижу..",Family Issues,2,1,family
5783,"The young girl, Terra, was upset and spent my time with her trying to console her.","Молодая девушка Терра была расстроена и проводила с ней все время, пытаясь ее утешить.",Social Relationships,4,3,friends
6732,I've been under so much stress lately.,В последнее время у меня такой сильный стресс.,Emotional Turmoil,6,5,unknown
703,I can't find a job because of the coronavirus pandemic,Не могу найти работу из-за пандемии коронавируса,Work,1,0,work
2685,the things that has been stressing me out is trying to be able to live on my own.,"Единственное, что меня напрягало, это попытка жить самостоятельно.",Financial Problem,5,4,finance
4182,"I've just been doing a lot of thinking lately, and that's never good.","В последнее время я много думаю, и это никогда не бывает хорошо.","Health, Fatigue, or Physical Pain",3,2,health
695,i cannot get anyone at the main office at work to answer my questions.,Я не могу заставить кого-либо в главном офисе на работе ответить на мои вопросы.,Work,1,0,work
2640,The pandemic,Пандемия,"Health, Fatigue, or Physical Pain",3,2,health
1739,my boss constantly undermines my work in front of others.,мой начальник постоянно подрывает мою работу на глазах у других.,Work,1,0,work
5902,"My girlfriend's been going through a tough emotional time now and she's been feeling overloaded with everyone else's problems, so she kind of burrowed into her shell for a bit.","Моя девушка сейчас переживает тяжелые эмоциональные времена, и она чувствует себя перегруженной проблемами других, поэтому она на некоторое время как бы зарылась в свою раковину.",Emotional Turmoil,6,5,unknown
1881,my financial situation was been worrying me. i feel useless.,мое финансовое положение беспокоило меня. я чувствую себя бесполезным.,Financial Problem,5,4,finance
6011,"Of course, on a related note, I'm starting to be concerned about my money.","Конечно, я начинаю беспокоиться о своих деньгах.",Financial Problem,5,4,finance
5944,It's really traumatic for me in a lot of ways right now.,Это действительно травмирует меня во многих отношениях сейчас.,Emotional Turmoil,6,5,unknown
6000,It's a shame that I don't manage my money very well.,"Жаль, что я плохо распоряжаюсь своими деньгами.",Financial Problem,5,4,finance
275,"family drama mostly, having to deal with the kid.","В основном семейная драма, когда приходится иметь дело с ребенком.",Family Issues,2,1,family
4279,"School has become a chore- a constant assignment and headache, that I suffer through and try to forget.","Школа превратилась в рутинную работу: постоянные задания и головная боль, от которых я страдаю и пытаюсь забыть.",School,1,0,work
2048,my relationship with a long term friend has changed drastically and idk how to fix it,"мои отношения с давним другом резко изменились, и я не знаю, как это исправить",Social Relationships,4,3,friends
6246,My mom is really starting to irk me.,Моя мама действительно начинает меня раздражать.,Family Issues,2,1,family
2293,People are polluting my life with their goofy garbage.,Люди загрязняют мою жизнь своим глупым мусором.,Social Relationships,4,3,friends
800,i had an direct debit on my account for car insurance and didn't have enough money,"у меня был прямой дебет на моем счете по страхованию автомобиля, и у меня не было достаточно денег",Financial Problem,5,4,finance
6108,Now i HAVE to get a job asap to help with my payments.,"Теперь мне НУЖНО как можно скорее устроиться на работу, чтобы помочь с выплатами.",Financial Problem,5,4,finance
3183,"Now I feel sick, my back hurts badly, and I have a terrible headache.","Сейчас меня тошнит, сильно болит спина и ужасно болит голова.","Health, Fatigue, or Physical Pain",3,2,health
741,i dont know if i will have enough money for december rent.,"Я не знаю, хватит ли мне денег на декабрьскую аренду.",Financial Problem,5,4,finance
5761,why is it that it's the ones who you love who are the ones who treat me like crap? Hurts a lot and makes me feel proper sad.,"почему именно те, кого ты любишь, обращаются со мной как с дерьмом? Очень больно и мне становится очень грустно.",Emotional Turmoil,6,5,unknown
4680,you are so busy worrying about your daily lives that you do not care about the big picture.,"вы настолько заняты заботами о своей повседневной жизни, что вас не волнует общая картина.",Other,6,5,unknown
4818,"i've been really busy at work, and having my monitor at home crap out on me has made things difficult there too.","Я был очень занят на работе, и из-за того, что мой монитор дома на меня капризничал, это тоже усложнило ситуацию.",Work,1,0,work
5041,Especially when given by a friend whom you have certainly not gotten to spend enough time with recently due to a horrible overload of school work.,"Особенно, когда его дарит друг, с которым в последнее время вам определенно не удается проводить достаточно времени из-за ужасной перегрузки школьной работой.",School,1,0,work
5111,"So, orientation at school was a disaster.","Итак, ориентирование в школе было катастрофой.",School,1,0,work
6081,Need to earn more money. somehow,Нужно зарабатывать больше денег. как-то,Financial Problem,5,4,finance
1815,"my company is down-sizing and since i am just an assistant, i fear my job is in jeopardy","моя компания сокращается, и поскольку я всего лишь помощник, я боюсь, что моя работа окажется под угрозой",Work,1,0,work
2587,"the damn workload i have, and the deadlines.",какая у меня чертова рабочая нагрузка и сроки.,Work,1,0,work
6714,"She's ""really scared for my well being"" and wants me to change my ways??????","Она «действительно боится за мое благополучие» и хочет, чтобы я изменил свое поведение??????",Social Relationships,4,3,friends
6054,I need to be paid more because I'm broke and I just got a bunch of bills and it makes me so sad.,"Мне нужно платить больше, потому что я разорен, и у меня только что появилась куча счетов, и это меня так расстраивает.",Financial Problem,5,4,finance
143,can't figure out how to pay for my books,"не могу понять, как оплатить мои книги",School,1,0,work
6707,It has caused me a lot of pain and many trips to the doctor with more trips to come.,"Это причинило мне сильную боль и множество походов к врачу, и еще больше визитов предстоит.","Health, Fatigue, or Physical Pain",3,2,health
1738,"my boss at work, who's extremely inconsiderate.","мой начальник на работе, который крайне невнимателен.",Work,1,0,work
3508,"Unfortunately I had a crappy day, and I have a headache, and I'm tired, and I'm just in no mood to write.","К сожалению, у меня был паршивый день, у меня болит голова, я устал и просто не в настроении писать.","Health, Fatigue, or Physical Pain",3,2,health
6007,We don't have enough to pay bills.,Нам не хватает денег на оплату счетов.,Financial Problem,5,4,finance
4234,My life is getting to be so redundant.,Моя жизнь становится такой ненужной.,Everyday Decision Making,6,5,unknown
4114,In other news I am highly frustrated with my tour guide job.,"Что касается других новостей, я очень разочарован своей работой гида.",Work,1,0,work
937,i have been stressing about getting an internship for the upcoming summer.,"Я беспокоился о том, чтобы пройти стажировку на предстоящее лето.",Work,1,0,work
2900,way too much overtime,слишком много сверхурочной работы,Work,1,0,work
5839,So now I'm in this really shitty mood where I don't feel like I will or can do anything with my life.,"Итак, сейчас я в таком дерьмовом настроении, что не чувствую, что смогу или буду что-то делать со своей жизнью.",Emotional Turmoil,6,5,unknown
3320,"I'm so tired, I haven't gotten much sleep lately.","Я так устал, в последнее время почти не сплю.","Health, Fatigue, or Physical Pain",3,2,health
1601,just work related issues.,"просто вопросы, связанные с работой.",Work,1,0,work
869,"i have been feeling stressed with my caseload at work, on top of going to school.","Я чувствовал стресс из-за своей загруженности на работе, помимо похода в школу.",Work,1,0,work
2719,there is a coworker who is behaving rudely towards me at work.,на работе коллега ведет себя грубо по отношению ко мне.,Work,1,0,work
4850,"Now im slipping in everything, math.. i would be studying for my final today i just couldnt concentrate.","Теперь я проваливаюсь во всем, в математике… сегодня я готовился к выпускному экзамену, но просто не мог сосредоточиться.",School,1,0,work
5205,my friends page is getting on my nerves..its really messed up and i don't know how to fix it!!,"Страница моих друзей действует мне на нервы... она действительно испорчена, и я не знаю, как это исправить!!",Social Relationships,4,3,friends
721,i currently am just very busy. i don't have time for anything but work.,"я сейчас просто очень занят. у меня нет времени ни на что, кроме работы.",Work,1,0,work
4209,longwood is making it especially hard for me to graduate on time.,Из-за Лонгвуда мне особенно трудно закончить школу вовремя.,School,1,0,work
675,i am worried about how sick my daughter is.,"Я беспокоюсь о том, насколько больна моя дочь.","Health, Fatigue, or Physical Pain",3,2,health
608,i am stressed about my wife's death.,я в стрессе из-за смерти моей жены.,Family Issues,2,1,family
2713,The world as it is right now.,"Мир, какой он есть сейчас.",Other,6,5,unknown
850,i have alot of stress about finances right now and being able to pay bills,у меня сейчас много стресса из-за финансов и возможности оплачивать счета,Financial Problem,5,4,finance
5094,I need to get really good grades this year.,Мне нужно получить действительно хорошие оценки в этом году.,School,1,0,work
4184,"I've spent the last couple of days second guessing myself, and beating myself up about making that decision.",Последние пару дней я провел в раздумьях и корил себя за принятие такого решения.,Everyday Decision Making,6,5,unknown
678,I am worried about my health from corona virus.,Я беспокоюсь о своем здоровье из-за вируса короны.,"Health, Fatigue, or Physical Pain",3,2,health
1083,I lost money on Tesla today.,Сегодня я потерял деньги на Tesla.,Financial Problem,5,4,finance
5667,"No more, ""Anna, I need some help with this,"" or, ""Anna, I'm having trouble with this situation."" I need that. I need someone to need me.","Больше никаких «Анна, мне нужна помощь» или «Анна, у меня проблемы с этой ситуацией». Мне это нужно. Мне нужен кто-то, кто будет нуждаться во мне.",Social Relationships,4,3,friends
5898," I was super tired and just didn't feel like being sociable, which you absolutely have to be at my job.","Я очень устал и просто не хотел быть общительным, что совершенно необходимо на моей работе.",Social Relationships,4,3,friends
4931,I have so much work that I missed because of missing class.,"У меня так много работы, которую я пропустил из-за пропуска занятий.",School,1,0,work
5924,"I need help, I need support, I need to talk and I need to be listened to.","Мне нужна помощь, мне нужна поддержка, мне нужно говорить и меня нужно слушать.",Emotional Turmoil,6,5,unknown
3565,But now my lower back hurts from standing for 4 hours.,Но теперь у меня болит поясница от стояния по 4 часа.,"Health, Fatigue, or Physical Pain",3,2,health
1669,manager wants me to change my vacation again!,"менеджер хочет, чтобы я снова поменял отпуск!",Work,1,0,work
988,i have just had alot on my mind with work and finances,я только что много думал о работе и финансах,Work,1,0,work
2572,The COVID-19 stuff is pretty stressful.  Not really sure what to make of it all.,"Ситуация с COVID-19 вызывает довольно большой стресс.  Не совсем уверен, что со всем этим делать.","Health, Fatigue, or Physical Pain",3,2,health
5413,Work basically sucks because I dont get along with the new manager.,"Работа в принципе отстой, потому что я не лажу с новым менеджером.",Work,1,0,work
3134,worrying about my daughter being  sick at college and not there to take care of,"беспокоюсь о том, что моя дочь заболела в колледже и ее не будет рядом, чтобы о ней позаботиться",Family Issues,2,1,family
2938,"well, money's been a little tight, but it'll be fine.  just a temporary issue.","ну, с деньгами немного туго, но всё будет хорошо.  просто временная проблема.",Financial Problem,5,4,finance
5616,BECAUSE I'M GOING INSANE WITH SO MUCH ON MY MIND PISSING ME OFF!,"ПОТОМУ ЧТО Я СХОДЮ С БЕЗУМИЕМ, ЧТО ТАКОЕ МНОГО В МОЕЙ ДУМЕ, МЕНЯ БЕСИТ!",Emotional Turmoil,6,5,unknown
2822,too much work to do,слишком много работы,Work,1,0,work
4916,"School has just been stress, stress, stress for me!","Школа для меня была просто стрессом, стрессом, стрессом!",School,1,0,work
2777,this is thing at work...,это дело на работе...,Work,1,0,work
6142,"when my grandpa died, i felt terrible.","когда умер мой дедушка, я чувствовал себя ужасно.",Family Issues,2,1,family
2126,My wife has been hiding something from me and I don't know what it is.,"Моя жена что-то скрывала от меня, и я не знаю, что именно.",Social Relationships,4,3,friends
1897,My girlfriend moved out today,Моя подруга сегодня уехала,Social Relationships,4,3,friends
5729,"My dad tried to talk to me about what happened in my last post, but it just made me more depressed, even though it was nice that he cared.","Мой отец пытался поговорить со мной о том, что произошло в моем последнем посте, но это только еще больше вгоняло меня в депрессию, хотя было приятно, что он заботился.",Family Issues,2,1,family
5807,"I'm all busy detatching because I think it's gonna be something like I can't keep this up, which is what I'm feeling.","Я занят тем, что отстраняюсь, потому что думаю, что это будет что-то вроде того, что я не смогу продолжать в том же духе, и это то, что я чувствую.",Emotional Turmoil,6,5,unknown
2131,my work has been doing some upgrading.,моя работа заключалась в некоторой модернизации.,Work,1,0,work
2276,our toilet overflowed and water poured down to the first floor!,у нас туалет переполнился и вода лилась на первый этаж!,Other,6,5,unknown
3510,i've a headache that's lingered for several days. goodnight.,"у меня болит голова, которая сохраняется уже несколько дней. Спокойной ночи.","Health, Fatigue, or Physical Pain",3,2,health
4692,"We have to move so much shit over to the new house, and my mom is becoming such a bitch.","Нам приходится перевезти столько дерьма в новый дом, а моя мама становится такой стервой.",Family Issues,2,1,family
4950,I have been having anxiety about school starting up.,Меня беспокоило начало занятий в школе.,School,1,0,work
789,i got stress out because our neighbor called a police because our dog attack their cat,"у меня стресс, потому что наш сосед вызвал полицию, потому что наша собака напала на их кошку",Social Relationships,4,3,friends
5516,"I'm unhappy that I've bascially been a social recluse and that I've lost touch with people who I really, genuinely care about.","Я недоволен тем, что по сути был социальным отшельником и потерял связь с людьми, которые мне действительно небезразличны.",Social Relationships,4,3,friends
6113,"Problem is, it's Christmas season, and I have to withdraw some money for presents.","Проблема в том, что сейчас рождественский сезон, и мне нужно снять немного денег на подарки.",Financial Problem,5,4,finance
916,i have been stressed about paying for christmas presents.,я был в стрессе из-за оплаты рождественских подарков.,Financial Problem,5,4,finance
5195,"This stress puts stress on my relationship with other people, and I really hate it.","Этот стресс ухудшает мои отношения с другими людьми, и я его очень ненавижу.",Social Relationships,4,3,friends
1166,i was sick the past few days. also my roommate lost his job.,я болел последние несколько дней. также мой сосед по комнате потерял работу.,"Health, Fatigue, or Physical Pain",3,2,health
6275,"I am so frustrated, upset and angry with what's going on between mom and dad.","Я так расстроена, расстроена и зла из-за того, что происходит между мамой и папой.",Family Issues,2,1,family
4892,I have my first exam in grad school in two weeks.,Через две недели у меня первый экзамен в аспирантуре.,School,1,0,work
5174,"I'm missing another english test tomorrow, and a chemistry quiz and a math quiz.","Завтра я пропущу еще один тест по английскому, а также тест по химии и математике.",School,1,0,work
6569,"Something with work and my best friend is going down, and i need someone to call and say my grandfather died.","Что-то с работой, и мой лучший друг умирает, и мне нужно, чтобы кто-нибудь позвонил и сказал, что мой дедушка умер.",Work,1,0,work
3833,that's forgotten all you taught me -persephone Life's been exhausting lately.,"Я забыл все, чему ты меня научил -персефона. Жизнь в последнее время утомительна.","Health, Fatigue, or Physical Pain",3,2,health
4188,kinda got in trouble with work...,какие-то проблемы с работой...,Work,1,0,work
1903,my hair makes me feel unattractive,мои волосы заставляют меня чувствовать себя непривлекательной,Other,6,5,unknown
1310,i'm stressed about being able to graduate and find a job,меня беспокоит возможность закончить учебу и найти работу,School,1,0,work
1078,i keep having to drive my girlfriend around its annoying.,"мне все время приходится возить свою девушку, это раздражает.",Social Relationships,4,3,friends
31,a recent situation that has been stressful to me is with my work.,"недавняя ситуация, которая вызвала у меня стресс, связана с моей работой.",Work,1,0,work
228,dealing with this coronavirus and not being able to have family and friends over,иметь дело с этим коронавирусом и не иметь возможности иметь семью и друзей,Social Relationships,4,3,friends
4582,"Today is gonna be crazy, I have so much stuff to do.","Сегодня будет безумие, у меня так много дел.",Everyday Decision Making,6,5,unknown
2102,My Stress about people affected by COVID-19,"Мой стресс по поводу людей, пострадавших от COVID-19",Social Relationships,4,3,friends
5162,"It's not good for him, screws up his body clock, then he can't concentrate for school.. lol..","Это вредно для него, его биологические часы сбиваются, и он не может сосредоточиться перед школой.. лол..",School,1,0,work
2839,trying to earn a little extra cash to pay bills.,пытаясь заработать немного дополнительных денег для оплаты счетов.,Financial Problem,5,4,finance
5282,i'm tired of being invited places because people feel they have to invite me.,"Я устал от того, что меня приглашают, потому что люди чувствуют, что должны приглашать меня.",Social Relationships,4,3,friends
5539,Please tell me why the hell I have so much trouble making new friends.,"Пожалуйста, скажи мне, какого черта мне так трудно заводить новых друзей?",Social Relationships,4,3,friends
6402,i just realized today that I have so many regrets in life.,"Я только сегодня понял, что у меня так много сожалений в жизни.",Emotional Turmoil,6,5,unknown
2576,The covid19 virus shutting down our production,Вирус covid19 останавливает наше производство,Work,1,0,work
1269,i'm late on my rent and my electric will be shut off if i don't pay by tomorrow. you?,"Я опаздываю с арендной платой, и мне отключат электричество, если я не заплачу до завтра. ты?",Financial Problem,5,4,finance
1021,i have some finacial issues going on i dont  know what to do,"у меня возникли финансовые проблемы, я не знаю, что делать",Financial Problem,5,4,finance
1019,i have som upcoming bills that i'm not sure how i'm going to pay for.,"У меня есть несколько предстоящих счетов, и я не знаю, как их оплатить.",Financial Problem,5,4,finance
5355,"That's not to say that I don't want to fix things and eventually become friends with some people again, but I have no control over that.","Это не значит, что я не хочу что-то исправлять и со временем снова подружиться с некоторыми людьми, но я не могу это контролировать.",Social Relationships,4,3,friends
1467,i've been running late to work and having trouble getting in on time.,Я опаздываю на работу и не могу прийти вовремя.,Work,1,0,work
2357,rushed for time and frustrated trying to fix dinner meal,"торопился и расстраивался, пытаясь приготовить ужин",Everyday Decision Making,6,5,unknown
174,corona virus freaking me out,Коронавирус меня пугает,"Health, Fatigue, or Physical Pain",3,2,health
5247,i can't cuz some of my wonderful friends don't get along,"я не могу, потому что некоторые из моих замечательных друзей не ладят друг с другом",Social Relationships,4,3,friends
2416,so much to do,так много дел,Everyday Decision Making,6,5,unknown
1095,I may get the virus and die.,Я могу заразиться вирусом и умереть.,"Health, Fatigue, or Physical Pain",3,2,health
6080,"well work is going to suck the next couple weeks or should i say my paycheck, I am sceduled two days the next two weeks, how much does that suck.","ну, работа будет отстойной в следующие пару недель, или, лучше сказать, моя зарплата, у меня запланировано два дня в следующие две недели, насколько это отстой.",Work,1,0,work
2271,Our finances during this pandemic,Наши финансы во время этой пандемии,Financial Problem,5,4,finance
1336,i'm stressing out because i have too many appointment to keep up with,"я нервничаю, потому что у меня слишком много встреч, чтобы успевать",Everyday Decision Making,6,5,unknown
2339,Recently I have been super stressed that I'm losing someone who is very special,"Недавно я испытал сильный стресс из-за того, что теряю кого-то особенного.",Family Issues,2,1,family
932,I have been stressed out about when I will be going back to work,"Меня волновал вопрос о том, когда я вернусь на работу.",Work,1,0,work
3605,"On the darker side of the news, I'm having severe problems with those muscle spasms again.","С другой стороны, у меня снова серьезные проблемы с мышечными спазмами.","Health, Fatigue, or Physical Pain",3,2,health
6702,now I just feel like Im useless.. that no one has any reason to keep me around.,теперь я просто чувствую себя бесполезным... что ни у кого нет причин держать меня рядом.,Emotional Turmoil,6,5,unknown
2471,thanks for asking- money has been really tight lately.,"спасибо, что спросили, в последнее время с деньгами очень туго.",Financial Problem,5,4,finance
4922,"Lately school's been a drag. I've been doing much better,but it's been stressing me out, hardcore.","В последнее время школа стала для меня обузой. У меня дела идут намного лучше, но это меня очень напрягает.",School,1,0,work
5319,"That's what friends are for, yes, but I can't seem to find myself wanting to be with them.","Да, для этого и нужны друзья, но мне кажется, что я не хочу быть с ними.",Social Relationships,4,3,friends
1039,i haven't been able to find work and things are going bad with school.,"Я не смог найти работу, а со школой дела идут плохо.",Work,1,0,work
3572,just as the moovie started i bolted it too the bathroom and ended up puking.,"Как только начался фильм, я запер его в ванной, и в итоге меня вырвало.","Health, Fatigue, or Physical Pain",3,2,health
2712,THE WORK LOAD HAS GROWN significantly,РАБОЧАЯ НАГРУЗКА ЗНАЧИТЕЛЬНО ВЫРОСЛА,Work,1,0,work
688,i applied for disability awhile back and i got a denial letter in the mail today.,"Некоторое время назад я подал заявление на получение инвалидности, и сегодня получил по почте письмо с отказом.",Financial Problem,5,4,finance
4700,Life has been so exhausting lately.,Жизнь в последнее время была такой утомительной.,Everyday Decision Making,6,5,unknown
551,i am having some financial issues lately.,в последнее время у меня возникли некоторые финансовые проблемы.,Financial Problem,5,4,finance
2183,not enough hours at work so not enough money to pay the bills.,"Недостаточно часов на работе, поэтому не хватает денег для оплаты счетов.",Work,1,0,work
2527,The coronavirus has been stressing me out,Коронавирус вызвал у меня стресс,"Health, Fatigue, or Physical Pain",3,2,health
1225,i'm cooking dinner for the inlaws tonight.  why bother they hate me?,сегодня вечером я готовлю ужин для родственников мужа.  почему они меня ненавидят?,Family Issues,2,1,family
1031,"i have to replace an options counselor at work, resumes received are awful","мне нужно заменить консультанта по опционам на работе, полученные резюме ужасны",Work,1,0,work
2979,Wondering whether my projects will be permanently cancelled,"Интересно, будут ли мои проекты отменены навсегда?",Work,1,0,work
766,I feel lonely because I'm single.,"Я чувствую себя одиноким, потому что я одинок.",Emotional Turmoil,6,5,unknown
1490,I've been stressing about COVID. I hope I keep my job.,"Я переживал по поводу COVID. Надеюсь, я сохраню свою работу.",Work,1,0,work
4051,"I'm getting sick of this, because it doesn't seem to be getting better and I have stuff to do.","Мне это надоело, потому что, похоже, лучше не становится, а мне есть чем заняться.",Everyday Decision Making,6,5,unknown
5863,"I've been so stressed about this new job, my musicianship, and the hurricane situation that at work I broke out with like two hives on my neck.","Я был так перегружен этой новой работой, своими музыкальными способностями и ураганной ситуацией, что на работе у меня на шее разразилось как два улья.",Work,1,0,work
344,getting texts about what's stressing me out!,"получаю сообщения о том, что меня напрягает!",Other,6,5,unknown
1343,i'm tired,Я устал,"Health, Fatigue, or Physical Pain",3,2,health
4038,I'm depressed because there is someone going in tomorrow's group that I absolutely can't stand.,"Я в депрессии, потому что в завтрашнюю группу войдет кто-то, кого я совершенно терпеть не могу.",Emotional Turmoil,6,5,unknown
2345,recently my new job has been stressing me out,в последнее время моя новая работа меня напрягает,Work,1,0,work
4760,Im a little worried cause I still feel like I have a heap of things to do before I go tomorrow.,"Я немного волнуюсь, потому что мне все еще кажется, что мне нужно сделать кучу дел перед завтрашним отъездом.",Everyday Decision Making,6,5,unknown
4277,"Right now, I'm just so stressed about preparations and nervous about how things will be when I get there.","Прямо сейчас я очень напряжен из-за подготовки и нервничаю из-за того, как все будет, когда я приеду.",Other,6,5,unknown
3698,I've been feeling iffy about my graduation. I think I might be missing something.,"Я сомневался в своем выпускном. Думаю, я что-то упускаю.",School,1,0,work
1377,i'm worried about not having a job and not having savings.,"Я беспокоюсь о том, что у меня не будет работы и сбережений.",Financial Problem,5,4,finance
259,every day is stress in current work situation steve needs to retire.,Каждый день – это стресс в текущей рабочей ситуации. Стиву нужно уйти на пенсию.,Work,1,0,work
1780,"My boyfriend is trying to move in, he's scared of Corona though..","Мой парень пытается переехать, хотя он боится короны..",Social Relationships,4,3,friends
1120,i need to get my homework done but i don't have a lot of time,"мне нужно сделать домашнее задание, но у меня мало времени",School,1,0,work
5694,People have been getting upset alot lately and it scares me.,"В последнее время люди часто расстраиваются, и это меня пугает.",Other,6,5,unknown
6004,Just what i need is to owe more money.,"Единственное, что мне нужно, это задолжать больше денег.",Financial Problem,5,4,finance
5963,i really need to make more money.,мне действительно нужно зарабатывать больше денег.,Financial Problem,5,4,finance
5561,I just have horrible relationships with people lately.,У меня в последнее время просто ужасные отношения с людьми.,Social Relationships,4,3,friends
6578,It's not cool that your fiance cheats on you and mentally absues you.,"Это не круто, что твой жених тебе изменяет и морально тебя обижает.",Social Relationships,4,3,friends
1089,I lost my job.,Я потерял работу.,Financial Problem,5,4,finance
4797,"the sad thing is, i'm leaving real soon.","самое печальное, что я очень скоро ухожу.",Emotional Turmoil,6,5,unknown
3319,"I've been so, so stressed lately that I haven't really been able to concentrate on much of anything.","В последнее время я был так напряжен, что не мог ни на чем сосредоточиться.",Emotional Turmoil,6,5,unknown
3220,"If I do land a job, it's going to be a harsh reality, waking up before noon.","Если я получу работу, это будет суровая реальность: проснуться до полудня.",Everyday Decision Making,6,5,unknown
4079,I'm sick and tired of always having to defend it.,Мне надоело постоянно защищать это.,Emotional Turmoil,6,5,unknown
400,having to take care of 6 foster kittens. i'm exhausted!,приходится заботиться о 6 приемных котятах. Я изможден!,"Health, Fatigue, or Physical Pain",3,2,health
1790,my car brakes need to be changed and i am tight on money.,"Тормоза моей машины нужно заменить, а у меня мало денег.",Financial Problem,5,4,finance
2795,This whole corona virus thing has me pretty stressed,Вся эта история с короновирусом меня сильно напрягла,"Health, Fatigue, or Physical Pain",3,2,health
5320,Yeah so now my dads mad at Philip so much that I can't see hiim today.,"Да, и теперь мой отец так злится на Филиппа, что я не могу его сегодня видеть.",Social Relationships,4,3,friends
1566,just found out we have to move,"только что узнал, что нам нужно переехать",Other,6,5,unknown
3063,work is really getting me down.,работа действительно меня расстраивает.,Work,1,0,work
1423,it's taking so long for my job to make a decision.,"моей работе требуется так много времени, чтобы принять решение.",Work,1,0,work
4691,everyday is getting harder.,каждый день становится все труднее.,Everyday Decision Making,6,5,unknown
4348,Today's weird. I think I've just been in kind of a rut lately.,"Сегодня странно. Я думаю, что в последнее время я просто вошел в колею.",Other,6,5,unknown
2768,"This COVID bullshit, man","Эта чушь про COVID, чувак.",Emotional Turmoil,6,5,unknown
637,I AM STRESSING OUT ABOUT HOW TO HANDLE WORING AT HOME,"Я ДУМАЮ, КАК СПРАВИТЬСЯ С МОТОЙ ДОМА.",Work,1,0,work
6822,My mom didn't get either of the jobs she interviewed for and is pretty bummed.,"Моя мама не получила ни одну из вакансий, на которые она проходила собеседование, и очень расстроена.",Family Issues,2,1,family
4000,i think i might reconnect it.... im sick of not having a job....,"думаю, я мог бы восстановить его.... мне надоело без работы....",Work,1,0,work
4993,"I've been really busy, obviously, because of school starting.","Очевидно, я был очень занят из-за начала школы.",School,1,0,work
3790,I am not having any luck with my job search.,Мне не везет с поиском работы.,Work,1,0,work
717,I cant stand being so far away from everyone. I miss you!,Я терпеть не могу находиться так далеко от всех. Я скучаю по тебе!,Social Relationships,4,3,friends
1533,i've had a lot of work lately and i don't have any time to get everything done.,"В последнее время у меня было много работы, и у меня нет времени все успеть.",Work,1,0,work
2270,Our family is quarantined due to the COVID-19.,Наша семья находится на карантине из-за COVID-19.,Social Relationships,4,3,friends
1816,my company is selling the buisness and i might be jobless.,"моя компания продает бизнес, и я могу остаться без работы.",Work,1,0,work
3338,"Lets see i have been working like crazy, and this week it has been really stressful.","Посмотрим, я работал как сумасшедший, и эта неделя была очень напряженной.",Work,1,0,work
2118,my upcoming exam in accounting,мой предстоящий экзамен по бухгалтерскому учету,School,1,0,work
459,hi friends i m very stressful.,"Привет, друзья, я очень напряжен.",Other,6,5,unknown
5693,was this loose dog and i was killer upset cause my dog got dumped so it was just..sad.,"Это была бездомная собака, и я был ужасно расстроен, потому что мою собаку бросили, так что это было просто… грустно.",Other,6,5,unknown
1713,"Mostly just school, and how much work left to do.","В основном только школа, и сколько еще работы.",School,1,0,work
1900,My graduate level capstone project deadline,Крайний срок завершения моего проекта для выпускников,School,1,0,work
115,Being turned down for SSI and having to find an attorney to fight it.,"Мне отказали в SSI и пришлось искать адвоката, чтобы бороться с этим.",Financial Problem,5,4,finance
6472,"I guess its kinda stressful always having to update and such, and sometimes I just don't want to talk about my day.","Я думаю, это своего рода стресс - постоянно обновлять информацию и все такое, и иногда я просто не хочу говорить о своем дне.",Emotional Turmoil,6,5,unknown
2167,Not being able to go to work,Невозможность пойти на работу,Work,1,0,work
3804,all the crap with marissa,вся эта ерунда с Мариссой,Social Relationships,4,3,friends
2875,two co workers did not show up and that left us very shorthanded.,"двое коллег не пришли, и у нас была очень нехватка рабочих рук.",Work,1,0,work
1147,i think work has been getting stressful,"я думаю, что работа становится стрессовой",Work,1,0,work
776,i found out my ex has a new girlfriend,"я узнал, что у моего бывшего появилась новая девушка",Social Relationships,4,3,friends
6182,Mom and dad weren't going to let that work.,Мама и папа не собирались позволять этому работать.,Family Issues,2,1,family
2135,my work schedule has been brutal.,мой рабочий график был жестоким.,Work,1,0,work
5798,Chibi has been really irritating lately and constantly checks in on me so see how many reservations I'm doing.,"Чиби в последнее время меня очень раздражает и постоянно проверяет меня, так что посмотрите, сколько я делаю оговорок.",Work,1,0,work
3623,But I've been getting a lot of sore throats lately and getting sickish every other week or so it seems.,"Но в последнее время у меня сильно болело горло, и, кажется, я заболевал примерно раз в две недели.","Health, Fatigue, or Physical Pain",3,2,health
151,Changes in my work and school schedule because of COVID 19,Изменения в моем рабочем и учебном расписании из-за COVID 19,School,1,0,work
5057,I'm really hating school right now.,Я сейчас действительно ненавижу школу.,School,1,0,work
1500,"i've been stressing over my finances lately, i don't have enough for a bill.","В последнее время я переживаю из-за своих финансов, мне не хватает денег на счет.",Financial Problem,5,4,finance
2857,trying to get this house set up,пытаюсь обустроить этот дом,Everyday Decision Making,6,5,unknown
6793,My parents are really frustrating me.,Мои родители меня очень расстраивают.,Family Issues,2,1,family
3248,"The fever, the headache, now the toothache which all leads to heart ache.","Лихорадка, головная боль, а теперь и зубная боль, которая приводит к боли в сердце.","Health, Fatigue, or Physical Pain",3,2,health
2035,my post op to my knee.,мой пост на колене.,"Health, Fatigue, or Physical Pain",3,2,health
6463,I'm hungry and there's NOTHING to eat in this house.,"Я голоден, и в этом доме НЕЧЕГО есть.",Other,6,5,unknown
3805,COVID,COVID-19,"Health, Fatigue, or Physical Pain",3,2,health
2533,The coronavirus is stressing me out,Коронавирус вызывает у меня стресс,Other,6,5,unknown
1220,i'm behind on my bills and it feels like i'm never going to be able to get ahead.,"я отстаю по счетам, и такое ощущение, что я никогда не смогу вырваться вперед.",Financial Problem,5,4,finance
5864,"I have been under an extreme amount of stress lately, and it wasn't right for me to take it out like I did.","В последнее время я находился в состоянии сильного стресса, и было бы неправильно с моей стороны так выплескивать его.",Emotional Turmoil,6,5,unknown
3129,Worried about whether the work will hold up when things get bad.,"Беспокоюсь о том, выдержит ли работа, когда дела пойдут плохо.",Work,1,0,work
5905,With all the freaking drama it is like i cannot do anything without it affecting everyone else.,"Несмотря на всю эту чертову драму, я не могу ничего сделать, чтобы это не затронуло всех остальных.",Social Relationships,4,3,friends
4098,I'm still sick! I fear work may not happen tomorrow.,"Я все еще болен! Я боюсь, что работа может не состояться завтра.",Work,1,0,work
6649,"I feel kind of bad for her, cause like, a few bad life decisions and it all comes crashing down on her.","Мне ее немного жаль, потому что несколько плохих жизненных решений обрушились на нее.",Social Relationships,4,3,friends
2401,seeing people not practice social distancing at the stores,"видеть, как люди не соблюдают социальное дистанцирование в магазинах",Other,6,5,unknown
3106,worked has really gotten busy and over loaded me.,работа действительно была занята и перегрузила меня.,Work,1,0,work
1066,i just got back from vacation and i have a lot of work to do.,"Я только что вернулся из отпуска, и у меня много работы.",Work,1,0,work
676,I am worried about losing my job.,Я беспокоюсь о потере работы.,Work,1,0,work
6475,it's been a pretty rough week and I'm glad it's over.,"это была довольно тяжелая неделя, и я рад, что она закончилась.",Other,6,5,unknown
5784,"Im tired, bored, lonely, restless, sad and comforted all at once.","Я устал, мне скучно, одиноко, беспокойно, грустно и утешено одновременно.",Emotional Turmoil,6,5,unknown
6469,"Work is unproductive, as usual.","Работа, как обычно, непродуктивна.",Work,1,0,work
2543,The coronavirus shutting down sports,Коронавирус останавливает спорт,Social Relationships,4,3,friends
868,I have been feeling stressed about the COVID-19 situation happening worldwide.,"Я чувствую стресс из-за ситуации с COVID-19, происходящей во всем мире.","Health, Fatigue, or Physical Pain",3,2,health
1294,I'm so behind in emails!,Я так отстаю от писем!,Work,1,0,work
1060,i just discovered mold in the bathroom,я только что обнаружил плесень в ванной,Other,6,5,unknown
192,COVID 19 is everywhere and I have to respond as a fire fighter,"COVID-19 повсюду, и мне приходится реагировать как пожарному.",Work,1,0,work
5293,I hate that the stores pull out the Christmas stuff the day after Halloween and then whine via the media when we don't buy enough to meet their projections.,"Я ненавижу, когда магазины убирают рождественские товары на следующий день после Хэллоуина, а затем жалуются в средствах массовой информации, что мы не покупаем достаточно, чтобы оправдать их прогнозы.",Other,6,5,unknown
3310,"A little nauseated, I want to go back to sleep but I have too much else to do.","Меня немного тошнит, я хочу снова заснуть, но у меня слишком много дел.","Health, Fatigue, or Physical Pain",3,2,health
5344,"My sister hits my friends and stuff, my mom does nothing about it.","Моя сестра бьет моих друзей и все такое, а мама ничего с этим не делает.",Family Issues,2,1,family
5349,"well society is pretty fucked up, so i dont think i'd like to trust them with my values. and","ну, общество довольно испорчено, поэтому я не думаю, что хотел бы доверять им свои ценности. и",Social Relationships,4,3,friends
3072,work is stressing me out.,работа меня напрягает.,Work,1,0,work
2698,the virus has been stressing me out!,вирус меня напрягает!,"Health, Fatigue, or Physical Pain",3,2,health
4874,School because it's soo boring.,"Школа, потому что это так скучно.",School,1,0,work
2460,"sup bro, just trying to balance work and social life","суп, братан, просто пытаюсь сбалансировать работу и общественную жизнь",Work,1,0,work
6085,"oh, i dont get paid til oct 3rd, and too bad i have a car payment due four days before that.","ох, мне не заплатят до 3 октября, и очень жаль, что мне нужно заплатить за машину за четыре дня до этого.",Financial Problem,5,4,finance
4131,"It's ""I messed things up, and am having a difficult year starting to put things together.""","Это «Я все испортил, и у меня трудный год, когда я начинаю собирать вещи воедино».",Other,6,5,unknown
2319,pretty much everything. but mostly money i guess.,"почти все. но в основном деньги, я думаю.",Financial Problem,5,4,finance
3786,I've been having a hard time getting enough sleep.,Мне было трудно выспаться.,"Health, Fatigue, or Physical Pain",3,2,health
5221,One issue that's pissing me off is the fact that I'm losing a good friend because his girlfriend absolutely hates me.,"Одна проблема, которая меня бесит, это тот факт, что я теряю хорошего друга, потому что его девушка меня абсолютно ненавидит.",Social Relationships,4,3,friends
4359,Well damn... after that last entry I'm begining to worry myself!,Ну блин... после этой последней записи я сам начинаю волноваться!,Emotional Turmoil,6,5,unknown
3449,i feel like my groin strain is getting worse.,"Я чувствую, что мое напряжение в паху становится все хуже.","Health, Fatigue, or Physical Pain",3,2,health
1465,I've been really worried about money since my hours got cut at work.,"Я очень беспокоился о деньгах, так как мне сократили часы на работе.",Financial Problem,5,4,finance
4041,I'm feeling so lost in life is my biggest problem.,"Я чувствую себя настолько потерянным в жизни, что это моя самая большая проблема.",Emotional Turmoil,6,5,unknown
3627,I haven't been feeling too well lately.,В последнее время я чувствую себя не очень хорошо.,"Health, Fatigue, or Physical Pain",3,2,health
5012,almost. are you getting tired yet of my anxious posts about leaving for school? too bad.,почти. тебе уже надоели мои тревожные посты про уход в школу? очень жаль.,School,1,0,work
4219,my classes are going to suck since im registering so late.,"мои занятия будут отстойными, так как я так поздно регистрируюсь.",School,1,0,work
2699,The virus outbreak and aftermath have made it hard to find another job.,Вспышка вируса и ее последствия затруднили поиск другой работы.,Work,1,0,work
6015,"What doesn't help is the fact that I still haven't gotten my physical for my job, so I can't work to make any money.","Что не помогает, так это тот факт, что я до сих пор не прошел медицинский осмотр для работы, поэтому я не могу работать, чтобы заработать деньги.",Work,1,0,work
4237,My main report is that I just feel so confused lately.,"Мой главный отчет заключается в том, что в последнее время я чувствую себя таким растерянным.",Emotional Turmoil,6,5,unknown
4212,man i must have been really tired becuase i dont see how my spelling could be understood.,"чувак, я, должно быть, очень устал, потому что не понимаю, как можно понять мое написание.","Health, Fatigue, or Physical Pain",3,2,health
5988,Dammit i really need a job so I can get some money.,"Черт возьми, мне действительно нужна работа, чтобы я мог заработать немного денег.",Financial Problem,5,4,finance
3284,"Things have been hectic recently and I was in a mental slump from the physical setbacks of a sinus infection, if that makes any sense.","В последнее время дела были беспокойными, и я находился в состоянии психического спада из-за физических неудач, вызванных инфекцией носовых пазух, если это имеет какой-то смысл.",Emotional Turmoil,6,5,unknown
2539,The coronavirus pandemic has been really giving me a lot of stress and anxiety.,Пандемия коронавируса действительно доставила мне много стресса и беспокойства.,"Health, Fatigue, or Physical Pain",3,2,health
1633,"life has not been easy lately, my health is declining rapidly.","Жизнь в последнее время непростая, мое здоровье стремительно ухудшается.","Health, Fatigue, or Physical Pain",3,2,health
3386,"uh, i'm definatly tired but i feel tired pretty much all the time.","хм, я определенно устал, но я чувствую себя усталым почти все время.","Health, Fatigue, or Physical Pain",3,2,health
1,2 of my foster kittens died,2 моих приемных котенка умерли,Emotional Turmoil,6,5,unknown
2115,my uncle died and i'm worried my aunt will get super depressed without him,"мой дядя умер, и я боюсь, что моя тетя без него впадет в депрессию",Emotional Turmoil,6,5,unknown
4523,I always get so darn stressed about things.,Я всегда чертовски напряжен из-за каких-то вещей.,Emotional Turmoil,6,5,unknown
1098,i might lose my job becase of budget cuts,я могу потерять работу из-за сокращения бюджета,Work,1,0,work
410,"hello, i've been stressed out a lot from work.","здравствуйте, у меня был сильный стресс на работе.",Work,1,0,work
6564,I'm depressed about my apartments and the fact that they seem to be trying to kick me out.,"Я в депрессии из-за своих квартир и из-за того, что они, похоже, пытаются меня выгнать.",Social Relationships,4,3,friends
2313,pregnancy and the coronavirus,беременность и коронавирус,"Health, Fatigue, or Physical Pain",3,2,health
6576,Our roomie still hasn't heard from his job interview and it's been a month almost since he got fired.,"Наш сосед по комнате до сих пор не получил известий о своем собеседовании, а прошел почти месяц с тех пор, как его уволили.",Work,1,0,work
3308,"And now I'm exhausted and ready for another nap, but I can't do that yet","И теперь я устал и готов еще раз вздремнуть, но пока не могу этого сделать.","Health, Fatigue, or Physical Pain",3,2,health
1891,"My future, my current state of mind.","Моё будущее, моё нынешнее состояние ума.",Everyday Decision Making,6,5,unknown
5028,School was hella hectic there towards the end.,Под конец в школе было чертовски суматошно.,School,1,0,work
810,i hate work.  my boss is a prick.   he was hitting on me.   i am scread he is going to,"я ненавижу работу.  мой босс - придурок.   он приставал ко мне.   я боюсь, что он собирается",Work,1,0,work
6722,My boss was sick and felt evil today.,Мой босс сегодня болел и чувствовал себя злым.,Work,1,0,work
3408,"Haven't had the energy for blogging, or beads, or astrology, or anything.","У меня не было сил ни на ведение блога, ни на четки, ни на астрологию, ни на что-то еще.","Health, Fatigue, or Physical Pain",3,2,health
6488,"I didn't finish my American Studies assignment, I was too tired last night.","Я не закончил задание по американистике, вчера вечером я слишком устал.",School,1,0,work
3926,I began to feel worse as soon as I got home.,"Я начал чувствовать себя хуже, как только вернулся домой.","Health, Fatigue, or Physical Pain",3,2,health
148,car,машина,Other,6,5,unknown
3059,Work is just being annoying rn,Работа меня просто раздражает.,Work,1,0,work
5718,i'm scared that i'm always going to make those mistakes.,"Я боюсь, что всегда буду совершать эти ошибки.",Everyday Decision Making,6,5,unknown
4321,The times my classes take palce as well is really messed up.,Время проведения моих занятий тоже действительно испорчено.,School,1,0,work
5466,I think it's related to social mores that are really tough to overcome.,"Я думаю, это связано с социальными нравами, которые действительно трудно преодолеть.",Social Relationships,4,3,friends
4890,i'm stressed out about school.,я в стрессе из-за школы.,School,1,0,work
2917,well i am broke homeless and struggling with a bad habit,"ну, я разорен, бездомный и борюсь с вредной привычкой",Financial Problem,5,4,finance
2253,"oh,the same stuff. life stuff..money, house, family and my health. the usual lol","ох, то же самое. жизненные вещи... деньги, дом, семья и мое здоровье. как обычно лол",Family Issues,2,1,family
853,i have an essay due this weekend,мне нужно написать эссе на этих выходных,School,1,0,work
509,how i have been eating this week.,как я ел на этой неделе.,"Health, Fatigue, or Physical Pain",3,2,health
5618,its all so hard. to try to make myself feel better,это все так тяжело. попытаться заставить себя чувствовать себя лучше,Emotional Turmoil,6,5,unknown
6211,Mom and Dad would never forgive us.,Мама и папа никогда бы нас не простили.,Family Issues,2,1,family
2274,"Our house needs so many repairs, I don't know where to begin!","Нашему дому так нужен ремонт, что я не знаю, с чего начать!",Financial Problem,5,4,finance
5814,Not I am just so mad right now i am going to burst.,"Нет, я сейчас так зол, что сейчас лопну.",Emotional Turmoil,6,5,unknown
1740,My boss does not appreciate my hard work,Мой начальник не ценит мою тяжелую работу,Work,1,0,work
5053,so I was kind of fucked on what I needed to do for school.,"так что я был немного озадачен тем, что мне нужно было сделать в школе.",School,1,0,work
6420,I need to practice every day to make sure I'm ready.,"Мне нужно тренироваться каждый день, чтобы убедиться, что я готов.",Everyday Decision Making,6,5,unknown
1071,i just left my job after 5 years.,я только что ушёл с работы спустя 5 лет.,Work,1,0,work
2400,screaming children at work.,кричащие дети на работе.,Social Relationships,4,3,friends
1612,lack of work availability,отсутствие возможности трудоустройства,Work,1,0,work
5844,my grandpa is sick and i cant handle that right now. pray for him please i would miss so much.,"мой дедушка болен, и я не могу сейчас с этим справиться. помолитесь за него, пожалуйста, я бы так скучал.",Family Issues,2,1,family
1480,"I've been stressed about the current coronavirus, its been tough to stay at home","Я был в стрессе из-за нынешнего коронавируса, мне было тяжело оставаться дома.","Health, Fatigue, or Physical Pain",3,2,health
1537,I've had to quit working due to the spread of COVID-19,Мне пришлось уволиться с работы из-за распространения COVID-19.,Work,1,0,work
2425,someone shirking responsibilities at work,кто-то уклоняется от обязанностей на работе,Work,1,0,work
3045,"Work has ben rough, I'm worried the corona mite come though the drive thru.","Работа была тяжелой, я боюсь, что через дорогу проник коронный клещ.",Work,1,0,work
919,i have been stressed about picking up sub jobs,"я был в стрессе из-за того, что пошел на подработку",Work,1,0,work
270,Everything that's happening with corona virus is making me nervous.,"Все, что происходит с вирусом короны, заставляет меня нервничать.","Health, Fatigue, or Physical Pain",3,2,health
1139,I suddenly want to go out but it is only because I know I can't.,"Мне вдруг захотелось выйти, но только потому, что я знаю, что не могу.",Other,6,5,unknown
3870, I'm sick of forever being worried about them.,Мне надоело вечно беспокоиться о них.,Other,6,5,unknown
3855,I don't feel right when you're gone away 'Cause I'm broken when I'm open,"Я чувствую себя нехорошо, когда ты уходишь, потому что я сломлен, когда открыт.",Social Relationships,4,3,friends
5854,i'm just really upset right now and i hope it will get better.,"Я просто сейчас очень расстроен и надеюсь, что все станет лучше.",Emotional Turmoil,6,5,unknown
307,Financial problems have been getting me down lately.,В последнее время меня беспокоят финансовые проблемы.,Financial Problem,5,4,finance
1799,my car payment is due in a week and i have no money.,"Плата за машину должна быть оплачена через неделю, а у меня нет денег.",Financial Problem,5,4,finance
1130,I recently got fired from my job due to having to quarantine for coronavirus.,Недавно меня уволили с работы из-за карантина из-за коронавируса.,Work,1,0,work
808,i hate my job,я ненавижу свою работу,Work,1,0,work
5450,He's having problems with his girlfriend and he needed a shoulder to talk on.,"У него проблемы с девушкой, и ему нужно было плечо, чтобы поговорить.",Social Relationships,4,3,friends
3396,My ankle still hurts like a bitch.,Моя лодыжка все еще болит как сука.,"Health, Fatigue, or Physical Pain",3,2,health
6192,"Even, both of my grandparents are so worried about me have been calling me almost everyday to check whether I'm feeling better and stuff. ""","Даже мои бабушка и дедушка так беспокоятся за меня, что звонят мне почти каждый день, чтобы проверить, чувствую ли я себя лучше и все такое. ""","Health, Fatigue, or Physical Pain",3,2,health
2630,the most recent situation stressing me has been my job,"самая недавняя ситуация, вызывающая у меня стресс, связана с моей работой",Work,1,0,work
1808,my classes have been really stressing me out.,мои занятия меня очень напрягали.,School,1,0,work
3351,"I've been claiming I've wanted to do this for over a year, but scanning is just such a major pain in the butt and general time filler.","Я заявлял, что хотел сделать это больше года, но сканирование - это просто большая головная боль и просто заполнитель времени.",Other,6,5,unknown
155,christmas has been stressing me out!,Рождество меня напрягло!,Social Relationships,4,3,friends
1099,i miss my friend we got into it really bad the other day and now she wont talk to me,"я скучаю по своей подруге, мы на днях очень сильно поругались, и теперь она со мной не разговаривает",Social Relationships,4,3,friends
4663,"I work hard, and I do exercises at home every day, but I still can't get my arm to go straight up.","Я много работаю и делаю упражнения дома каждый день, но до сих пор не могу поднять руку прямо вверх.","Health, Fatigue, or Physical Pain",3,2,health
4069,I'm kinda worried about my job.,Я немного беспокоюсь о своей работе.,Work,1,0,work
5191,"the past couple weeks have been pretty cruel. the realization that your ""friends"" would rather exist around you rather than speak to you is emotionally exaughsting.","последние пару недель были довольно жестокими. осознание того, что ваши «друзья» скорее будут существовать рядом с вами, чем разговаривать с вами, эмоционально утомительно.",Social Relationships,4,3,friends
5248,My roommate Rhoneil broke up with hers.,Моя соседка по комнате Ронил рассталась со своей.,Social Relationships,4,3,friends
1528,i've been worrying about money lately,в последнее время я беспокоюсь о деньгах,Financial Problem,5,4,finance
5362,I worry because he made an impact on my life.,"Я волнуюсь, потому что он оказал влияние на мою жизнь.",Social Relationships,4,3,friends
5183,School has been really hard on all of us this year and the stress was starting to get to me.,"В этом году школа была очень тяжелой для всех нас, и стресс начал доходить и до меня.",School,1,0,work
1472,I've been so stressed out about figuring out my next move.,Я был так обеспокоен обдумыванием своего следующего шага.,Emotional Turmoil,6,5,unknown
3275,"I'm tired, and I am tired of being sick and vice versa.","Я устал, и мне надоело болеть, и наоборот.","Health, Fatigue, or Physical Pain",3,2,health
3401,i have no where to go. and nothing to soothe my nerves. and no REAL work to actually bury my nose in that i care about.,"мне некуда идти. и ничего, что могло бы успокоить мои нервы. и никакой НАСТОЯЩЕЙ работы, которая могла бы уткнуться носом в то, что меня волнует.",Other,6,5,unknown
4906,"I was supposed to go home this weekend, but due to my study group meeting this weekend and a lot of studying to do, I have to be in Austin.","Я должен был поехать домой на этих выходных, но из-за собрания моей учебной группы на этих выходных и большого количества учебы мне пришлось быть в Остине.",School,1,0,work
2,A better question would be what is not stressing me out.,"Лучше спросить, что меня не напрягает.",Everyday Decision Making,6,5,unknown
6048,I need to figure out a way to make more money.,Мне нужно найти способ заработать больше денег.,Financial Problem,5,4,finance
5109,"I am supposed to be writing a paper for my class on Monday, but I can't find my notebook for that class anywhere.","В понедельник я должен писать реферат для урока, но нигде не могу найти тетрадь для этого урока.",School,1,0,work
1983,my kids spent too much money at the event today,мои дети потратили слишком много денег на сегодняшнем мероприятии,Family Issues,2,1,family
6445,what a hard thing to accomplish in the hustle and bustle of every day!,как сложно это сделать в суете и суете каждого дня!,Everyday Decision Making,6,5,unknown
5204,"i haven't really spent much time with my dad lately, and i know he's been kinda disappointed in me lately.","В последнее время я не особо много времени провожу с отцом, и знаю, что в последнее время он во мне немного разочаровался.",Family Issues,2,1,family
2525,The Coronavirus has been really stressful.,Коронавирус вызвал настоящий стресс.,"Health, Fatigue, or Physical Pain",3,2,health
5242,"You are dependent on your friends, but you are not willing to conform into society's stereotypical mold.","Вы зависите от своих друзей, но не желаете соответствовать стереотипным стереотипам общества.",Social Relationships,4,3,friends
1134,i spend most of my workday fixing other employees mistakes.,"Большую часть рабочего дня я провожу, исправляя ошибки других сотрудников.",Work,1,0,work
3695,i have been laid off,меня уволили,Emotional Turmoil,6,5,unknown
1518,i've been wanting to go back to school and get a new place.,Я хотел вернуться в школу и найти новое место.,Other,6,5,unknown
5903,"Your constant bickering over politics, social issues and such things is driving the rest of us insane.","Ваши постоянные ссоры по поводу политики, социальных проблем и тому подобного сводят всех нас с ума.",Social Relationships,4,3,friends
4654,I can't stop feeling anxious and angry that I'm being told I can't do it one I reach my expiry date.,"Я не могу перестать чувствовать тревогу и злость из-за того, что мне говорят, что я не смогу этого сделать, когда у меня истечет срок годности.",Emotional Turmoil,6,5,unknown
1552,just a work situation,просто рабочая ситуация,Work,1,0,work
5265,my exs got into a fight and that was a problem.,"мои бывшие подрались, и это была проблема.",Social Relationships,4,3,friends
2047,my relationship is not going th way i wished it was,"мои отношения развиваются не так, как мне бы хотелось",Social Relationships,4,3,friends
6022,"Worst of all, I have work today, and as I have already had the weekend off sick, I can hardly call in again this morning.","Хуже всего то, что сегодня у меня работа, а поскольку я уже проболел на выходных, я вряд ли смогу снова зайти сегодня утром.",Work,1,0,work
463,hi there.  my job has been stressing me out.  we are so busy.,всем привет.  моя работа меня напрягала.  мы так заняты.,Work,1,0,work
5146,I know it's been hard with school and all the changes that have occurred this year.,"Я знаю, что было тяжело со школой и всеми изменениями, которые произошли в этом году.",School,1,0,work
5106,School is so stressful that I have to drop one of my classes today.,"В школе такой стресс, что мне придется сегодня пропустить одно из занятий.",School,1,0,work
5582,When I get depressed like this I worry.. I worry that I'll do or say something wrong or not do something and push her away.,"Когда я впадаю в такую ​​депрессию, я волнуюсь... Я волнуюсь, что сделаю или скажу что-то не так или не сделаю что-то и оттолкну ее.",Emotional Turmoil,6,5,unknown
6503,It will be like I am taking 18 regular hours of school.,"Это будет так, как будто я учусь в школе 18 обычных часов.",School,1,0,work
4987,i have to get good grades to do so. and,для этого мне нужно получить хорошие оценки. и,School,1,0,work
4494,There's just way too much on my mind these days and I'm having such a hard time adjusting to change and new situations.,"Сейчас у меня слишком много мыслей на уме, и мне так трудно приспосабливаться к изменениям и новым ситуациям.",Everyday Decision Making,6,5,unknown
6295,since his wife died he's having a really hard time.,"с тех пор, как его жена умерла, ему очень тяжело.",Family Issues,2,1,family
3328,I need a nap though. I had a nightmare last night.,Хотя мне нужно вздремнуть. Прошлой ночью мне приснился кошмар.,"Health, Fatigue, or Physical Pain",3,2,health
6026,Now I can't afford that because the fucking truck is broke.,"Теперь я не могу себе этого позволить, потому что этот чертов грузовик сломался.",Financial Problem,5,4,finance
4992,they're cramming for their final exam.,они готовятся к выпускному экзамену.,School,1,0,work
2477,"thanks, i'm just dealing with some stuff.","спасибо, я просто занимаюсь кое-какими делами.",Other,6,5,unknown
19,A new type of job where I am by myself,"Новый тип работы, где я один",Work,1,0,work
2621,The latest flu.,Последний грипп.,"Health, Fatigue, or Physical Pain",3,2,health
833,i have a lot of work to do and i am worried i won't get it all done,"у меня много работы, и я боюсь, что не успею все сделать",Work,1,0,work
1561,just dealing with my husbands increasing confusion.,просто имею дело с растущим замешательством моего мужа.,Family Issues,2,1,family
701,i cant find a babysitter and i have to go to work.,Я не могу найти няню и мне нужно идти на работу.,Work,1,0,work
1623,Leadership at work! They always have their favorites. I hate it.,Лидерство в работе! У них всегда есть свои любимцы. Я ненавижу это.,Work,1,0,work
3120,works cutting back everyones hours its driving me crazy this time of year i need $$,"работает, сокращая часы работы, это сводит меня с ума в это время года, мне нужны $$",Work,1,0,work
2579,THE CURRENT CORONA VIRUS AND THE ECONOMIC IMPACT,ТЕКУЩИЙ КОРОНАВИРУС И ЭКОНОМИЧЕСКОЕ ВОЗДЕЙСТВИЕ,"Health, Fatigue, or Physical Pain",3,2,health
3044,work has been wearing on me a lot lately,работа меня сильно утомила в последнее время,Work,1,0,work
154,chistmas is coming up and we are so broke this year,"приближается Рождество, и в этом году мы так разорены",Financial Problem,5,4,finance
4505,"As usual, changing that on checks will be the hardest part.","Как обычно, самое сложное — изменить это в чеках.",Other,6,5,unknown
5133,i have two weeks of classes i need to pass.,мне нужно пройти две недели занятий.,School,1,0,work
5862,So yeah. I got alot of stressfull things going on in my life right now.,Так что да. В моей жизни сейчас происходит много стрессовых событий.,Other,6,5,unknown
4954,"Man, all this reading for school is driving me crazy.","Чувак, все это чтение для школы сводит меня с ума.",School,1,0,work
6831,yeah had some hard times. dealt with an alcoholic abusive father,"да, были тяжелые времена. имел дело с жестоким отцом-алкоголиком",Family Issues,2,1,family
4436,i need to do laundry and i'm not going home this weekend.,"мне нужно постирать, и я не пойду домой на этих выходных.",Other,6,5,unknown
1107,i need help and i need someone to talk to.,"мне нужна помощь и мне нужен кто-то, с кем можно поговорить.",Emotional Turmoil,6,5,unknown
5072,Things are getting threatened because im not doing good in school but yet i keep reasuring that iam and i know there in for a big dissapointment.,"Ситуация становится под угрозой, потому что я плохо учусь в школе, но, тем не менее, я продолжаю заверять, что меня и меня ждет большое разочарование.",School,1,0,work
1560,just dealing with managing work/home life balance and feeling guilty about it.,просто занимаюсь балансом между работой и домашней жизнью и чувствую себя виноватым из-за этого.,Family Issues,2,1,family
583,I am really upset that I am unable to visit my 95-year-old mother in the nursing home.,"Я очень расстроена тем, что не могу навестить свою 95-летнюю мать в доме престарелых.",Family Issues,2,1,family
5896,"There's so much I need to vent about, or gossip about, or just let out.","Мне так много нужно высказать свое мнение, или посплетничать, или просто высказать свое мнение.",Emotional Turmoil,6,5,unknown
4988,School is super stressful lately but I guess that's expected.,"В последнее время школа очень напряженная, но я думаю, это ожидаемо.",School,1,0,work
5832,"Here it is, you probably caught me at the most stressful, confusing, emotional, and mind bending part of my life.","Вот и вы, вероятно, застали меня в самой стрессовой, запутанной, эмоциональной и головокружительной части моей жизни.",Emotional Turmoil,6,5,unknown
1556,"Just been busy with work and school, trying to get my shit together","Просто был занят работой и учебой, пытаясь собраться с силами.",Work,1,0,work
5134,"Have to get more involved with my son who evidently is now failing one class due to constantly ""forgetting"" to turn in homework and projects.","Придется больше общаться с моим сыном, который, очевидно, сейчас проваливает один урок из-за того, что постоянно «забывает» сдавать домашние задания и проекты.",Family Issues,2,1,family
4771,I have a crapload of STUFF to do and I can't slack off.,"У меня куча дел, и я не могу расслабиться.",Work,1,0,work
3806,I've been furloughed so I'm not sure if my job is going to be safe.,"Меня уволили, поэтому я не уверен, будет ли моя работа в безопасности.",Work,1,0,work
3435,"In the meantime it's all been STRESS STRESS STRESS! Both due to the long trip, and yet MORE health problems with my grandma.","А пока это все СТРЕСС СТРЕСС СТРЕСС! И из-за долгой поездки, и из-за БОЛЬШИХ проблем со здоровьем у моей бабушки.","Health, Fatigue, or Physical Pain",3,2,health
744,i dont know what i want for dinner!,"я не знаю, что я хочу на ужин!",Everyday Decision Making,6,5,unknown
5465,Things like why is it so hard for me to meet new people and make new friendships.,"Например, почему мне так трудно знакомиться с новыми людьми и заводить новых друзей.",Social Relationships,4,3,friends
3423,"Oh man, I was sick as a dog these last couple days.","О боже, последние пару дней меня тошнило как собаку.","Health, Fatigue, or Physical Pain",3,2,health
4776,Been so busy with work and to tired when I get home to do anything.,"Я был так занят на работе и слишком уставал, когда приходил домой, чтобы что-нибудь сделать.",Work,1,0,work
2089,my son is getting ready to graduate and we're trying to get him college scholarships.,"мой сын готовится окончить школу, и мы пытаемся обеспечить ему стипендию в колледже.",School,1,0,work
3236,"the past few days, without fail, i have woke up with severe back pain.",последние несколько дней я обязательно просыпался от сильной боли в спине.,"Health, Fatigue, or Physical Pain",3,2,health
3143,wow. thanks for asking. i have been stressing out about my student loan.,"ух ты. спасибо, что спросили. я переживал по поводу своего студенческого кредита.",Financial Problem,5,4,finance
713,i can't seem to find a job,"кажется, я не могу найти работу",Work,1,0,work
643,i am struggling with feeling valuable in the workplace.,мне трудно чувствовать себя ценным на рабочем месте.,Work,1,0,work
2764,This coronavirus pandemic has been driving me crazy,Пандемия коронавируса свела меня с ума,Emotional Turmoil,6,5,unknown
6558," i have to worry about college, and school starts tues.","Мне нужно беспокоиться о колледже, а школа начинается во вторник.",School,1,0,work
3668,Work sucked too because Byron was giving me a hard time with the crew.,"Работа тоже была отстойной, потому что у Байрона были проблемы с командой.",Work,1,0,work
3212,"i cant sleep and im soo tired. not just physically, but mentally.","я не могу спать и очень устал. не только физически, но и морально.","Health, Fatigue, or Physical Pain",3,2,health
2207,Not knowing how COVID-19 will affect my job/pay,"Не знаю, как COVID-19 повлияет на мою работу/зарплату",Work,1,0,work
1302,I'm so worrying about my job situation due to corona virus pandemics.,Я так беспокоюсь о своей ситуации на работе из-за пандемии вируса короны.,Work,1,0,work
5229,"idk, maybe im overreacting, but im sad ya know, a lot of my friends are going far away.","Не знаю, возможно, я слишком остро реагирую, но мне грустно, знаешь, многие из моих друзей уезжают далеко.",Social Relationships,4,3,friends
3458,"In bad news, my pain levels suck, I'm getting worse again, and job stress and depression have really hit me hard.","Плохие новости: уровень боли у меня ужасный, мне снова становится хуже, а стресс на работе и депрессия действительно сильно ударили по мне.","Health, Fatigue, or Physical Pain",3,2,health
6729,"I just miss my pop so much, I've gotten into a big depression..even though I'm not necessarily sad.","Я просто так скучаю по своей поп-музыке, что впал в большую депрессию... хотя мне не обязательно грустно.",Family Issues,2,1,family
3395,My ankle is still sore.,Моя лодыжка все еще болит.,"Health, Fatigue, or Physical Pain",3,2,health
6638,Tom and I are having relationship problems.,У нас с Томом проблемы в отношениях.,Social Relationships,4,3,friends
2614,the insecurity of not having an adequate income.,неуверенность в отсутствии достаточного дохода.,Financial Problem,5,4,finance
6662,"During emotional bullshit, another thing to worry about.","Во время эмоциональной ерунды есть еще одна вещь, о которой стоит беспокоиться.",Emotional Turmoil,6,5,unknown
2702,The virus spreading the world,Вирус распространяет мир,"Health, Fatigue, or Physical Pain",3,2,health
2871,"trying to speed up at work, especially with tires.","пытаюсь ускориться на работе, особенно с шинами.",Work,1,0,work
5840,"just feel stress, kinda empty and just depressed.","просто чувствую стресс, какую-то пустоту и просто депрессию.",Emotional Turmoil,6,5,unknown
1993,My manager keeps stressing me out a work,Мой менеджер постоянно напрягает меня на работе,Work,1,0,work
6626,People with BPD often have highly unstable patterns of social relationships.,Люди с ПРЛ часто имеют крайне нестабильные модели социальных отношений.,Social Relationships,4,3,friends
341,getting people to join my business.,привлечение людей присоединиться к моему бизнесу.,Work,1,0,work
4175,I've been upset over that...my life is LITERALLY ....,Я расстроена из-за этого... моя жизнь БУКВАЛЬНО...,Emotional Turmoil,6,5,unknown
2589,The economy and the recent events about the corona virus,"Экономика и недавние события, связанные с вирусом короны",Other,6,5,unknown
3419,"soooooo for the last couple of days, i was trying to quit smoking.",ооооо последние пару дней я пытался бросить курить.,Other,6,5,unknown
1192,i would say the fact that my boyfriend has not been returning my calls.,"я бы сказал тот факт, что мой парень не отвечает на мои звонки.",Social Relationships,4,3,friends
1101,"I must write a 5 page paper and it due Monday 6 of April, which I need help on it.","Мне нужно написать 5-страничную статью, которую нужно сдать в понедельник, 6 апреля, и мне нужна помощь.",School,1,0,work
6622,I can feel that she's not happy with her situation and probably doesn't feel close to the friends she gets trashed with every night.,"Я чувствую, что она недовольна своим положением и, вероятно, не чувствует себя близкой к друзьям, с которыми ссорится каждую ночь.",Social Relationships,4,3,friends
4631,It's frustrating when I come home and Brett can't fully understand the choas I go through at work.,"Меня расстраивает, когда я прихожу домой, а Бретт не может до конца понять тот хаос, с которым я сталкиваюсь на работе.",Work,1,0,work
204,COVID-19 Quarantine has me feeling pretty lonely and isolated lately.,В последнее время карантин из-за COVID-19 заставляет меня чувствовать себя довольно одиноким и изолированным.,Financial Problem,5,4,finance
6270,I've been having nightmares about going back to school already and the kids hating me and not listening and it's only Monday.,"Мне снятся кошмары о том, что я уже возвращаюсь в школу, а дети ненавидят меня и не слушают, а сегодня только понедельник.",School,1,0,work
193,covid 19 is making me lose hours at work and i cant keep up with my bills,"Covid 19 заставляет меня терять часы на работе, и я не могу следить за своими счетами",Financial Problem,5,4,finance
5271,"I feel like its just such a burden on some people, like who wants anyone that insecure around?","Я чувствую, что это просто бремя для некоторых людей, например, кому нужен такой неуверенный в себе человек?",Social Relationships,4,3,friends
6124,"Her job is really bad, and then on top of that all this family trouble.","У нее очень плохая работа, да еще и все эти семейные проблемы.",Work,1,0,work
6634,It just bothers me how some of my family treats me and my sister.,"Меня просто беспокоит то, как некоторые члены моей семьи относятся ко мне и моей сестре.",Family Issues,2,1,family
6582,Dealing with a psycho girlfriend and bitter boyfriend all at the same time is making my head explode.,От общения с подругой-психопаткой и злым парнем одновременно у меня взорвется голова.,Social Relationships,4,3,friends
4356,"We had follies rehearsal today, and needless to say, im a bit frustrated.","Сегодня у нас была репетиция глупостей, и, разумеется, я немного расстроен.",Other,6,5,unknown
6575,"On another note, my roommate is beginning to bother me.","С другой стороны, мой сосед по комнате начинает меня беспокоить.",Social Relationships,4,3,friends
2171,Not being able to provide for my grandmother,Не могу обеспечить свою бабушку,Family Issues,2,1,family
4374,"With the stress you gove me, along with school and a baby, I don't think I can do it.","Учитывая тот стресс, который ты мне причиняешь, а также школу и ребенка, я не думаю, что смогу это сделать.",School,1,0,work
30,a recent situation is that my house is listed and not selling quick,"недавняя ситуация такова, что мой дом выставлен на продажу и не продается быстро",Financial Problem,5,4,finance
3222,tired frustration is not a good feeling.,усталое разочарование – это нехорошее чувство.,"Health, Fatigue, or Physical Pain",3,2,health
912,i have been stressed about my credit card debt.,Я был в стрессе из-за задолженности по кредитной карте.,Financial Problem,5,4,finance
1457,i've been really stressed about my job because they might close down.,"я очень переживал из-за своей работы, потому что они могли закрыться.",Work,1,0,work
5447,"Issues with myself and parents aside, there is another thing causing conflict and anger inside me and that is society itself.","Помимо проблем со мной и родителями, есть еще одна вещь, вызывающая конфликты и гнев внутри меня, — это само общество.",Social Relationships,4,3,friends
4616,I hate doing laundry since I work with clothes all day.,"Я ненавижу стирать, так как работаю с одеждой весь день.",Work,1,0,work
4345,"Today I finally have to go back and work, and I am not happy about that idea.","Сегодня мне наконец-то придется вернуться и поработать, и эта идея меня не устраивает.",Work,1,0,work
2146,Neighbors not sheltering in place,Соседи не укрываются на месте,Social Relationships,4,3,friends
5538,i felt so bad for sara on wednesday because she was so upset because her mom can be really harsh.,"Мне было так жаль Сару в среду, потому что она была так расстроена, потому что ее мама может быть очень резкой.",Other,6,5,unknown
312,finding a job,найти работу,Work,1,0,work
3331,"""As I was trying to sleep last night, I realized that, actually, it's creepy.""","«Когда я пытался заснуть прошлой ночью, я понял, что на самом деле это жутко».",Other,6,5,unknown
5523,Relationships tend to bring a superfluity of problems to a person's life.,Отношения имеют тенденцию привносить в жизнь человека избыток проблем.,Social Relationships,4,3,friends
5014,AGH! I'm never going to get all this homework done! I'm freaking out here because I have all these projects and papers due and not enough time to complete them!,"АХ! Я никогда не сделаю всю эту домашнюю работу! Я схожу с ума, потому что у меня есть все эти проекты и документы, и у меня недостаточно времени, чтобы завершить их!",School,1,0,work
241,do you have time to talk,у тебя есть время поговорить,Social Relationships,4,3,friends
272,"everything. i'm so overwhelmed, no help, no time urgggg","все. я так перегружен, нет помощи, нет времени, урггг",Everyday Decision Making,6,5,unknown
3218,im guna be busy all day today and first of all im fucking tired as shit and its after 12 30.,"Я сегодня весь день занят, и, во-первых, я чертовски устал, а сейчас уже после 12:30.",Other,6,5,unknown
710,"i can't really type it out, to much! but work, life family","я не могу напечатать это, слишком много! но работа, жизнь, семья",Work,1,0,work
5882,I just ran in to an interesting arguments about what's going on in Iraq How things seem so out of control.,"Я только что наткнулся на интересные рассуждения о том, что происходит в Ираке. Насколько ситуация вышла из-под контроля.",Other,6,5,unknown
4351,"Ummm... once again, livejournaling has become a chore, and I feel that I haven't quite captured the essence of today.","Ммм... ведение живого журнала снова стало рутинной работой, и я чувствую, что не совсем уловил суть сегодняшнего дня.",Other,6,5,unknown
4831,i've been so busy studying for finals that i haven't had time to update.,"я был так занят подготовкой к выпускным экзаменам, что у меня не было времени обновлять информацию.",School,1,0,work
1292,I'm really worried about how the corona virus will impact my life longterm.,"Я очень беспокоюсь о том, как вирус короны повлияет на мою жизнь в долгосрочной перспективе.","Health, Fatigue, or Physical Pain",3,2,health
3082,work school life you know,"работа, школьная жизнь, ты знаешь",Work,1,0,work
6370,i hate how im 13 no 11 years old max when my parents look at me.,"Я ненавижу, как мне 13, максимум 11 лет, когда мои родители смотрят на меня.",Family Issues,2,1,family
2258,omg my home life is so stressful. its like walking on pins and needles. constant arguing,"омг, моя домашняя жизнь такая напряженная. это как ходить по иголкам. постоянные споры",Family Issues,2,1,family
5239,I worry about Babs because her parents are being truly wretched to her about this whole process.,"Я волнуюсь за Бэбс, потому что ее родители действительно злятся на нее из-за всего этого процесса.",Social Relationships,4,3,friends
3942,I feel like my life is one bad decision after the next.,"Я чувствую, что моя жизнь — это одно плохое решение за другим.",Everyday Decision Making,6,5,unknown
401,having to tell my boss i am quitting,"мне приходится сказать своему боссу, что я увольняюсь",Work,1,0,work
5518,Being on your friends list made me very uncomfortable.,"Находясь в твоем списке друзей, мне было очень неловко.",Social Relationships,4,3,friends
4802,We had a lot to do and not enough time to finish it all.,"Нам нужно было многое сделать, но не хватило времени все закончить.",Work,1,0,work
296,Finances,Финансы,Financial Problem,5,4,finance
1934,my husbands affair childs mom,"роман моего мужа, мама ребенка",Family Issues,2,1,family
4939,Mostly because I don't have a job lined up for when I go back to school which makes me nervous.,"Главным образом потому, что у меня нет работы, когда я вернусь в школу, и это заставляет меня нервничать.",Work,1,0,work
2993,"work has bee rough, we are short staffed and busy.","Работа была тяжелой, у нас не хватает сотрудников и мы заняты.",Work,1,0,work
1503,ive been struggling to get my bills paid,я изо всех сил пытаюсь оплатить свои счета,Financial Problem,5,4,finance
1793,my car has been acting up and i have no idea how to fix it,"моя машина заглохла, и я понятия не имею, как это исправить",Everyday Decision Making,6,5,unknown
6120,"Work takes up so much time, though, and my finances are so tight because of my expenses, that i feel like my life is, at this point, an investment.","Однако работа отнимает так много времени, а мои финансы настолько ограничены из-за моих расходов, что я чувствую, что моя жизнь на данный момент является инвестицией.",Financial Problem,5,4,finance
2655,The recent coronavirus outbreak is stressing me out.,Недавняя вспышка коронавируса вызывает у меня стресс.,"Health, Fatigue, or Physical Pain",3,2,health
558,"I am in the last stretch of my professional school career, and things a rough!","Я нахожусь на последнем этапе своей профессиональной школьной карьеры, и дела идут тяжело!",School,1,0,work
4882,I officially have 2 weeks of classes before finals week.,У меня официально есть 2 недели занятий до финальной недели.,School,1,0,work
662,i am very poor right now.,я сейчас очень беден.,Financial Problem,5,4,finance
2725,there is not enough to do around here i am worried that i might lose my job,"здесь нечем заняться, я боюсь, что могу потерять работу",Work,1,0,work
3152,you need to keep going. do not give up.,вам нужно продолжать идти. не сдавайся.,Other,6,5,unknown
779,i got a new boss who is a jerk,"у меня новый босс, он придурок",Work,1,0,work
5120,today i couldnt wake up for school.,сегодня я не мог проснуться в школу.,School,1,0,work
5789,I have an EXTREME headache from my brothers bickering back and forth.,"У меня ОЧЕНЬ болит голова из-за того, что мои братья ссорятся взад и вперед.","Health, Fatigue, or Physical Pain",3,2,health
4311,That's why I felt so sad because I'm not keeping up with my daily readings.,"Вот почему мне было так грустно, потому что я не успеваю за ежедневным чтением.",School,1,0,work
1984,my kids. they never listen. i try so hard to be patient with them because i know its my,"мои дети. они никогда не слушают. я очень стараюсь быть терпеливой с ними, потому что знаю, что это мое",Family Issues,2,1,family
1733,my back has been bothering me and i've decided to see a doctor.,"меня беспокоила спина, и я решил обратиться к врачу.","Health, Fatigue, or Physical Pain",3,2,health
6025,"I am sad, because my paid account expired, and I no longer have access to my friendsfriends page.","Мне грустно, потому что срок действия моего платного аккаунта истек, и у меня больше нет доступа к странице моих друзей.",Other,6,5,unknown
5669,"With the situation in the Supreme Court soon to reach critical mass, I am very much afraid of where this country is going.","Поскольку ситуация в Верховном суде скоро достигнет критической массы, я очень боюсь того, куда движется эта страна.",Other,6,5,unknown
2068,my significant other resents the amount of time I am at work,"мою вторую половинку возмущает количество времени, которое я провожу на работе",Social Relationships,4,3,friends
5425,I'm tired of people trying to talk me out of my decisions.,"Я устал от людей, пытающихся отговорить меня от моих решений.",Everyday Decision Making,6,5,unknown
1455,i've been really stressed about bills lately. i haven't been able to make enough money.,в последнее время меня очень беспокоят счета. я не смог заработать достаточно денег.,Financial Problem,5,4,finance
4869,Cuz they take up too much time and i get way to distracted from my homework.,"Потому что они отнимают слишком много времени, и я отвлекаюсь от домашней работы.",School,1,0,work
1948,my job and the lack of pay is stressing me out,моя работа и отсутствие зарплаты меня раздражают,Work,1,0,work
549,i am having roommate issues.,у меня проблемы с соседями по комнате.,Social Relationships,4,3,friends
3440,I have been so tired lately though with working and classes and illnesses!,"Хотя я так устала в последнее время от работы, занятий и болезней!",School,1,0,work
4808,"I've got so much work to catch up on at home here, and this week is going to be hectic at the job as well.","У меня здесь так много работы, которую нужно успеть дома, и эта неделя также будет напряженной на работе.",Work,1,0,work
3363,My health has been so bad lately that I just couldn't do it.,"В последнее время мое здоровье было настолько плохим, что я просто не мог этого сделать.","Health, Fatigue, or Physical Pain",3,2,health
5489,Patients do seem a bit more pissy when stressed by the holidays.,"Пациенты кажутся немного более раздраженными, когда испытывают стресс из-за праздников.",Other,6,5,unknown
3941,"I feel like I did before we started going out, i'm discontent, i'm tired.","Я чувствую себя так же, как и до того, как мы начали встречаться, я недовольна, я устала.",Other,6,5,unknown
1539,I've just been really worried about getting my essay done on time :(,"Я просто очень волновалась о том, чтобы сдать эссе вовремя :(",School,1,0,work
4180,I've felt like I'm just going through the motions of life and it's just not good enough.,"Я чувствовал, что просто иду по стопам жизни, и этого недостаточно.",Emotional Turmoil,6,5,unknown
4338,this course selection made me stressed.,этот выбор курса вызвал у меня стресс.,School,1,0,work
4998,"Somehow, this school year is sucking. really badly too. i dread going every day.",Почему-то этот учебный год выдался отстойным. тоже очень плохо. я боюсь ходить каждый день.,School,1,0,work
208,Currently not being able to see my girlfriend is stressing me out slightly.,"Сейчас я немного расстраиваюсь из-за того, что не могу видеться со своей девушкой.",Social Relationships,4,3,friends
5579,I needed to relax very badly.,Мне очень нужно было расслабиться.,Other,6,5,unknown
3866,As for today..I'm frustrated and on my last nerve.,Что касается сегодняшнего дня... Я расстроен и действую из последних сил.,Emotional Turmoil,6,5,unknown
4081,I'm sick of trying to keep together and everything just going to shit in my hands.,"Мне надоело пытаться держаться вместе, и все будет рушиться у меня в руках.",Everyday Decision Making,6,5,unknown
6440,i am cutting myself off until tomorrow.,я отрезаю себя до завтра.,Emotional Turmoil,6,5,unknown
395,having to host christmas every year for adults that never reciprocate.,"каждый год приходится устраивать Рождество для взрослых, которые никогда не отвечают взаимностью.",Social Relationships,4,3,friends
5350,some of my friends really worry me.,некоторые из моих друзей меня очень беспокоят.,Social Relationships,4,3,friends
4426,The problem I have with cooking breakfast is that I always seem to burn it.,"Проблема, с которой я сталкиваюсь при приготовлении завтрака, заключается в том, что мне кажется, что он всегда подгорает.",Everyday Decision Making,6,5,unknown
1674,me and my friend are not talking to each other,я и мой друг не разговариваем друг с другом,Social Relationships,4,3,friends
5956,We didnt know any better. or maybe it's just the fact that i miss all my friends so much.,"Мы не знали ничего лучшего. или, может быть, дело в том, что я так скучаю по всем своим друзьям.",Social Relationships,4,3,friends
3334,"I've been really busy, and overly stressed.",Я был очень занят и чрезмерно напряжен.,"Health, Fatigue, or Physical Pain",3,2,health
4010,I was complaining about school and I was tired.,Я жаловался на школу и устал.,School,1,0,work
931,i have been stressed out about my recent weight gain.,я был в стрессе из-за моего недавнего увеличения веса.,"Health, Fatigue, or Physical Pain",3,2,health
1555,just been a long day at work and got into a fight there,просто был долгий день на работе и подрался там,Work,1,0,work
338,Getting laid of due tot he virus,Секс из-за вируса,Work,1,0,work
5472,My old friend Rachel Snyder was in the hospital with tuberculosis.,Моя старая подруга Рэйчел Снайдер попала в больницу с туберкулезом.,"Health, Fatigue, or Physical Pain",3,2,health
6532,I dunno something has been really getting on my nerves lately with school.,"Я не знаю, что-то в последнее время сильно действовало мне на нервы в школе.",School,1,0,work
2920,Well i need a new car soon and it's going to be expensive.,"Ну, мне скоро понадобится новая машина, и она будет дорогой.",Financial Problem,5,4,finance
3910,I already paid these exhorbitant costs at my current school and I'm reluctant to pay them again.,Я уже оплатил эти непомерные расходы в своей нынешней школе и не хочу платить их снова.,Financial Problem,5,4,finance
2828,trump's trade war,торговая война Трампа,Other,6,5,unknown
845,i have a situation with a coworker i can't figure out how to best address.,"У меня возникла ситуация с коллегой, и я не могу понять, как лучше всего к ней обратиться.",Work,1,0,work
4074,I'm really really in a conundrum about my job.,Я действительно в замешательстве по поводу своей работы.,Work,1,0,work
3156,"Back hurts, stomach hurts, I have a stomach ache.","Болит спина, болит живот, у меня болит живот.","Health, Fatigue, or Physical Pain",3,2,health
4347,"Today, I'm sick an tired of looking for ways to get money.",Сегодня мне надоело искать способы получить деньги.,Financial Problem,5,4,finance
6708,It was major traffic jam and people were all unwilling and stuff.,"Это была большая пробка, и люди не хотели и все такое.",Other,6,5,unknown
2353,reports i need to finish at work,"отчеты, которые мне нужно закончить на работе",Work,1,0,work
1468,i've been sick and my dog just died.,"Я заболел, и моя собака только что умерла.","Health, Fatigue, or Physical Pain",3,2,health
4701,I worry about you being cooped up in the house all the time.,"Я беспокоюсь о том, что ты все время заперт в доме.",Social Relationships,4,3,friends
959,i have been tired of dealing with frustrations within the family.,Я устал иметь дело с разочарованиями в семье.,Family Issues,2,1,family
4329,"There's always some reason to feel not good enough, and it's hard, at the end of the day.","Всегда есть какая-то причина чувствовать себя недостаточно хорошо, и в конце концов это тяжело.",Emotional Turmoil,6,5,unknown
3909,I ahve been thinking alot about work lately and Im starting to think that maybe Im not so happy here.,"В последнее время я много думаю о работе и начинаю думать, что, возможно, мне здесь не так уж хорошо.",Work,1,0,work
2338,recently i have been stressed about finding a job that values me as an individual.,"Недавно я был в стрессе по поводу поиска работы, которая ценит меня как личность.",Work,1,0,work
4640,"Moving house, getting married and becoming self employed are scary things.","Переезд, женитьба и работа на себя — это страшные вещи.",Social Relationships,4,3,friends
3286,"Major depression is likely to interfere significantly with everyday activity, with symptoms including insomnia, irritability, weight loss, and a lack of interest in outside events.","Большая депрессия, вероятно, существенно мешает повседневной деятельности, проявляясь такими симптомами, как бессонница, раздражительность, потеря веса и отсутствие интереса к внешним событиям.",Emotional Turmoil,6,5,unknown
1223,i'm chasing deadlines in my work projects.,я слежу за сроками в своих рабочих проектах.,Work,1,0,work
3504,now that this journal entry is more than half about food i have really begun to worry about myself and need to go.,"теперь, когда эта запись в дневнике больше половины посвящена еде, я действительно начал беспокоиться о себе и мне нужно идти.",Emotional Turmoil,6,5,unknown
4530,"He was waiting to meet with Gerard for their weekly 'check up' in the coffee shop, though he was late and Frank had already downed two cups.","Он ждал встречи с Джерардом для их еженедельного «осмотра» в кафе, хотя опаздывал, и Фрэнк уже выпил две чашки.",Social Relationships,4,3,friends
2037,my productivity,моя продуктивность,Other,6,5,unknown
809,i hate my job and haven't heard back from recent job applications i have submitted,"я ненавижу свою работу и не получил ответа о недавних заявлениях о приеме на работу, которые я подал",Work,1,0,work
6055,I just feel really bad that i can't make enough money where he wouldn't need to do this.,"Мне просто очень жаль, что я не могу заработать достаточно денег там, где ему это не нужно.",Financial Problem,5,4,finance
5197,"Whatever has caused the situation, you just don't seem to be able to sustain or maintain relationships as you would wish to.","Что бы ни стало причиной ситуации, похоже, вы просто не способны поддерживать или поддерживать отношения так, как вам хотелось бы.",Social Relationships,4,3,friends
1915,"my husband being gone all the time, and dealing with the kids 24/7.","моего мужа все время нет дома, и он занимается детьми 24 часа в сутки, 7 дней в неделю.",Family Issues,2,1,family
1215,i'm 6 months pregnant working a very tiring job.,"я на 6 месяце беременности, работаю очень утомительно.",Work,1,0,work
4609,I am having trouble lately motivating myself to do the things I have to.,"В последнее время мне трудно мотивировать себя делать то, что я должен.",Emotional Turmoil,6,5,unknown
5424,"My wife died almost two years ago,"" I lie to Trisha as she has fallen silent due to my inability to entertain her. ""","Моя жена умерла почти два года назад», — я вру Трише, поскольку она замолчала из-за моей неспособности ее развлечь».",Family Issues,2,1,family
6760,"Basically, I need more money.","В общем, мне нужно больше денег.",Financial Problem,5,4,finance
2651,the ppl at work are driving me nuts,люди на работе сводят меня с ума,Work,1,0,work
1454,i've been making poor eating habits in the last few weeks.,В последние несколько недель у меня появились плохие привычки в еде.,"Health, Fatigue, or Physical Pain",3,2,health
6030,amount of money ill be making from work in the next two weeks.,"сумму денег, которую я буду зарабатывать на работе в ближайшие две недели.",Other,6,5,unknown
6063,I'm now not going to have a car for about a week so that sucks.,"У меня теперь не будет машины примерно неделю, так что это отстой.",Other,6,5,unknown
797,i had a very tiring day at work.,у меня был очень утомительный день на работе.,Work,1,0,work
2649,the political situation right now.,политическая ситуация сейчас.,Other,6,5,unknown
3243,I am so tired and I am not in a good mood.,Я так устал и у меня не хорошее настроение.,"Health, Fatigue, or Physical Pain",3,2,health
2388,school is so stressful. my teachers are so unorganized,школа – это такой стресс. мои учителя такие неорганизованные,School,1,0,work
535,i am going to discuss about how she is handling with keeping her kids always busy in som,"я собираюсь обсудить, как она справляется с тем, чтобы ее дети всегда были чем-то заняты.",Family Issues,2,1,family
1559,just can't talk to people right now.,просто не могу сейчас разговаривать с людьми.,Social Relationships,4,3,friends
1200,"I would tell them that I haven't been feeling very good about things, and I would tell t","Я бы сказал им, что чувствую себя не очень хорошо по этому поводу, и сказал бы им:",Emotional Turmoil,6,5,unknown
1912,my hours were cut back at work,мои часы на работе были сокращены,Work,1,0,work
2101,my stomach hurts,у меня болит живот,"Health, Fatigue, or Physical Pain",3,2,health
4637,It's exhausting thinking every day that this is it.,"Утомительно каждый день думать, что это оно.",Other,6,5,unknown
692,I betrayed my best friend.,Я предал своего лучшего друга.,Social Relationships,4,3,friends
626,"i am stressed out financially, i am worried about paying my bills.","у меня финансовый стресс, я беспокоюсь об оплате счетов.",Financial Problem,5,4,finance
3041,Work has been too crazy. The deadlines are too short and the pressure is high,"Работа была слишком сумасшедшей. Сроки слишком короткие, а давление высокое.",Work,1,0,work
6343,Parents have this awful habit of fucking up their kids already pathetic lives.,У родителей есть ужасная привычка портить и без того жалкую жизнь своим детям.,Family Issues,2,1,family
5704,"Please note that I am suffering greatly at this point, this was all hontou ni traumatic.","Пожалуйста, обратите внимание, что я очень страдаю в этот момент, все это было очень травматично.",Emotional Turmoil,6,5,unknown
5715, it was necessary because I really needed to vent.,"это было необходимо, потому что мне действительно нужно было выговориться.",Emotional Turmoil,6,5,unknown
2033,my physical pain and mental health symptoms lately.,моя физическая боль и симптомы психического здоровья в последнее время.,"Health, Fatigue, or Physical Pain",3,2,health
6485,Being sick is really fucking up my school work.,Болезнь действительно портит мою школьную работу.,School,1,0,work
3487,"I am a little sad because it is cold, it is windy, I don't have a warm enough coat, and it's later then I wanted it to be.","Мне немного грустно, потому что холодно, ветрено, у меня нет достаточно теплого пальто, а уже позже, чем мне хотелось.",Other,6,5,unknown
5427,You know something's wrong when spending time with your friends makes you miserable.,"Вы знаете, что что-то не так, когда времяпровождение с друзьями делает вас несчастным.",Social Relationships,4,3,friends
5644,"I'm having anxiety issues I think, I'm stressed out even though I don't think I'm trying that hard.","Думаю, у меня проблемы с тревогой, я в стрессе, хотя не думаю, что я так уж стараюсь.",Emotional Turmoil,6,5,unknown
3539,My grandfather was hospitalized because he was having heart problems.,Мой дедушка был госпитализирован из-за проблем с сердцем.,Family Issues,2,1,family
5455,Lately I've started feeling lonely again and sad.,В последнее время я снова начал чувствовать себя одиноким и грустным.,Emotional Turmoil,6,5,unknown
1224,im constantly in pain and the doctors have no idea what to do,"мне постоянно больно, и врачи понятия не имеют, что делать","Health, Fatigue, or Physical Pain",3,2,health
357,global warming keeps getting worse and worse.,глобальное потепление становится все хуже и хуже.,Other,6,5,unknown
1600,"Just work and life in general man. coronas killin everyone, lol.","Просто работа и жизнь в целом, чувак. Корона убивает всех, лол.",Work,1,0,work
201,Covid-19 it laid of my husband from work. My surgery got postponed.,Covid-19 унес моего мужа с работы. Мою операцию отложили.,"Health, Fatigue, or Physical Pain",3,2,health
2304,planning financially for my internship next year,планирую финансово свою стажировку в следующем году,Financial Problem,5,4,finance
6799,my dad created very hostile situations for my family to endure and not being able to be there really took a toll on me.,"мой отец создавал очень враждебные ситуации для моей семьи, и отсутствие возможности присутствовать там действительно сказалось на мне.",Family Issues,2,1,family
4539,I worry about getting into college just about everyday now.,Я беспокоюсь о поступлении в колледж почти каждый день.,School,1,0,work
694,I can not job and it is stressing me lately.,"Я не могу работать, и в последнее время меня это напрягает.",Work,1,0,work
1726,my annoying sister has been stressing me.,моя надоедливая сестра меня раздражает.,Family Issues,2,1,family
915,i have been stressed about not having enough money after the christmas season?,меня беспокоило отсутствие денег после рождественского сезона?,Financial Problem,5,4,finance
4429,i am already sick and tired of waking up in the morning.,мне уже надоело просыпаться по утрам.,Other,6,5,unknown
4928,This class is the worst part of the whole day.,Этот урок — худшая часть всего дня.,School,1,0,work
5064,school has been really stressful lately. on top of drama practice and opening and everything,"в школе в последнее время был очень напряженный период. помимо драматической практики, открытия и всего остального.",School,1,0,work
3949,"I guess i have been very stressed out lately, cheques and etc...","Наверное, в последнее время у меня был сильный стресс, чеки и т. д.",Financial Problem,5,4,finance
2124,my weight gain has been stressing me out.,мой набор веса меня напрягает.,"Health, Fatigue, or Physical Pain",3,2,health
37,about working,о работе,Work,1,0,work
6743,has damaged so many levels of myself.,повредил очень много уровней себя.,Emotional Turmoil,6,5,unknown
5745,I don't know what to expect with the next coming months.,"Я не знаю, чего ожидать в ближайшие месяцы.",Other,6,5,unknown
2010,"my money, my job, everything i guess.","мои деньги, моя работа, все, что я думаю.",Family Issues,2,1,family
5859,"People with ADT have difficulty staying organized, setting priorities, and managing time, and they feel a constant low level of panic and guilt.","Людям с ADT трудно оставаться организованными, расставлять приоритеты и управлять временем, и они постоянно ощущают низкий уровень паники и вины.",Emotional Turmoil,6,5,unknown
3810,I am stressed about my finalgrade,Я переживаю из-за своей выпускной оценки,School,1,0,work
56,amazon turk has been really slow so i haven't been making much extra money...,"Amazon Turk работает очень медленно, поэтому я не зарабатываю много дополнительных денег...",Other,6,5,unknown
5312,I am getting lonely and need to have some social interaction.,"Мне становится одиноко, и мне нужно какое-то социальное взаимодействие.",Social Relationships,4,3,friends
3235,"yesterday i felt sorta sick, headache and tummy ache.","Вчера мне стало плохо, голова болела и живот болел.","Health, Fatigue, or Physical Pain",3,2,health
5237,I AM SO TIRED OF BOYS HAVING GIRLFRIENDS AND ME GETTING JEALOUS OVER THEM.,"Я ТАК УСТАЛА ОТ МАЛЬЧИКОВ, ЕСТЬ ПОДРУЖКИ, И Я РЕВНИЮ НАД НИМ.",Social Relationships,4,3,friends
5254,when I am in a bad mood people hold it against me.,"когда я в плохом настроении, люди злятся на меня.",Social Relationships,4,3,friends
2925,WELL OF COURSE IT WOULD ONLY BE THE CORONUS VIRUS SITUATION GOING ON. BEING SEPARATED FR,"НУ, КОНЕЧНО, ПРОДОЛЖАЕТСЯ ТОЛЬКО СИТУАЦИЯ С КОРОНОСИРУСОМ. РАЗДЕЛЕНИЕ FR","Health, Fatigue, or Physical Pain",3,2,health
4148,It's tough living with my parents again.,Мне снова тяжело жить с родителями.,Family Issues,2,1,family
411,"hello, what's stressing me out right now is my son's homework, he got too much homework","здравствуйте, что меня сейчас беспокоит, так это домашнее задание моего сына, у него слишком много домашних заданий",School,1,0,work
1282,i'm not sure how to start saving money.,"я не уверен, как начать экономить деньги.",Financial Problem,5,4,finance
3861,another Satuday has come and I'm really dreading work ......,"Наступила очередная суббота, и я очень боюсь работы......",Work,1,0,work
6205,"Bad, Im struggling so badly right now life sucks and now my mom and dad have to make me feel worse.","Плохо, мне сейчас так тяжело, жизнь отстой, и теперь моим маме и папе приходится заставлять меня чувствовать себя еще хуже.",Family Issues,2,1,family
1894,My girlfriend has been bugging me. She's always anxious and it's stressing me out.,"Моя девушка меня доставала. Она всегда волнуется, и это меня напрягает.",Social Relationships,4,3,friends
3588,when i sleep on a retarded schedule i tend to get depressed.,"когда я сплю по замедленному графику, я склонен впадать в депрессию.","Health, Fatigue, or Physical Pain",3,2,health
4102,I'm tired of them not knowing whatever that has been happening to me.,"Я устал от того, что они не знают, что со мной происходит.",Family Issues,2,1,family
4001,I think I'm getting worn out with the schedule i have.,"Я думаю, что утомляюсь своим графиком.","Health, Fatigue, or Physical Pain",3,2,health
2687,the trump corruption and impeachment with new controversies every day is exhausting,коррупция Трампа и импичмент с новыми противоречиями каждый день утомляют,Other,6,5,unknown
3825,im afraid of catching covid19. I still have to work and im putting my self and my family,"Я боюсь подхватить Covid19. Мне все еще нужно работать, и я вкладываю себя и свою семью","Health, Fatigue, or Physical Pain",3,2,health
6379,"Stress level is high as hell since I KNOW in Art Center I'm fucked over, I need to do things, like clean my room so I can do those things.","Уровень стресса чертовски высок, потому что я ЗНАЮ, что в Арт-центре я облажался, мне нужно что-то сделать, например, убрать в комнате, чтобы я мог делать эти вещи.",Everyday Decision Making,6,5,unknown
3542,"Speaking of my mom, she's been real sick lately and it's had me worried.","Говоря о моей маме, в последнее время она сильно заболела, и это меня беспокоило.","Health, Fatigue, or Physical Pain",3,2,health
5352,"i hate being around most of those people, e.e its sad when your a misfit in your own family..oh well. back to shop tommrow","Я ненавижу находиться рядом с большинством этих людей, но это грустно, когда ты не вписываешься в свою семью… ну, ладно. вернемся в магазин завтра",Family Issues,2,1,family
3718,Hey! This whole covid situation is really messing me up right now.,Привет! Вся эта ситуация с ковидом меня сейчас очень бесит.,Emotional Turmoil,6,5,unknown
5869,You need to come back because I need to talk to you damit!,"Тебе нужно вернуться, потому что мне нужно поговорить с тобой, черт возьми!",Social Relationships,4,3,friends
379,have been trying to find online work that is simple but rewarding its been stressfu,"Пытался найти в Интернете работу, которая была бы простой, но приносящей удовлетворение, это был стресс.",Work,1,0,work
2880,ugh paying my medical bills for this month,"тьфу, плачу свои медицинские счета за этот месяц",Financial Problem,5,4,finance
4919,"today was really busy, and I'm so tired, and other than running around school all day and doing work I haven't gotten much done.","сегодня был очень занят, и я так устал, и, кроме бега по школе весь день и выполнения работы, я мало что сделал.",School,1,0,work
6422,"Today, I am faced with the daunting task of cleaning, sanding, and priming the master bedroom.","Сегодня передо мной стоит непростая задача по очистке, шлифовке и грунтованию главной спальни.",Other,6,5,unknown
6629,"we aren't even talking my close friends from danny's studio yet, because i don't say goodbye to them for awhile.","мы пока даже не разговариваем с моими близкими друзьями из студии Дэнни, потому что я не прощаюсь с ними какое-то время.",Social Relationships,4,3,friends
1442,i've been having a tough time battling this anxiety; more particularly with relaxing.,мне было трудно бороться с этим беспокойством; точнее с расслаблением.,Emotional Turmoil,6,5,unknown
4865,"Usually if I had a test, it meant that I had to go to school.","Обычно, если у меня был тест, это означало, что мне нужно идти в школу.",School,1,0,work
1470,I've been so stressed about school,Я был так напряжен из-за школы,School,1,0,work
5712,"I don't really know how to handle the situation, and it makes me anxious if I think about it too much.","Я действительно не знаю, как справиться с ситуацией, и меня беспокоит, если я слишком много думаю об этом.",Emotional Turmoil,6,5,unknown
842,"I have a problem with my co-worker, can i talk to you","У меня проблема с моим коллегой, могу ли я поговорить с вами?",Work,1,0,work
852,i have an essay due on monday and i haven't started yet.,"Мне нужно написать эссе в понедельник, а я еще не начал.",School,1,0,work
2641,the pandemic and work,пандемия и работа,Work,1,0,work
269,"everything that has been going on that i explained to you, its all overwhelming me.","все, что происходит, что я тебе объяснил, меня ошеломляет.",Other,6,5,unknown
1889,"my friends death, his service was today.","смерть моего друга, его служба была сегодня.",Social Relationships,4,3,friends
3747,I have been having a problem in cooking pizza buddy. I kindly need your help.,"У меня возникла проблема с приготовлением пиццы, приятель. Мне очень нужна ваша помощь.",Other,6,5,unknown
176,"Corona Virus! I have not work, no contacts, can't leave the house. How are you?","Корона вирус! У меня нет работы, нет контактов, я не могу выйти из дома. Как вы?",Work,1,0,work
4704,Suck part is Don is off today with me and i feel stressed already.,"Отстой в том, что Дон сегодня уехал со мной, а я уже чувствую стресс.",Social Relationships,4,3,friends
3343,"I'm thirsty, but I worry that drinking too much water will just make me sick.","Я хочу пить, но боюсь, что если выпить слишком много воды, мне станет плохо.","Health, Fatigue, or Physical Pain",3,2,health
923,i have been stressed because its tough to work when you are bi-polar,"у меня стресс, потому что тяжело работать, когда у тебя биполярное расстройство",Work,1,0,work
3103,work. my new boss has limited technical ability.,работа. у моего нового босса ограниченные технические возможности.,Work,1,0,work
5542,I dont know I am just getting annoyed by my roommates.,"Я не знаю, меня просто раздражают мои соседи по комнате.",Social Relationships,4,3,friends
950,I have been stressing out about trying to get my son to do his homework.,Я постоянно переживал из-за попыток заставить сына сделать домашнее задание.,Family Issues,2,1,family
3368,"My nutritional levels plummeted, my liver was on the verge of failing, and my heart rate and blood pressure were still at dangerous levels.","Уровень моего питания резко упал, печень была на грани отказа, а частота сердечных сокращений и кровяное давление все еще находились на опасном уровне.","Health, Fatigue, or Physical Pain",3,2,health
1072,i just lost my job and am now doing job interviews.,Я только что потерял работу и сейчас прохожу собеседования.,Work,1,0,work
1757,my boss is stressing me out and doesn't seem to trust me,"мой босс меня раздражает и, кажется, мне не доверяет",Work,1,0,work
2706,the whole  corona  situation stresses me,вся ситуация с короной меня напрягает,"Health, Fatigue, or Physical Pain",3,2,health
4715,"i have to clean my house, between work and this damn outfit, it's a fucking mess.","мне нужно убрать дом, между работой и этой чертовой одеждой, это чертовски беспорядок.",Everyday Decision Making,6,5,unknown
3896,Due to screw up with my schedule.,"Из-за того, что у меня нарушился график.",Work,1,0,work
3175,"Ah, nothing, I just don't feel that well, im pretty tired.","Ах, ничего, я просто не очень хорошо себя чувствую, я очень устал.","Health, Fatigue, or Physical Pain",3,2,health
4281,school is angering me lately.,школа меня в последнее время бесит.,School,1,0,work
3875,it made me VERY ill on my way back home.,по дороге домой мне ОЧЕНЬ стало плохо.,"Health, Fatigue, or Physical Pain",3,2,health
6739,"If we are ever going to get out of this ridiculous situation, I need to be working.","Если мы когда-нибудь собираемся выбраться из этой нелепой ситуации, мне нужно работать.",Work,1,0,work
3998,I suppose my biggest problem in my life at the moment is my sheer lack of proper Time Management.,"Полагаю, моя самая большая проблема в жизни на данный момент — это полное отсутствие надлежащего тайм-менеджмента.",Other,6,5,unknown
469,hi! right now i'm struggling with financial problems since i just recently moved here.,"привет! сейчас я борюсь с финансовыми проблемами, так как совсем недавно переехал сюда.",Financial Problem,5,4,finance
5647,"I have a ton of stress and I cant handle it, or anymore, right now.","У меня огромный стресс, и я не могу с ним справиться, или больше, прямо сейчас.",Other,6,5,unknown
6036,I am really bad with money and struggle to save or spend appropriately.,"У меня очень плохо с деньгами, и я изо всех сил стараюсь экономить или тратить их разумно.",Financial Problem,5,4,finance
5165,School just really stresses me out.,Школа просто меня очень напрягает.,School,1,0,work
2155,No money. No job. No worries.,Нет денег. Нет работы. Не беспокойся.,Financial Problem,5,4,finance
4058,i'm having a hard time today working up the interest to do much of anything lately...someone save me from myself...,"сегодня мне трудно найти в себе интерес что-либо делать в последнее время... кто-нибудь, спасите меня от самого себя...",Emotional Turmoil,6,5,unknown
3086,work stresses me out because i am in review for a promotion.,"работа вызывает у меня стресс, потому что я собираюсь получить повышение.",Work,1,0,work
297,finances are tight right now,с финансами сейчас туго,Financial Problem,5,4,finance
6424,breakfast takes too long to cook. and christmas needs to get here because I really want to know what linda got me.,"завтрак готовится слишком долго. и Рождество должно наступить, потому что я очень хочу знать, что Линда подарила мне.",Other,6,5,unknown
5865,"Her mom has cancer, too so I'm trying to help her stay strong but its hard being someone's rock when you feel like crumbling yourself.","У ее мамы тоже рак, поэтому я пытаюсь помочь ей оставаться сильной, но трудно быть чьей-то опорой, когда тебе хочется развалиться.",Social Relationships,4,3,friends
3261,i'm just not sure if i can handle it all because i'm stressing out just thinking about it.,"я просто не уверен, смогу ли я со всем этим справиться, потому что я испытываю стресс, просто думая об этом.",Emotional Turmoil,6,5,unknown
4822,"Because of my recent sick days, I have way too much homework and work to do.",Из-за недавней болезни у меня слишком много домашней работы и работы.,School,1,0,work
313,finding a job recently.,недавно нашел работу.,Work,1,0,work
4744,One of my struggles with my new independant lifestyle is making meals.,Одна из моих проблем с новым независимым образом жизни — приготовление еды.,Everyday Decision Making,6,5,unknown
3664,I'm getting really tired of working shitty jobs.,Я очень устал от дерьмовой работы.,Work,1,0,work
5801,So all that just messed me up or something.,Так что все это просто сбило меня с толку или что-то в этом роде.,Emotional Turmoil,6,5,unknown
4336,Things with my family have been insane lately.,В последнее время дела в моей семье были сумасшедшими.,Family Issues,2,1,family
2774,this dang corona virus has me stressed,этот чертов короновирус вызвал у меня стресс,"Health, Fatigue, or Physical Pain",3,2,health
1656,"Lost job due to virus, out of money, wife's ss is only income","Потерял работу из-за вируса, денег нет, сс жены - единственный доход",Financial Problem,5,4,finance
2092,my son moving into an apartment in this area.,мой сын переезжает в квартиру в этом районе.,Family Issues,2,1,family
5843,just a big fuck you to everyone that doubts me.,"просто черт возьми всем, кто во мне сомневается.",Social Relationships,4,3,friends
4807,There's even just so much to get done in the next two weeks and I'm losing steam.,"В ближайшие две недели нужно успеть сделать так много, что я теряю темп.",Other,6,5,unknown
5588,"I, then, blame it on the cat when I want my parents to see and get me some help.","Затем я виню в этом кошку, когда хочу, чтобы мои родители увидели меня и помогли мне.",Family Issues,2,1,family
5705,You want to know how stressed I'm going to be?,"Хочешь знать, насколько я буду в стрессе?",Other,6,5,unknown
416,Hey John have been going thru a rough time mate. Feeling very low.,"Эй, Джон, у тебя тяжелые времена, приятель. Чувствую себя очень подавленным.",Emotional Turmoil,6,5,unknown
4821,Something about the repetitive nature of my job leaves me severely lacking in brain capacity by the end of the day.,"Что-то в повторяющемся характере моей работы приводит к тому, что к концу дня мне сильно не хватает умственных способностей.",Work,1,0,work
1712,"mostly about school work, upcoming exams and grades","в основном о школьной работе, предстоящих экзаменах и оценках",School,1,0,work
3223,Tired eyes and a sore heart.,Усталые глаза и больное сердце.,"Health, Fatigue, or Physical Pain",3,2,health
1615,lately at work i've been stressed out due to a toxic environment with my coworkers.,в последнее время на работе я испытывал стресс из-за токсичной среды с моими коллегами.,Work,1,0,work
6001,"Well, our pass making machine has been broken for the last month, so we couldn't do it.","Ну, наша машина для изготовления пропусков сломалась в прошлом месяце, поэтому мы не смогли это сделать.",Other,6,5,unknown
2568,"The COVID-19 situation has been hard, especially with transitioning to online classes","Ситуация с COVID-19 была сложной, особенно с переходом на онлайн-занятия.",School,1,0,work
733,i don't have enough money for vacation,мне не хватает денег на отпуск,Financial Problem,5,4,finance
594,i am so tired of being so sick,я так устал быть таким больным,"Health, Fatigue, or Physical Pain",3,2,health
1884,my foster kitten is dying.,мой приемный котенок умирает.,Emotional Turmoil,6,5,unknown
1646,long day,долгий день,Other,6,5,unknown
3373,so yeah i am tired and i have to go to the doctor today oh joy!,"так что да, я устал и мне сегодня нужно пойти к врачу, о, радость!","Health, Fatigue, or Physical Pain",3,2,health
3402,"They have no holiday pay, 401k plans, medical, dental or anything.","У них нет отпускных, планов 401 тыс., медицинских, стоматологических или чего-то еще.",Work,1,0,work
1910,My hours at work were cut so I am worried about paying bills,"Мои часы на работе были сокращены, поэтому я беспокоюсь об оплате счетов.",Financial Problem,5,4,finance
2534,The Coronavirus is stressing me out! The kids have lost their minds.,Коронавирус меня напрягает! Дети сошли с ума.,Family Issues,2,1,family
4245,my social life seems to eb failing me lately.,"моя общественная жизнь, кажется, в последнее время меня подводит.",Social Relationships,4,3,friends
6786,"Because of the fact that I don't get paid for a while, I'm running severely short on money for stuff.","Из-за того, что мне какое-то время не платят, у меня катастрофически не хватает денег на вещи.",Financial Problem,5,4,finance
1015,i have so much to do and i'm always scared i'm forgetting something.,"У меня так много дел, и я всегда боюсь, что что-то забуду.",Emotional Turmoil,6,5,unknown
4307,Take into consideration my exhausting semester... but I'm still worried.,Примите во внимание мой изнурительный семестр... но я все еще волнуюсь.,School,1,0,work
2849,trying to find more clients to support the business so i can afford my own place.,"пытаюсь найти больше клиентов для поддержки бизнеса, чтобы я мог позволить себе собственное жилье.",Financial Problem,5,4,finance
4060,"I'm just a bit stressed about work, anxious about upcoming vacation, and missing Steve.","Я просто немного нервничаю из-за работы, беспокоюсь о предстоящем отпуске и скучаю по Стиву.",Work,1,0,work
666,I am very stressed right now thinking about the coronavirus.,"Я сейчас очень напряжен, думая о коронавирусе.",Emotional Turmoil,6,5,unknown
309,financial stress of being bread winner for my family is stressing me out.,"Финансовый стресс из-за того, что я кормилец своей семьи, меня напрягает.",Financial Problem,5,4,finance
565,i am nervous about applying to pt school and getting in,я нервничаю по поводу подачи заявления в PT School и поступления,School,1,0,work
6635,"The master of the house is temperamental, and troubled by some sort of outside more than the new cleaning lady.","Хозяин дома темпераментен, и его беспокоят какие-то внешние обстоятельства больше, чем новая уборщица.",Other,6,5,unknown
4625,how I have so much work to do and not enough time. Fuck.,как у меня так много работы и мало времени. Ебать.,Work,1,0,work
1126,I really need to get out of my house.,Мне действительно нужно выбраться из дома.,Other,6,5,unknown
4578,its torture turning over everyday.,"это пытка, повторяющаяся каждый день.","Health, Fatigue, or Physical Pain",3,2,health
1407,It's been a long day.,Это был долгий день.,Other,6,5,unknown
5506,My roommates are pissing me off.,Мои соседи по комнате меня бесят.,Social Relationships,4,3,friends
236,Definitely the COVID-19 Global outbreak that requires being Quarantined,"Определенно, это глобальная вспышка COVID-19, которая требует карантина.","Health, Fatigue, or Physical Pain",3,2,health
4659,Seriously considering moving in with my friend coz the house situation is getting rather stressful.,"Серьезно подумываю о переезде к моему другу, потому что ситуация в доме становится довольно напряженной.",Family Issues,2,1,family
840,i have a problem in my health,у меня проблемы со здоровьем,"Health, Fatigue, or Physical Pain",3,2,health
3732,the treat of martial law.,положение о военном положении.,Other,6,5,unknown
2798,This whole coronavirus sitation.,Вся эта ситуация с коронавирусом.,"Health, Fatigue, or Physical Pain",3,2,health
5603,"Last night, Gerry and I had a dispute, I think it was overreacted but I still feel bad for hurting his feelings.","Вчера вечером мы с Джерри поссорились, я думаю, что это была слишком бурная реакция, но мне все еще жаль, что я задел его чувства.",Social Relationships,4,3,friends
1371,i'm worried about my granddaughter who is sick.,"Я беспокоюсь о своей внучке, которая больна.",Family Issues,2,1,family
1787,my brother just found out he has cancer,"мой брат только что узнал, что у него рак","Health, Fatigue, or Physical Pain",3,2,health
5001,"I had practice for 3 hours today and school was hectic, so I am about ready to collapse!","Сегодня у меня была трехчасовая тренировка, и в школе было суматоху, так что я почти готов упасть в обморок!",School,1,0,work
3746,Well lately I've been trying to email a company and they don't answer,"Ну, в последнее время я пытаюсь написать в компанию по электронной почте, но они не отвечают.",Financial Problem,5,4,finance
2982,"work , i have this new manager who doest know much .","работа, у меня новый менеджер, который мало что знает.",Work,1,0,work
6049,I don't make enough money to be able to call in as much as I do.,"Я не зарабатываю достаточно денег, чтобы иметь возможность звонить так часто, как я.",Financial Problem,5,4,finance
3798,Trying to complete these reports before the deadline.,Пытаюсь завершить эти отчеты до установленного срока.,Work,1,0,work
2824,traffic!,трафик!,Emotional Turmoil,6,5,unknown
1017,i have so much to do today and now my kid is sick.,"Мне нужно так много сделать сегодня, и теперь мой ребенок заболел.",Family Issues,2,1,family
930,i have been stressed out about money and my finances.,у меня был стресс из-за денег и моих финансов.,Financial Problem,5,4,finance
351,"girl i am at work , they are stressing me out over bread of the week.","девочка, я на работе, они меня напрягают из-за хлеба на неделю.",Work,1,0,work
2515,the coronavirus,коронавирус,"Health, Fatigue, or Physical Pain",3,2,health
21,a paper i need to write,"документ, который мне нужно написать",School,1,0,work
1307,I'm stress out about having to work from home and not being able to see anyone.,"Я переживаю из-за того, что мне приходится работать из дома и я не могу никого видеть.",Social Relationships,4,3,friends
1419,its just my job as always..too much work and too little time,"это просто моя работа, как всегда... слишком много работы и слишком мало времени",Work,1,0,work
2555,The COVID 19 and my job loss,COVID 19 и моя потеря работы,Work,1,0,work
5893,"Although, i'm still pretty stressed but i'm trying really hard not to think about where things are going to go right now.","Хотя я все еще в сильном стрессе, но я очень стараюсь не думать о том, куда все пойдет прямо сейчас.",Emotional Turmoil,6,5,unknown
6329,my mom's losing her job.,моя мама теряет работу.,Work,1,0,work
4441,i spend alot of my time at work worrying about kids like this.,"я провожу много времени на работе, беспокоясь о таких детях.",Emotional Turmoil,6,5,unknown
4534,"My hours prevent me from going at normal, after work, times.",Мой график не позволяет мне работать в обычное время после работы.,Work,1,0,work
5585,i'm sorry jr is in jail.,"мне жаль, что младший в тюрьме.",Social Relationships,4,3,friends
4608,whenever i get really upset or really excited i dont eat.,"всякий раз, когда я очень расстраиваюсь или очень волнуюсь, я не ем.","Health, Fatigue, or Physical Pain",3,2,health
6133,"In other words, I am BROKE. I have no money.","Другими словами, я СЛОМАН. У меня нет денег.",Financial Problem,5,4,finance
2430,"sorry, but i don't want to talk about it.","извини, но я не хочу об этом говорить.",Other,6,5,unknown
3836,"I dunno, things are just changing lately- and it's as if me and my roommate did something wrong?","Не знаю, в последнее время все меняется, и мне кажется, что мы с соседом по комнате сделали что-то не так?",Social Relationships,4,3,friends
3690,My lack of workout time.,У меня не хватает времени на тренировки.,"Health, Fatigue, or Physical Pain",3,2,health
2056,"my rent was due a week ago, i have not work to earn money","моя арендная плата должна была быть оплачена неделю назад, мне не нужно работать, чтобы зарабатывать деньги",Financial Problem,5,4,finance
6710,"I feel so left out, so alone, so not a part of any of this.","Я чувствую себя таким покинутым, таким одиноким, не участвующим ни в чем из этого.",Emotional Turmoil,6,5,unknown
4039,I'm feeling conflicted about doing Melissa's pictures this week.,Я испытываю противоречивые чувства по поводу работы над фотографиями Мелиссы на этой неделе.,Everyday Decision Making,6,5,unknown
3706,hours cut at work,часы на работе сокращены,Work,1,0,work
2411,sick kids and animals,больные дети и животные,Family Issues,2,1,family
4502,its so hard for me to eat or even drink.,мне так трудно есть и даже пить.,"Health, Fatigue, or Physical Pain",3,2,health
5590,Mado's father died at 12pm today and she was so upset.,"Отец Мадо умер сегодня в 12 часов дня, и она была так расстроена.",Family Issues,2,1,family
4158,i've been having a serious upon serious case of artist's block lately and i most definately do NOT like it.,"В последнее время у меня был очень серьезный случай творческого кризиса, и мне это определенно НЕ нравится.",Work,1,0,work
6336,They're so dysfunctional that their family counselor decides she can't deal with them.,"Они настолько неблагополучны, что их семейный консультант решает, что она не может с ними справиться.",Family Issues,2,1,family
4698,I know there is so much to do in this house but I just can't sit here and stare at these walls all day long.,"Я знаю, что в этом доме так много дел, но я просто не могу сидеть здесь и смотреть на эти стены целый день.",Other,6,5,unknown
4335,things have changed alot and i think we have been growing apart and i dont really like it,"все сильно изменилось, и я думаю, что мы отдаляемся друг от друга, и мне это не очень нравится",Social Relationships,4,3,friends
6146,so my mom has been stressin out a lot over my gramma.,так что моя мама очень переживала из-за моей бабушки.,Family Issues,2,1,family
253,"due to the corona virus, i must stay home. it means i get no salary","из-за вируса короны я должен остаться дома. это значит, что я не получаю зарплату",Social Relationships,4,3,friends
4885,i have to write my damn english reflection essay this weekend.,На этих выходных мне нужно написать чертово эссе по английскому.,School,1,0,work
2883,"ugh, my boss and entire team is changing.","тьфу, мой босс и вся команда меняются.",Work,1,0,work
3489,I still wrestled with back pain and a toothache.,Я все еще боролся с болью в спине и зубной болью.,"Health, Fatigue, or Physical Pain",3,2,health
5088,I hate this whole school thing it makes me sad. Im concerned about my grades already and im not doing as well as i want to.,"Я ненавижу всю эту школьную ерунду, мне грустно. Я уже обеспокоен своими оценками, и у меня дела идут не так хорошо, как хотелось бы.",School,1,0,work
5867,I guess it is just that i am lonely and i dont know what is wrong with me why i cant make friends like everyone else does.,"Наверное, мне просто одиноко, и я не знаю, что со мной не так, почему я не могу заводить друзей, как все остальные.",Social Relationships,4,3,friends
2574,The Covid-19 Virus affecting our world where we can't go outside.,"Вирус Covid-19 поражает наш мир, из которого мы не можем выйти на улицу.","Health, Fatigue, or Physical Pain",3,2,health
3003,"work has been giving me fewer new leads until friday, limiting my earning capacity.","До пятницы работа давала мне меньше новых потенциальных клиентов, что ограничивало мою способность зарабатывать.",Work,1,0,work
4142,it's like life doesn't stay good for long with me.,как будто жизнь со мной недолго остается хорошей.,Other,6,5,unknown
345,getting the bus to work.,заставить автобус работать.,Other,6,5,unknown
3375,"finally today the headache, fever, swollen glands, sore throat, achy muscle crap started.","наконец сегодня началась головная боль, температура, опухшие гланды, боль в горле, ломота в мышцах.","Health, Fatigue, or Physical Pain",3,2,health
4710,"I am super tired, and I am trying to convince George to cook supper.",Я очень устал и пытаюсь убедить Джорджа приготовить ужин.,"Health, Fatigue, or Physical Pain",3,2,health
5849,I've just been ridiculously emotional.,Я просто был до смешного эмоционален.,Emotional Turmoil,6,5,unknown
243,donald trump and the republicans are destroying our democracy,Дональд Трамп и республиканцы разрушают нашу демократию,Other,6,5,unknown
5490,I'm tired of being this person my mom and family expect me to be.,"Я устал быть тем человеком, которого ожидают от меня моя мама и семья.",Family Issues,2,1,family
5415,"Too much masculinity, and he doesn't need women at all, not on the deepest level.","Слишком много мужественности, и женщины ему вообще не нужны, ни на самом глубоком уровне.",Social Relationships,4,3,friends
2148,nervous about work,нервничаю из-за работы,Work,1,0,work
5583,"Sadly, one of the kittens died the second night I had them","К сожалению, один из котят умер на вторую ночь, когда они у меня появились.",Emotional Turmoil,6,5,unknown
3669,"I came back very ill, and haven't really been back to work due to illness.",Я вернулся очень больным и из-за болезни так и не вернулся на работу.,"Health, Fatigue, or Physical Pain",3,2,health
4497,"Well, this is my stress currently thats goin through my mind every second of everyday sooo far.","Ну, это мой стресс, который сейчас крутится у меня в голове каждую секунду каждого дня.",Emotional Turmoil,6,5,unknown
3770,Work is expecting me back and I feel unsafe going back,"Работа ждет моего возвращения, и я чувствую себя небезопасно, возвращаясь обратно.",Work,1,0,work
6539,"i attempted to get a head start on studying for finals, my major 2 are this week, and yet that didn't work very well.","Я пытался начать готовиться к выпускным экзаменам, мои основные 2 будут на этой неделе, но это сработало не очень хорошо.",School,1,0,work
3422,"Our family dog suddenly started battling health problems and before we knew it, she had died.","У нашей семейной собаки внезапно начались проблемы со здоровьем, и прежде чем мы узнали об этом, она умерла.",Emotional Turmoil,6,5,unknown
3647,"I had a lot of trouble getting to sleep, despite my being extremely tired.","Мне было очень трудно заснуть, несмотря на то, что я очень устал.","Health, Fatigue, or Physical Pain",3,2,health
218,dealing with grief following the death of both my grandparents last month,справиться с горем после смерти моих бабушки и дедушки в прошлом месяце,Emotional Turmoil,6,5,unknown
4149,"I've become so apathetic with my work lately, it's kind of scary.","В последнее время я стал настолько апатичен к своей работе, что это даже пугает.",Work,1,0,work
5510,if they are in a group with their friends I clam up and won't talk to them.,"если они в группе со своими друзьями, я замолкаю и не разговариваю с ними.",Social Relationships,4,3,friends
1366,I'm worried about how long we'll be in isolation from covoid-19,"Меня беспокоит, как долго мы будем находиться в изоляции от Covid-19.","Health, Fatigue, or Physical Pain",3,2,health
4028,im a bit freaked out about paying for school now.. sick to my stomach type stuff..,я сейчас немного волнуюсь из-за оплаты за школу.. меня тошнит от таких вещей..,Financial Problem,5,4,finance
4454,With so many lay off's everybody worried about their jobs.,С таким количеством увольнений все беспокоятся о своей работе.,Work,1,0,work
3359,His health began to rapidly deteriorate when well intentioned but overbearing regulations were set in place.,"Его здоровье начало быстро ухудшаться, когда были установлены благие намерения, но властные правила.","Health, Fatigue, or Physical Pain",3,2,health
407,he needs to get help when he needs it.,"ему нужна помощь, когда она ему нужна.",Other,6,5,unknown
5544,i dread going out of the way to socialize with pple i just don't feel comfortable around.,"я боюсь отказываться от общения с людьми, мне просто некомфортно рядом.",Social Relationships,4,3,friends
165,coming up with a 1000.00 to fix my vehicle that needs to be repaired.,"придумываю 1000,00, чтобы починить мою машину, которую нужно отремонтировать.",Financial Problem,5,4,finance
2209,not knowing what i want to do with my life.,"не зная, что я хочу делать со своей жизнью.",Everyday Decision Making,6,5,unknown
6279,"mother is back, and feels odd here at home. for three weeks","мать вернулась и чувствует себя странно здесь, дома. на три недели",Family Issues,2,1,family
282,feeling bad about myself,плохо себя чувствую,Emotional Turmoil,6,5,unknown
3262,Also I'm going to the doctor because my knee and back really hurt too.,"Еще я иду к врачу, потому что у меня тоже очень болят колено и спина.","Health, Fatigue, or Physical Pain",3,2,health
1333,i'm stressed that i don't make enough money at work.,"меня беспокоит, что я недостаточно зарабатываю на работе.",Financial Problem,5,4,finance
2114,my truck won't start,мой грузовик не заводится,Other,6,5,unknown
1928,my husband not spending time with me. he is always woking andi feel lonely and rejected.,"мой муж не проводит со мной времени. он всегда просыпается, и я чувствую себя одиноким и отвергнутым.",Family Issues,2,1,family
3190,Problem with me feeling better is that it's harder and harder to convince myself I need to eat healthy.,"Проблема с моим улучшением самочувствия заключается в том, что мне становится все труднее и труднее убедить себя, что мне нужно питаться здоровой пищей.","Health, Fatigue, or Physical Pain",3,2,health
4901,School is stressing me out so much right now.,Школа меня сейчас очень напрягает.,School,1,0,work
2951,what a stressful day with my co-worker!  shes so annoying!,какой напряженный день с моим коллегой!  она такая раздражающая!,Work,1,0,work
2762,This coronavirus might wipe out the human race!,Этот коронавирус может уничтожить человечество!,Other,6,5,unknown
4504,"the rest of my day i've spent looking for apartments, all of which seem to be a bit pricey.","Остаток дня я провел в поисках квартир, и все они оказались немного дорогими.",Other,6,5,unknown
6388,"However, customizing the Start Menu is now a big pain.",Однако настройка меню «Пуск» теперь стала большой проблемой.,Work,1,0,work
2389,school is starting back up again,школа снова начинает работать,School,1,0,work
189,court in 2 weeks nd no deal in sight,"суд через 2 недели, сделки не предвидится",Other,6,5,unknown
438,"hey, my supervisor was on me again today. i don't think she likes me.","эй, мой руководитель сегодня снова был на связи со мной. я не думаю, что я ей нравлюсь.",Work,1,0,work
6835,my mom got sick and i needed to be here.,"моя мама заболела, и мне нужно было быть здесь.",Family Issues,2,1,family
415,hey how did you find it  i just want to share my thoughts about my family situation to u,"эй, как ты это нашел, я просто хочу поделиться с тобой своими мыслями о моей семейной ситуации",Family Issues,2,1,family
5061,"Since being back at school, I've had to cram weeks' worth of information into days, give open note tests because of the ridiculous pace, and pile on the homework.","С тех пор, как я вернулся в школу, мне приходилось втиснуть информацию, накопленную за несколько недель, в дни, сдавать открытые конспекты из-за нелепого темпа и накапливать домашние задания.",School,1,0,work
3663,"i'm sick and tired of working long hours and not getting enough pay, this is shitless!","мне надоело работать сверхурочно и не получать достаточно зарплаты, это дерьмо!",Work,1,0,work
2809,time management,тайм-менеджмент,Everyday Decision Making,6,5,unknown
1277,i'm not making as much money as i would like.,"я не зарабатываю столько денег, сколько хотелось бы.",Financial Problem,5,4,finance
864,I have been feeling a lot more fatigue lately.,В последнее время я чувствую гораздо большую усталость.,"Health, Fatigue, or Physical Pain",3,2,health
4696,Needless to say I was very upset yesterday.,"Излишне говорить, что я был очень расстроен вчера.",Emotional Turmoil,6,5,unknown
5507,I worry too much about what people think of me18.,"Я слишком беспокоюсь о том, что обо мне думают люди18.",Social Relationships,4,3,friends
66,At the moment just life,На данный момент просто жизнь,Everyday Decision Making,6,5,unknown
5857,tremendous anxiety is keeping me from getting anything done.,огромное беспокойство не дает мне ничего сделать.,Emotional Turmoil,6,5,unknown
500,hope to pay my everday bills,надеюсь оплатить свои ежедневные счета,Financial Problem,5,4,finance
1458,i've been really stressed about sean's anxiety lately.,В последнее время меня очень беспокоит тревога Шона.,Social Relationships,4,3,friends
6102,"This week, however, has turned into one hell of a crazy week with everything piling up and my not have enough time.","Однако эта неделя превратилась в чертовски сумасшедшую неделю: всего накопилось, а времени не хватает.",Other,6,5,unknown
2890,Uncertainty of the future of my current position at work.,Неопределенность будущего моего нынешнего положения на работе.,Work,1,0,work
4194,Lately I've been feeling like I'm losing touch with myself and the people I love.,"В последнее время я чувствую, что теряю связь с собой и людьми, которых люблю.",Social Relationships,4,3,friends
816,i have a chemistry test tomorrow and i'm really nervous,"завтра у меня тест по химии, и я очень нервничаю",School,1,0,work
6042,I don't get paid nearly enough to be doing both.,"Мне платят недостаточно, чтобы заниматься и тем, и другим.",Work,1,0,work
232,Deciding wether or not to return back to school,"Решение, возвращаться в школу или нет",School,1,0,work
472,"hi, i finished my project at work and waiting for something new.","привет, я закончил свой проект на работе и жду чего-то нового.",Work,1,0,work
358,going back to work,возвращаюсь к работе,Work,1,0,work
817,i have a colleague at work who lost her phone but she is suspecting me.,"У меня есть коллега на работе, которая потеряла телефон, но подозревает меня.",Work,1,0,work
1304,"I'm still looking for work, and coronavirus is going to slow that down.","Я все еще ищу работу, и коронавирус замедлит этот процесс.",Work,1,0,work
2423,some of my outdoor plants died in the recent cold weather.,некоторые из моих уличных растений погибли в недавние холода.,Other,6,5,unknown
4471,I seriusly have nothing to eat and I'm too lazy and broke to go out and get something. maybe for dinner.,"Мне серьезно нечего есть, и я слишком ленив и беден, чтобы пойти куда-нибудь и что-нибудь купить. возможно, на ужин.",Financial Problem,5,4,finance
2093,my son stresses me out in the morning-he refuses to concentrate on getting ready and fre,мой сын вызывает у меня стресс по утрам - он отказывается сосредоточиться на сборах и отдыхе,Family Issues,2,1,family
3959,I have a presentation this week that I'm afraid to look over for fear of realizing how under-prepared I am.,"На этой неделе у меня презентация, которую я боюсь просмотреть, опасаясь осознать, насколько я недостаточно подготовлен.",Work,1,0,work
5533,Being in my house with my family just always make things negative.,Пребывание в моем доме с семьей всегда делает вещи негативными.,Family Issues,2,1,family
1433,I've been experiencing a lot of migraines lately.,В последнее время меня часто мучают мигрени.,"Health, Fatigue, or Physical Pain",3,2,health
606,i am stressed about money and work,меня беспокоят деньги и работа,Work,1,0,work
6781,I'm scared because I'm running low on money.,"Мне страшно, потому что у меня заканчиваются деньги.",Financial Problem,5,4,finance
5755,You can get very upset when you are frustrated.,"Вы можете очень расстроиться, когда расстроены.",Emotional Turmoil,6,5,unknown
772,i feel very streesful in the situation.i can't  time manage.,Я чувствую себя очень напряженно в этой ситуации. Я не могу распоряжаться временем.,Everyday Decision Making,6,5,unknown
2988,work and school have been insane lately,работа и учеба в последнее время были безумными,Work,1,0,work
5110,NO MORE PUBS for the NEXT 2 WEEKS due to massive amounts of schoolwork.,БОЛЬШЕ НЕТ ПАБОВ В СЛЕДУЮЩИЕ 2 НЕДЕЛИ из-за огромного количества школьных занятий.,School,1,0,work
1401,it seems my kids are having trouble making friends,"кажется, моим детям трудно заводить друзей",Family Issues,2,1,family
334,getting ebola.,заболеть Эболой.,"Health, Fatigue, or Physical Pain",3,2,health
4853,Maybe this is because of all the stress I have of thinking about going off to school next month.,"Может быть, это из-за стресса, который я испытываю при мысли о том, чтобы пойти в школу в следующем месяце.",School,1,0,work
4679,I can't handle not being organized or having a plan.,Я терпеть не могу отсутствие организованности и отсутствия плана.,Everyday Decision Making,6,5,unknown
48,All the panic about the global pandemic has been stressing me out!,Вся паника по поводу глобальной пандемии меня напрягает!,Emotional Turmoil,6,5,unknown
1613,"lack of work, ive just been stuck in the house too long.","Отсутствие работы, я просто слишком долго торчал дома.",Work,1,0,work
2837,trying to communicate with my wife,пытаюсь общаться с женой,Social Relationships,4,3,friends
3026,work has been stressful with a lot of stock trading.,работа была напряженной из-за большого количества торгов акциями.,Work,1,0,work
825,I have a group presentation tomorrow,Завтра у меня групповая презентация,School,1,0,work
1516,i've been trying to quit smoking for the last 3 days.,Я пытаюсь бросить курить последние 3 дня.,"Health, Fatigue, or Physical Pain",3,2,health
117,being unproductive,быть непродуктивным,Everyday Decision Making,6,5,unknown
3665,"I know that sounds bad, but I am just sick and tired of the everyday routine of working and hearing bullshit","Я знаю, это звучит плохо, но меня просто тошнит от повседневной рутины работы и выслушивания чуши.",Work,1,0,work
4656,"I was constantly in debt, and still didn't have a car worth driving, or a job that would help any of this.","Я постоянно был в долгах, и у меня до сих пор не было ни машины, на которой можно было бы ездить, ни работы, которая могла бы помочь во всем этом.",Financial Problem,5,4,finance
6682,"i miss her a lot now that i dont see her very often, and it makes me kind of sad.","я очень скучаю по ней сейчас, потому что вижу ее не очень часто, и мне от этого немного грустно.",Social Relationships,4,3,friends
6747,"Evere sincer their mom had left and dad had taken a job faraway, the two little ones had been making bad decisions.","С тех пор, как их мама уехала, а папа уехал на работу далеко, двое малышей принимали неверные решения.",Family Issues,2,1,family
6361,She got into a fight with her mom and left.,Она поругалась с мамой и ушла.,Family Issues,2,1,family
4187,Kinda brings my mood down... which isn't good... cause I'm already stressed out over school and trip.,Как-то портит мне настроение... что нехорошо... потому что я уже в стрессе из-за школы и поездки.,School,1,0,work
1724,my academics and workload,моя учеба и рабочая нагрузка,School,1,0,work
4644,"Schooling hours so long!? Ya, caused of this, I dreaded going home.","Учебные часы такие длинные!? Да, из-за этого я боялся идти домой.",School,1,0,work
4845,Well this week is going to suck! I am going to spend the whole week reviewing for exams and stuff.,"Что ж, эта неделя будет отстойной! Я собираюсь провести всю неделю, готовясь к экзаменам и тому подобному.",School,1,0,work
3860,"when i look back on my life, it was extremely difficult.","Когда я оглядываюсь назад на свою жизнь, она была чрезвычайно трудной.",Other,6,5,unknown
768,I feel stressed about losing income over COVID-19,Я испытываю стресс из-за потери дохода из-за COVID-19,Financial Problem,5,4,finance
29,A recent situation has been this corona virus and not knowing what is going on with coll,"Недавней ситуацией был вирус короны, и мы не знали, что происходит с вирусом.","Health, Fatigue, or Physical Pain",3,2,health
3903,Grr..some reason when I got home today I was depressed AGAIN.,"Грр..по какой-то причине, когда я сегодня вернулся домой, я СНОВА был в депрессии.",Emotional Turmoil,6,5,unknown
196,Covid-19 and money,Covid-19 и деньги,Other,6,5,unknown
3841,"There's always some reason to feel not good enough, and it's hard at the end of the day.","Всегда есть какая-то причина чувствовать себя недостаточно хорошо, и в конце дня это тяжело.",Emotional Turmoil,6,5,unknown
5781,Work is stupid but I continue to fail upward and I can't think of anything else to do anyway.,"Работа глупая, но я продолжаю проваливаться вверх и все равно не могу придумать, чем еще заняться.",Work,1,0,work
2577,The craziness surrounding the coronavirus and not knowing what's going to happen,"Сумасшествие вокруг коронавируса и незнание того, что произойдет",Emotional Turmoil,6,5,unknown
4177,"I've been very busy lately? I dunno, I just didn't feel like typing...","Я был очень занят в последнее время? Не знаю, мне просто не хотелось печатать...",Everyday Decision Making,6,5,unknown
1853,My dog is sick and I don't have the money to take him to the vet,"Моя собака заболела, и у меня нет денег, чтобы отвезти ее к ветеринару.","Health, Fatigue, or Physical Pain",3,2,health
470,"hi, because of work pressure i got stressful. so, we relax to chat feel free","привет, из-за давления на работе у меня случился стресс. Итак, мы расслабляемся, чтобы поболтать, не стесняйтесь",Work,1,0,work
1569,just hired a new employee and he is leaving after a month,"только что наняли нового сотрудника, и он увольняется через месяц",Work,1,0,work
6202,My dad's been getting all insecure about it.,Мой отец стал совсем неуверенным в этом.,Family Issues,2,1,family
2453,"stressing about my upcoming taxes, since i don't know how much i'll have to pay.","переживаю по поводу предстоящих налогов, так как не знаю, сколько мне придется заплатить.",Financial Problem,5,4,finance
4826,I didn't do so well on my math quiz.,Я не так хорошо справился с контрольной по математике.,School,1,0,work
4825,I just can't handle learning with the average joe asshole at my school.,Я просто не могу учиться с обычным засранцем Джо в моей школе.,School,1,0,work
6302,"im sad and nervous and EXTREMELY MAD i mean, shes always doing something to put my parents through hell.","Мне грустно, я нервничаю и ОЧЕНЬ ЗЛАЯ, я имею в виду, она всегда что-то делает, чтобы мои родители прошли через ад.",Family Issues,2,1,family
1521,i've been working on getting my drivers license.,я работаю над получением водительских прав.,Other,6,5,unknown
6037,My credit isn't good enough for a loan.,Моя кредитная история недостаточно хороша для получения кредита.,Financial Problem,5,4,finance
386,Having absolutley no idea what I want to do with my life.,"Абсолютно понятия не имею, чем хочу заниматься в жизни.",Everyday Decision Making,6,5,unknown
4967,"I think I'm going to take the math placement test tomorrow, and I'm kinda nervous about that.","Думаю, завтра мне придется сдавать вступительный тест по математике, и я немного нервничаю по этому поводу.",School,1,0,work
5124,"So first they are pissed off on what Im going to major in, in college.","Итак, сначала их бесит то, на чем я собираюсь специализироваться в колледже.",School,1,0,work
2751,This caronavirus that is affecting America,Этот каронавирус поражает Америку,"Health, Fatigue, or Physical Pain",3,2,health
925,i have been stressed not seeing friends from being stuck inside due to covid19,"я был в стрессе, не видя друзей из-за того, что застрял внутри из-за covid19",Social Relationships,4,3,friends
2320,probably having to apply to graduate schools,"вероятно, придется подавать документы в аспирантуру",School,1,0,work
1288,I'm really kind of stressed about covid-19.,Я действительно в некотором стрессе из-за Covid-19.,Emotional Turmoil,6,5,unknown
693,i broke up with my girlfriend and its been really stressing me out.,"Я расстался со своей девушкой, и это меня очень напрягало.",Social Relationships,4,3,friends
3443,"For some reason I've been feeling ill again, and that would explain why I've been so tired lately.","По какой-то причине мне снова стало плохо, и это объясняет, почему я так устал в последнее время.","Health, Fatigue, or Physical Pain",3,2,health
6039,I'm didn't see my therapist this week due to money.,На этой неделе я не был у своего терапевта из-за денег.,Financial Problem,5,4,finance
3652,"Like I said, I haven't been sleeping well lately.","Как я уже сказал, в последнее время я плохо сплю.","Health, Fatigue, or Physical Pain",3,2,health
4737,"Me and Christine's room keeps getting emptier because we've been taking a lot of stuff home, which is sad.","Наша с Кристиной комната становится все пустее, потому что мы забрали домой много вещей, и это грустно.",Emotional Turmoil,6,5,unknown
6451,i feel like everythings just piling up on me and i can't deal with massive stress.,"Я чувствую, что все наваливается на меня, и я не могу справиться с огромным стрессом.",Everyday Decision Making,6,5,unknown
5513,she said that i haven't been taking part in keeping the house and im like this waste of money.,"она сказала, что я не принимаю участия в содержании дома и мне нравится такая трата денег.",Financial Problem,5,4,finance
1624,Learning to help my kids do school at home.,Учусь помогать своим детям учиться дома.,School,1,0,work
2741,things at work has been getting a little crazy.,дела на работе стали немного сумасшедшими.,Work,1,0,work
3098,"work, it has been a stressful week! hope it gets better","работа, это была напряженная неделя! надеюсь, что станет лучше",Work,1,0,work
2428,"sometimes, i feel like my husband doesn't listen to me well.","иногда мне кажется, что мой муж меня плохо слушает.",Family Issues,2,1,family
5995,These few weeks are extremely busy weeks where the number of assignments due are too many for our own good.,"Эти несколько недель — чрезвычайно загруженные недели, когда количество заданий слишком велико для нашего же блага.",School,1,0,work
1960,MY job is stressing me out right now,МОЯ работа меня сейчас напрягает,Work,1,0,work
5300,During this entier time.. I was bitching about roommates.,Все это время… я жаловалась на соседей по комнате.,Social Relationships,4,3,friends
6100,"In the second year, Del wasn't able to get my gift in on time because of a family sadness.",На втором курсе Дел не смог доставить мой подарок вовремя из-за семейной печали.,Social Relationships,4,3,friends
4795,i didn't get a break and now im starving and i dont wanna fix nothin to eat cuz im a lazy bum.,"у меня не было перерыва, и теперь я голодаю и не хочу ничего готовить, потому что я ленивый бездельник.","Health, Fatigue, or Physical Pain",3,2,health
186,"Coronavirus, my financial budget, thinking of my student debts","Коронавирус, мой финансовый бюджет, мысли о студенческих долгах",Financial Problem,5,4,finance
4159,I've been having trouble concentrating on work lately.,В последнее время мне трудно сосредоточиться на работе.,Work,1,0,work
156,christmas is coming and i'm swamped with medical bills.,"Приближается Рождество, и я завален медицинскими счетами.",Financial Problem,5,4,finance
4725,i just had this huge projects due and i had to so a speech about it!!,"Мне только что предстоял этот огромный проект, и мне нужно было рассказать об этом!!",School,1,0,work
3121,worried about being laid off from my job,"беспокоюсь о том, что меня уволят с работы",Work,1,0,work
5295,"Not as much as my best friend was, and It pains me to say that.","Не так сильно, как мой лучший друг, и мне больно это говорить.",Social Relationships,4,3,friends
6599,I called her twice per day for three days with no reply.,Я звонил ей два раза в день в течение трех дней без ответа.,Social Relationships,4,3,friends
2775,This goddamn quarrantine man.,Этот чертов карантинный человек.,Other,6,5,unknown
4004,I think that's one of the reasons I have such a hard time with my schedule right now.,"Думаю, это одна из причин, по которой мне сейчас так тяжело с графиком.",Everyday Decision Making,6,5,unknown
600,I am stress of coronavirus,У меня стресс из-за коронавируса,"Health, Fatigue, or Physical Pain",3,2,health
4719,i really dont kno what im going to eat for supper.,"я правда не знаю, что я буду есть на ужин.",Everyday Decision Making,6,5,unknown
404,Having to work from home and help the kids with school work.,Приходится работать дома и помогать детям с учебой.,Work,1,0,work
1027,i have to get a b- on my next test to get an a,"мне нужно получить четверку на следующем тесте, чтобы получить пятерку",School,1,0,work
4086,I'm so fed up with stuff in my life.,Мне так надоело все в моей жизни.,Emotional Turmoil,6,5,unknown
6579,"it's not like I can bond with my family, because they ignore me and they dislike me.","я не могу сблизиться со своей семьей, потому что они меня игнорируют и не любят.",Family Issues,2,1,family
2333,recent days lot of works its kind of stress. need some advice about relaxing,"последние дни много работы, это своего рода стресс. нужен совет по поводу расслабления",Work,1,0,work
5444,I have been feeling a bit lonely lately.,В последнее время я чувствую себя немного одиноким.,Social Relationships,4,3,friends
1028,i have to get work done on my car!,мне нужно поработать над своей машиной!,Financial Problem,5,4,finance
2223,Not working because of COVID19,Не работаю из-за COVID19,Work,1,0,work
1980,my kids' behavior recently,поведение моих детей в последнее время,Family Issues,2,1,family
5426,"It's too much to deal with and adds stress to my life, and I am plenty stressed on my own with classes and family and the like.","Это слишком много, и это добавляет стресса в мою жизнь, и я сам испытываю сильный стресс из-за занятий, семьи и тому подобного.",Family Issues,2,1,family
4895,"So another week of school, dear lord, I have these 5 essays for psych and I just can't bring myself to write them.","Итак, еще одна неделя в школе, дорогой господин, у меня есть эти 5 сочинений по психологии, и я просто не могу заставить себя их написать.",School,1,0,work
3728,Just a problem I'm having,Просто у меня проблема,Other,6,5,unknown
4368,"whatever, ive been so stressed about projects.","неважно, я так переживал из-за проектов.",School,1,0,work
544,i am having issues with how my daughter is behaving,меня беспокоит поведение моей дочери,Family Issues,2,1,family
5524,"When I lost Natalie, I grieved for over two months, and I didn't look at other girls mainly because I was still in shock over the loss of Natalie.","Когда я потерял Натали, я горевал больше двух месяцев и не смотрел на других девушек главным образом потому, что все еще находился в шоке от потери Натали.",Social Relationships,4,3,friends
4005,I think the deadline is what's stressing me out the most.,"Я думаю, что сроки – это то, что меня больше всего напрягает.",Work,1,0,work
775,i found out a colleague is quitting.,"я узнал, что коллега увольняется.",Work,1,0,work
6675,"Ive been ""exaggerating"" things and been really insecure.",Я «преувеличивал» вещи и был очень неуверен в себе.,Everyday Decision Making,6,5,unknown
566,i am not able to get my laptop to start.,я не могу запустить свой ноутбук.,School,1,0,work
6802,I'm scared that someone is going to get tired of me and I'm going to lose the one person I talk to that isn't my family.,"Я боюсь, что кто-то устанет от меня, и я потеряю единственного человека, с которым разговариваю, и который не является моей семьей.",Social Relationships,4,3,friends
4112,"I'm way behind, the last 2 days have been kind of crazy, I'm trying to get stuff back in order.","Я сильно отстаю, последние два дня были просто сумасшедшими, я пытаюсь навести порядок.",Everyday Decision Making,6,5,unknown
901,i have been so stressed up with my job recently,в последнее время я был так перегружен своей работой,Work,1,0,work
1209,if i can make ends meet for the month,смогу ли я свести концы с концами в этом месяце,Financial Problem,5,4,finance
3457,You've hurt and been hurt and now you're just sick and tired.,"Тебе было больно и больно, а теперь ты просто болен и устал.","Health, Fatigue, or Physical Pain",3,2,health
2679,The stay at home order due to covid 19 virus,Приказ оставаться дома из-за вируса covid 19,"Health, Fatigue, or Physical Pain",3,2,health
5076,"I was getting very stressed out about my university applications, along with the stresses of high school, itself.","Я очень переживал из-за поступления в университет, а также из-за стресса в старшей школе.",School,1,0,work
6586,"Overall I've felt farly lonely lately, also a bit concerned.",В целом в последнее время я чувствую себя очень одиноким и немного обеспокоенным.,Emotional Turmoil,6,5,unknown
2292,paying off this debt,погасить этот долг,Other,6,5,unknown
1077,i just started working a new job and i'm worried about messing up,я только начал работать на новой работе и боюсь что-то испортить,Work,1,0,work
5910,"I'm trying to fight it, to overcome it, to accept head on the events on the horizon.","Я пытаюсь с этим бороться, преодолеть, смириться с событиями на горизонте.",Emotional Turmoil,6,5,unknown
5241,"We broke up the day before my homecoming sadly, but he felt like he wasn't being a great boyfriend with his illness.","К сожалению, мы расстались за день до моего возвращения домой, но он чувствовал, что из-за своей болезни он не был хорошим парнем.",Social Relationships,4,3,friends
3253,"I think I've lost weight this week, its not healthy.","Кажется, я похудел на этой неделе, это вредно для здоровья.","Health, Fatigue, or Physical Pain",3,2,health
1498,i've been stressing out over money as usual,"я, как обычно, переживаю из-за денег",Financial Problem,5,4,finance
1305,"i'm still waiting for my food stamps to hit, they are overdue how am i gonna eat","я все еще жду, когда поступят мои талоны на питание, они просрочены, как я буду есть",Financial Problem,5,4,finance
1182,"i work 60 plus hour weeks, i'm stressed beyond belief.","Я работаю более 60 часов в неделю, у меня невероятный стресс.",Work,1,0,work
6821,my mom is pissing me off.,моя мама бесит меня.,Family Issues,2,1,family
4446,"It's so odd, driving on my way to work everything that seemed to be so pain staking and huge became frivolous.","Это так странно, по дороге на работу все, что казалось таким кропотливым и огромным, стало несерьезным.",Work,1,0,work
6628,i was unhappy and my life was in upheavel c. me and my girlfriend argue occasionally.,"я был несчастен, и моя жизнь была в смятении c. мы с моей девушкой иногда ссоримся.",Social Relationships,4,3,friends
830,i have a lot of projects due and not enough time.,у меня много проектов и мало времени.,Work,1,0,work
5089,It's been really hard for me lately and especially school.,"Мне в последнее время было очень тяжело, особенно в школе.",School,1,0,work
4573,its hard when i see him every day and i feel like i would expect him to be too many things to me at once.,"тяжело, когда я вижу его каждый день и чувствую, что ожидаю, что он будет для меня слишком многим одновременно.",Social Relationships,4,3,friends
2886,ugh. lots of stuff. work has been rough. boss is being a jerk.,фу. много вещей. работа была жесткой. босс ведет себя придурок.,Work,1,0,work
6264,Its wierd but me and my brother are really sick.,"Это странно, но я и мой брат очень больны.","Health, Fatigue, or Physical Pain",3,2,health
3881,"now that the time for leaving is drawing near, I'm starting to feel sad.","теперь, когда приближается время отъезда, мне становится грустно.",Emotional Turmoil,6,5,unknown
3764,The protests within my local area.,Протесты в моем районе.,Other,6,5,unknown
1285,I'm officially off of work because of the Coronavirus,Я официально уволен с работы из-за Коронавируса.,Work,1,0,work
4894,"I can't concentrate on my homework and dtudying, and it showes in my grades.","Я не могу сосредоточиться на домашней работе и учебе, и это отражается на моих оценках.",School,1,0,work
3960,I have been feeling really bad about the way that things have been going on lately.,"Мне очень плохо от того, что происходит в последнее время.",Emotional Turmoil,6,5,unknown
6237,Its her husbands word against her parents and the whole situation is such a mess.,"Это слово ее мужа против ее родителей, и вся ситуация в целом такая неразбериха.",Family Issues,2,1,family
1337,I'm stuck at home and feel like I'm getting sick.,"Я застрял дома и чувствую, что заболеваю.","Health, Fatigue, or Physical Pain",3,2,health
5650,"Latly i've just been feeling sick, and like sad and all that good stuff.","В последнее время меня просто тошнит, мне грустно и все такое хорошее.",Emotional Turmoil,6,5,unknown
2734,there's too much to do at work and having the kids home from school is a pain,"на работе слишком много дел, и отводить детей из школы домой - это боль",Family Issues,2,1,family
4120,it is extremely frustrating being stuck at my current place of employment until i find something else.,"очень неприятно оставаться на нынешнем месте работы, пока не найду что-нибудь другое.",Work,1,0,work
826,I have a homework assignment,У меня есть домашнее задание,School,1,0,work
2553,The COV-19 virus is definitely scaring me.,Вирус COV-19 меня определенно пугает.,"Health, Fatigue, or Physical Pain",3,2,health
5664,I think that the holidays lately have made me a little more acutely aware of my loneliness at times.,"Я думаю, что последние праздники заставили меня иногда острее осознавать свое одиночество.",Emotional Turmoil,6,5,unknown
5487,"I'd think about not being with my family, which made me start thinking about my family dying, which to me is so much worse.","Я думал о том, чтобы не быть со своей семьей, и это заставило меня задуматься о смерти моей семьи, что для меня намного хуже.",Family Issues,2,1,family
421,"Hey thanks for asking, I've been stressed about school but taking things day by day","Эй, спасибо, что спросили, у меня стресс из-за школы, но я занимаюсь делами изо дня в день.",School,1,0,work
262,everyone is getting promoted at work except me.,"все получают повышение на работе, кроме меня.",Work,1,0,work
835,i have a lot that i need to do and not enough time.,"мне нужно многое сделать, а времени не хватает.",Everyday Decision Making,6,5,unknown
1863,"my extended family is coming for dinner, and there will be twenty of them crammed togeth","моя большая семья придет на ужин, и их будет двадцать человек, собравшихся вместе",Family Issues,2,1,family
5926,We had a big fight and I'm sick of caring about him when he doesn't even want to be my friend.,"Мы сильно поссорились, и мне надоело заботиться о нем, хотя он даже не хочет быть моим другом.",Social Relationships,4,3,friends
5251,clearly he was cheating on his girlfriend.,"очевидно, он изменял своей девушке.",Other,6,5,unknown
2487,the amount of things i own that are breakingdown,"количество вещей, которые у меня есть, которые ломаются",Other,6,5,unknown
6238,"Secondly, I know my mom worries a lot, but when she says things like that to me, it scares me.","Во-вторых, я знаю, что моя мама очень переживает, но когда она говорит мне такие вещи, меня это пугает.",Family Issues,2,1,family
6603,i'm starting to feel disallusioned with most of my friends.,я начинаю разочаровываться в большинстве своих друзей.,Social Relationships,4,3,friends
4503,"it sucks because i'm pretty much busy all the time from now on, argh.","это отстой, потому что с этого момента я все время занят, ага.",Other,6,5,unknown
6484,i have to take the exam in that class anyway. after school,мне все равно придется сдавать экзамен в этом классе. после школы,School,1,0,work
4210,Major shit is going down between my parents and me currently.,Сейчас между мной и моими родителями происходит большая херня.,Family Issues,2,1,family
4770,i have lots of other things on my mind which i'm trying to get done and everything's just piling up in the next few days..,"у меня на уме много других дел, которые я пытаюсь сделать, и в ближайшие несколько дней все будет накапливаться..",Everyday Decision Making,6,5,unknown
1878,my financial situation has me stressed to the max my friend,"мое финансовое положение довело меня до максимума, мой друг",Financial Problem,5,4,finance
4765,"life in general, is emotionally difficult lately.",жизнь вообще в последнее время эмоционально трудна.,Emotional Turmoil,6,5,unknown
4493,"Either way, my bathroom is still freezing and I dread taking a shower.","В любом случае, в моей ванной все еще холодно, и я боюсь принимать душ.",Other,6,5,unknown
5952,some times it seems like it is breaking because i'm worrying all the time.,"иногда кажется, что он ломается, потому что я все время волнуюсь.",Emotional Turmoil,6,5,unknown
4183,i've lost a lot of important things that i can't redo and it sucks royally.,"я потерял много важных вещей, которые не могу переделать, и это по-королевски отстой.",Other,6,5,unknown
5665,I couldn't act normal and it frightened me.,"Я не мог вести себя нормально, и это меня пугало.",Other,6,5,unknown
3707,I would say all of the protests and worrying about my own safety now.,"Я бы сказал, что сейчас все протестуют и беспокоятся о своей безопасности.",Emotional Turmoil,6,5,unknown
4089,im so stressed out w/ my parents and their opinions about things,я в таком стрессе из-за своих родителей и их мнения о вещах,Family Issues,2,1,family
5601,"I feel so bad for her though because Jennifer has major post pardom depression and also, 2 weeks after the baby was born, Jennifers dad was killed.","Мне очень жаль ее, потому что у Дженнифер серьезная депрессия после освобождения, а также через 2 недели после рождения ребенка отца Дженнифер убили.","Health, Fatigue, or Physical Pain",3,2,health
5086,"School's been bumming me out, and since I missed a day at school, I will have to go to take the exams and I am NOT exempt.","Школа меня расстроила, и, поскольку я пропустил день в школе, мне придется идти сдавать экзамены, и я НЕ освобожден от них.",School,1,0,work
426,Hey! How are you?Thanks for asking. I feel stressed cooking everyday.,"Привет! Как дела? Спасибо, что спросили. Я испытываю стресс, готовя каждый день.",Emotional Turmoil,6,5,unknown
5002,I AM ALSO SO SAD THAT I HAVE SO MUCH HOMEWORK LEFT TO DO!,"МНЕ ТОЖЕ ТАК ГРУСТНО, ЧТО МНЕ ОСТАЛОСЬ ТАК МНОГО ДОМАШНЕГО ЗАДАНИЯ!",School,1,0,work
114,Being stuck inside due to the coronavirus,Застрял внутри из-за коронавируса,Everyday Decision Making,6,5,unknown
5567,I have been kinda spaced out for the past week.,Я был в каком-то отстранении всю последнюю неделю.,Other,6,5,unknown
2497,The conversion of in person to online classes,Переход от очных занятий к онлайн-занятиям,School,1,0,work
2998,work has been crazy lately.,работа в последнее время сумасшедшая.,Work,1,0,work
3283,"The nausea and so on I'm gonna have to say is from lack of sleep, stress and being a bit sick.","Я должен сказать, что тошнота и тому подобное вызваны недостатком сна, стрессом и небольшим недомоганием.","Health, Fatigue, or Physical Pain",3,2,health
2439,step son is acting up again.,пасынок снова капризничает.,Family Issues,2,1,family
427,hey! i had to wait in line for my coffee at starbucks for an hour this morning so that.,привет! Сегодня утром мне пришлось час стоять в очереди за кофе в Starbucks.,Everyday Decision Making,6,5,unknown
1379,i'm worried about the tension in my office.,меня беспокоит напряжение в моем офисе.,Work,1,0,work
3500,"I'm upset because Bell has has his high ankle sprain injury, so he will most likely sit out.","Я расстроен, потому что у Белла сильное растяжение связок лодыжки, поэтому он, скорее всего, пропустит игру.","Health, Fatigue, or Physical Pain",3,2,health
2023,my new weight gain,мой новый набор веса,"Health, Fatigue, or Physical Pain",3,2,health
2928,well we are still trying to get funding before we don't make payroll,"ну, мы все еще пытаемся получить финансирование, прежде чем перестанем выплачивать заработную плату",Financial Problem,5,4,finance
1510,ive been thinking about house situation,я думал о ситуации в доме,Other,6,5,unknown
1422,its my job. i can't get information from the higher ups.,это моя работа. я не могу получить информацию от начальства.,Work,1,0,work
4883,I'm getting so antsy about school next week.,Я так волнуюсь по поводу школы на следующей неделе.,School,1,0,work
5681,"Things have been so dramatic and stressful for me, lately.",В последнее время для меня все было очень драматично и напряженно.,Emotional Turmoil,6,5,unknown
6309,My mom is getting angry at him and taking it out on me.,Моя мама злится на него и вымещает это на мне.,Family Issues,2,1,family
2208,Not knowing if my job is secure.,"Не знаю, надежна ли моя работа.",Work,1,0,work
913,i have been stressed about my financial situation,я был в стрессе из-за своего финансового положения,Financial Problem,5,4,finance
2195,not having a job,не имея работы,Work,1,0,work
905,i have been stressed about finances.,у меня был стресс по поводу финансов.,Financial Problem,5,4,finance
6043,"Problem is, I couldn't afford the rent right now.","Проблема в том, что сейчас я не могу позволить себе арендную плату.",Financial Problem,5,4,finance
910,i have been stressed about making new friends,я переживал из-за необходимости заводить новых друзей,Social Relationships,4,3,friends
1430,"i've been dealing with a lot - moving, and my father's estate.",мне приходилось иметь дело со многими проблемами - переездом и имуществом моего отца.,Family Issues,2,1,family
4466,It was embarrassing to drive and I was constantly worried about getting a ticket.,"Было неловко водить машину, и я постоянно беспокоился о том, чтобы получить билет.",Everyday Decision Making,6,5,unknown
3381,I'm tired. I'm tired all the time and I don't know why.,Я устал. Я все время устаю и не знаю почему.,"Health, Fatigue, or Physical Pain",3,2,health
6175,"My parents are fighting, we don't do ANYTHING as a family anymore and that pisses me off.","Мои родители ссорятся, мы больше НИЧЕГО всей семьей не делаем, и это меня бесит.",Family Issues,2,1,family
2960,what to cook,что приготовить,Everyday Decision Making,6,5,unknown
2017,"my move on wednesday, thanks for asking. you?","мой переезд в среду, спасибо, что спросили. ты?",Other,6,5,unknown
2456,submitting a report for work.,сдача отчета о работе.,Work,1,0,work
3595,I need to go to the dentist because my wisdome teeth hurt so bad I can't sleep.,"Мне нужно пойти к дантисту, потому что у меня так сильно болят зубы мудрости, что я не могу спать.","Health, Fatigue, or Physical Pain",3,2,health
5315,"I haven't been out all week because I have either been tired, felt ill, couldn't be arsed or like lastnight I went to my auntys.","Я не выходил на улицу всю неделю, потому что либо устал, почувствовал себя плохо, либо, как вчера вечером, пошел к своим тетушкам.","Health, Fatigue, or Physical Pain",3,2,health
3189,"i feel like hell. my neck is thick with knots, and i have a tension headache. i`m tired and stuffed up with allergies. and those are merely the physical problems.","я чувствую себя как в аду. моя шея покрыта узлами, и у меня болит голова от напряжения. Я устал и у меня аллергия. и это всего лишь физические проблемы.","Health, Fatigue, or Physical Pain",3,2,health
497,"honestly, my job has been super stressful","честно говоря, моя работа была очень напряженной",Work,1,0,work
5130,School has been so hectic already.,В школе уже было так беспокойно.,School,1,0,work
5641,"right now being honest with myself and how im feeling is hard,and it hurts.im not sure how to deal when i cant wear all my emotions on my sleeve.","сейчас быть честным с самим собой и со своими чувствами тяжело, и это больно. Я не знаю, что делать, когда не могу скрыть все свои эмоции.",Emotional Turmoil,6,5,unknown
4778,I've been whatching the food channel and its making me so hungry but we dont have much of anything in the house.,"Я смотрел канал о еде, и от этого я так проголодался, но у нас дома почти ничего нет.",Other,6,5,unknown
5536,"This woman talks about how frustrated she is of falling for a guy, just to be dumped or not fallen for.","Эта женщина говорит о том, как она расстроена тем, что влюбилась в парня только для того, чтобы ее бросили или не влюбили.",Social Relationships,4,3,friends
5648,"It was all about intense breakups, and emotional disconnection from your partner in marriage.",Все дело было в интенсивных расставаниях и эмоциональном разрыве с партнером по браку.,Social Relationships,4,3,friends
6287,My mom was upset that i didnt greet my grandma.,"Моя мама расстроилась, что я не поздоровался с бабушкой.",Family Issues,2,1,family
2772,This COVID-19 shutdown is really making life difficult.,Это отключение из-за COVID-19 действительно усложняет жизнь.,Emotional Turmoil,6,5,unknown
633,I am stressing about my brother and how he is doing. He hasn't been doing well.,"Я беспокоюсь о своем брате и о том, как у него дела. У него дела идут не очень хорошо.",Family Issues,2,1,family
3891,"Conversation on the way home from Gville made me pretty frustrated, I don't know.","Разговор по дороге домой из Гвилля меня очень расстроил, не знаю.",Social Relationships,4,3,friends
2945,we're broke!,мы разорены!,Financial Problem,5,4,finance
586,i am so broke!!,я так разорен!!,Financial Problem,5,4,finance
467,hi! i have been really stressing out about my recent school load and doing my studies.,привет! я очень переживал из-за своей недавней школьной нагрузки и учебы.,School,1,0,work
1541,i've just been working really hard at work with no reward or recognition,я просто очень усердно работал на работе без какой-либо награды или признания,Work,1,0,work
4375,Work and things just have me stressed out I guess!,"Думаю, работа и другие дела просто вызывают у меня стресс!",Work,1,0,work
511,how the coronavirus could damage the US economy,как коронавирус может нанести ущерб экономике США,Financial Problem,5,4,finance
5774,Wold probly releive a lot of stress I have built up.,"Вероятно, я смогу избавиться от накопившегося у меня стресса.",Emotional Turmoil,6,5,unknown
3911,I am all stressed from school and work.,Я весь в стрессе из-за школы и работы.,Work,1,0,work
1425,I've been bored at home since I can't leave the house.,"Мне скучно дома, так как я не могу выйти из дома.",Other,6,5,unknown
3929,"i can't take the way i feel everyday... about school, about mom and dad, about hurting myself, about letting go.","я не могу смириться с тем, что чувствую каждый день... о школе, о маме и папе, о том, как причиняю себе боль, о том, что отпускаю все.",Family Issues,2,1,family
6773,I really can't afford gifts this year.,В этом году я действительно не могу позволить себе подарки.,Financial Problem,5,4,finance
4326,"There seems to be a lot of that going around lately, and I am getting so sick of it.","Кажется, в последнее время такого происходит много, и мне это уже надоело.",Other,6,5,unknown
6147,my mom is mad at me I think.,"Думаю, моя мама злится на меня.",Family Issues,2,1,family
6319,YOSHIKI's primary physician is quoted as saying he will need around a week to recover from the surgery and at least another month of rehabilitation.,"Главный врач YOSHIKI сообщил, что ему понадобится около недели, чтобы восстановиться после операции, и как минимум еще месяц реабилитации.","Health, Fatigue, or Physical Pain",3,2,health
4424,Everything that whole day was like serious and stressful and REAL.,"Весь этот день был серьезным, напряженным и НАСТОЯЩИМ.",Other,6,5,unknown
3267,"i'm still having this unexplained pain, so Dr is going to do more test.","Я все еще испытываю необъяснимую боль, поэтому доктор собирается провести дополнительные обследования.","Health, Fatigue, or Physical Pain",3,2,health
2545,The Coronavirus situation is currently stressing me out.,Ситуация с коронавирусом меня сейчас напрягает.,Emotional Turmoil,6,5,unknown
5143,I need to start figuring out what I need for school.,"Мне нужно начать выяснять, что мне нужно для школы.",School,1,0,work
1824,my coworker's inabilty to carry a meaningful conversation,неспособность моего коллеги вести осмысленный разговор,Social Relationships,4,3,friends
3683,I didn't receive my paycheck.in the mail today.,Сегодня я не получил зарплату по почте.,Financial Problem,5,4,finance
1348,i'm trying to find a job that can work around my son's work schedule.,"Я пытаюсь найти работу, которая соответствовала бы графику работы моего сына.",Work,1,0,work
4513,"I simply don't know how I feel about everything that's happening in my life, making it hard to rationalize and internalize everything.","Я просто не знаю, что чувствую по поводу всего, что происходит в моей жизни, поэтому мне трудно все рационализировать и усвоить.",Emotional Turmoil,6,5,unknown
3448,When my emotional and mental health were really bad.,Когда мое эмоциональное и психическое здоровье было очень плохим.,Emotional Turmoil,6,5,unknown
3918,I am SO sick of this past year for some reason.,По какой-то причине мне ТАК надоел этот прошлый год.,Everyday Decision Making,6,5,unknown
3117,works been hard for me,работа была для меня тяжелой,Work,1,0,work
4996,I have to get an A on the final so maybe I can get a B in the class.,"Мне нужно получить пятерку по финалу, чтобы, возможно, я смог получить четверку в классе.",School,1,0,work
4709,"i'm trying to get a grip on things, but when all of my life is a mess it's so damn hard.","я пытаюсь взять ситуацию под контроль, но когда вся моя жизнь в беспорядке, это чертовски тяжело.",Emotional Turmoil,6,5,unknown
3597,Buddy the dog is sick.,"Приятель, собака заболела.",Emotional Turmoil,6,5,unknown
4136,"It's hard though, I'm going through withdrawl already.","Хотя это сложно, я уже переживаю отказ.","Health, Fatigue, or Physical Pain",3,2,health
2065,my school work has been the main thing stressing me out.,моя школьная работа была для меня главным стрессом.,School,1,0,work
5263,My bosses were annoying me especially.,Особенно меня раздражало начальство.,Work,1,0,work
870,"I have been fighting with my boyfriend everyday, and its been very stressful.","Я каждый день ссорюсь со своим парнем, и это было очень стрессово.",Social Relationships,4,3,friends
2511,"The corona virus outbreak, the uncertainty of it all is overwhelming sometimes.","Вспышка вируса короны, неопределенность во всем этом иногда ошеломляет.","Health, Fatigue, or Physical Pain",3,2,health
5531,i kno i think too much and too much into things but this year christmas is really bothering me.,"я знаю, я слишком много думаю о вещах, но в этом году Рождество меня очень беспокоит.",Other,6,5,unknown
224,Dealing with people have not been the easiest thing for me lately.,Общение с людьми в последнее время для меня было не самым легким занятием.,Social Relationships,4,3,friends
5512,I had a strange almost uncomfortable discussion with him about getting married.,"У меня с ним произошла странная, почти неприятная дискуссия о женитьбе.",Social Relationships,4,3,friends
2595,The fact that I have online classes and not in class lectures,"Тот факт, что у меня есть онлайн-занятия, а не классные лекции.",School,1,0,work
2901,"we are being asked to record so much data, and no time to do it!","нас просят записать столько данных, а времени нет!",Work,1,0,work
1869,My family life is broken,Моя семейная жизнь разрушена,Family Issues,2,1,family
6763,That plus some other things about my future and money were making me very stressed out.,"Это, а также некоторые другие вещи, касающиеся моего будущего и денег, вызывали у меня сильный стресс.",Financial Problem,5,4,finance
5685,"I'm frustrated with the world, and I dont even know where to begin fixing it.","Я разочарован этим миром и даже не знаю, с чего начать его исправлять.",Emotional Turmoil,6,5,unknown
6218,"When my mom called earlier, before work, I just did not want to talk to her and sounded really depressed.","Когда моя мама позвонила раньше, перед работой, я просто не хотел с ней разговаривать и говорил очень подавленно.",Family Issues,2,1,family
4201,Latley i have been pretty scared about life and where i will end up and stuff.,"Лэтли, я очень боялся жизни, того, где я окажусь и все такое.",Emotional Turmoil,6,5,unknown
301,finances. i often think about how i'm going to live a comfortable life.,"финансы. Я часто думаю о том, как я буду жить комфортной жизнью.",Financial Problem,5,4,finance
191,Covid 19 has been severely impacting my life. I miss seeing people.,Covid 19 серьезно повлиял на мою жизнь. Я скучаю по людям.,Social Relationships,4,3,friends
5673,I think a lot of it is probably stress.,"Я думаю, что во многом это стресс.",Other,6,5,unknown
5945,"I'm losing control of my emotions and my thoughts, and it scares me.","Я теряю контроль над своими эмоциями и мыслями, и это меня пугает.",Emotional Turmoil,6,5,unknown
3202,my muscles are sore today.,мои мышцы сегодня болят.,"Health, Fatigue, or Physical Pain",3,2,health
1804,my child has gotten a real smart mouth,у моего ребенка стал очень умный рот,Family Issues,2,1,family
6378,I feel so helpless and upset almost everyday.,Я чувствую себя такой беспомощной и расстроенной почти каждый день.,Emotional Turmoil,6,5,unknown
5558,I'm depressed and now my friends are complaining because of it.,"У меня депрессия, и теперь мои друзья жалуются на это.",Emotional Turmoil,6,5,unknown
1719,moving to a different state and trying to find a job,переезжаю в другой штат и пытаюсь найти работу,Work,1,0,work
2030,My partner has been very dismissive towards my feelings lately.,В последнее время мой партнер очень пренебрежительно относился к моим чувствам.,Emotional Turmoil,6,5,unknown
1691,money has been tight. bills just keep coming.,с деньгами было туго. счета просто продолжают приходить.,Financial Problem,5,4,finance
6076,"Its sucks im so worried because i cant afford the art book and the mid term is next thursday, stupid money.","Это отстой, я так волнуюсь, потому что не могу позволить себе книгу по искусству, а промежуточный срок - следующий четверг, дурацкие деньги.",Financial Problem,5,4,finance
6439,I'm so sick of this house and having to deal with my parents all the time.,Мне так надоел этот дом и необходимость постоянно иметь дело с родителями.,Family Issues,2,1,family
5922,"i haven't been happy with us, and its only just been the past week.","я не был счастлив с нами, и это только прошлая неделя.",Social Relationships,4,3,friends
5126,"school is there and it causes me to worry because of the assignments needed to be done and completed, so I worry.","Школа рядом, и это заставляет меня волноваться, потому что нужно выполнить задания, поэтому я волнуюсь.",School,1,0,work
5302,It's so hard to stand and comfort my friends who are losing so much and becoming injured when I am safe.,"Так трудно стоять и утешать своих друзей, которые так много теряют и получают травмы, когда я в безопасности.",Emotional Turmoil,6,5,unknown
6322,"Suddenly, Dad needs to have heart surgery on Thursday.",Внезапно папе в четверг нужна операция на сердце.,Family Issues,2,1,family
5950,"I'm still struggling with the whole ""feelings"" things and have some major mood swings about it sometimes.","Я все еще борюсь со всеми этими «чувствами», и иногда у меня случаются резкие перепады настроения.",Emotional Turmoil,6,5,unknown
3630,I wasnt feeling so good towards the end of practice.,К концу тренировки я чувствовал себя не очень хорошо.,"Health, Fatigue, or Physical Pain",3,2,health
5260,It's sad when there is no closeness between family members.,"Грустно, когда между членами семьи нет близости.",Family Issues,2,1,family
2560,The COVID-19 having us all in at home all the time with no outside activities happening.,"Из-за COVID-19 мы все постоянно находимся дома, без каких-либо посторонних занятий.",Emotional Turmoil,6,5,unknown
1344,i'm tired and i don't want to go to work,я устал и не хочу идти на работу,Work,1,0,work
5356,Now I hear that my girlfriend's family is having trouble.,"Теперь я слышу, что в семье моей девушки проблемы.",Social Relationships,4,3,friends
940,i have been stressing about home school this week and what lessons that need to be made!,"На этой неделе я много думал о домашней школе и о том, какие уроки нужно извлечь!",School,1,0,work
3039,Work has been super stressful,Работа была очень напряженной,Work,1,0,work
3905,Have I mentioned lately that work really sucks now?,"Я уже говорил недавно, что работа сейчас действительно отстой?",Work,1,0,work
1296,I'm so freaked out!,Я так напуган!,Emotional Turmoil,6,5,unknown
215,Dealing with Ali is stressing me out.,Общение с Али меня напрягает.,Social Relationships,4,3,friends
3932,I dunno it's just something I've been kind of upset about lately.,"Не знаю, просто меня это немного расстраивает в последнее время.",Emotional Turmoil,6,5,unknown
3217,so today i'm like massively tired which sucks cause i'm working and i need to be able to consentrate especailly in the mornings cause it's very busy!!,"Итак, сегодня я ужасно устал, и это отстой, потому что я работаю, и мне нужно быть в состоянии сосредоточиться, особенно по утрам, потому что я очень занят !!","Health, Fatigue, or Physical Pain",3,2,health
2179,Not being able to work because of COVID_19.,Не могу работать из-за COVID_19.,Financial Problem,5,4,finance
4515,I am massively frustrated with just about every aspect of my life from family to school to boys to friends to work to you name it basically.,"Я очень разочарован практически во всех аспектах своей жизни: от семьи до школы, от мальчиков до друзей и работы, и так далее.",School,1,0,work
4317,"The next part, the travel-and-exposit part, was really giving me trouble.","Следующая часть, посвященная путешествиям и выставкам, доставила мне немало хлопот.",Everyday Decision Making,6,5,unknown
6267,i am sick of husband not understanding and people avoiding me because they don't understand.,"мне надоело, что муж меня не понимает, а люди избегают меня, потому что не понимают.",Social Relationships,4,3,friends
245,driving 2 work really sucks,"вождение 2, работа действительно отстой",Work,1,0,work
1785,My brother bing exposed to COVID-19 and bot being in California to help out my family.,"Мой брат заразился COVID-19, и бот находится в Калифорнии, чтобы помочь моей семье.",Family Issues,2,1,family
2597,The fact that school is out.,"Тот факт, что школа закончилась.",School,1,0,work
3213,"And then when I'm not working or on the go I get so exhausted, that I can hardly move.","А потом, когда я не работаю или в пути, я так утомляюсь, что едва могу двигаться.","Health, Fatigue, or Physical Pain",3,2,health
2080,my sleep schedule has been getting worse and worse.,мой график сна становился все хуже и хуже.,"Health, Fatigue, or Physical Pain",3,2,health
4121,It is sad to think a new week is coming up and there are new things to worry about!,"Грустно думать, что приближается новая неделя и есть новые поводы для беспокойства!",Everyday Decision Making,6,5,unknown
6697,"Right now I feel like I have no control over my life, and it sucks","Сейчас я чувствую, что не контролирую свою жизнь, и это отстой.",Everyday Decision Making,6,5,unknown
47,all the drama involving my case.,"вся драма, связанная с моим случаем.",Work,1,0,work
6813,My mom is driving me INSANE.,Моя мама сводит меня с ума.,Family Issues,2,1,family
1149,"i told you, my problem is at work.","Я же говорил тебе, моя проблема на работе.",Work,1,0,work
5969,i dont know if im going to be able to manage my money.,"Я не знаю, смогу ли я распоряжаться своими деньгами.",Financial Problem,5,4,finance
3198,"My arms, shoulders, legs and ass muscles are sore.","У меня болят руки, плечи, ноги и мышцы ягодиц.","Health, Fatigue, or Physical Pain",3,2,health
1527,i've been worrying about how to regain control over my father's house.,"я беспокоился о том, как вернуть контроль над домом моего отца.",Family Issues,2,1,family
3678,"The protests and now rioting assoicated with those protests, all say EXTREME danger.","Протесты, а теперь и беспорядки, связанные с этими протестами, говорят о ЧРЕЗВЫЧАЙНОЙ опасности.",Other,6,5,unknown
4918,I am nervous for tomorrow's exam because it is hard to study for an English exam.,"Я нервничаю перед завтрашним экзаменом, потому что трудно готовиться к экзамену по английскому языку.",School,1,0,work
791,i had a fight with my close friend,я поругался со своим близким другом,Social Relationships,4,3,friends
1418,it's hard to get the tulsa libertarian party to agree to meet.,трудно убедить либертарианскую партию Талсы согласиться на встречу.,Other,6,5,unknown
3028,work has been stressing me out,работа меня напрягала,Work,1,0,work
5753,Tired of the pressure and the stress.,Устали от давления и стресса.,Everyday Decision Making,6,5,unknown
2902,we are having a difficult time financially.,у нас трудные времена в финансовом отношении.,Financial Problem,5,4,finance
5336,"Because it is sad that they are insulting and they lose friends over it, and I dont even think they mean to.","Потому что грустно, что они оскорбляют и теряют из-за этого друзей, и я даже не думаю, что они этого хотят.",Social Relationships,4,3,friends
4849,My grades in school weren't the best and I'm terribly afraid of fucking up those classes.,"Мои оценки в школе были не лучшими, и я ужасно боюсь испортить эти занятия.",School,1,0,work
149,car problems are starting to worry me.,проблемы с автомобилем начинают меня беспокоить.,Other,6,5,unknown
4958,the class has tirned out to be the worse class ever.,класс оказался худшим на свете.,School,1,0,work
6844,"My dad was giving me a hard time about going back on the way home, so I was really upset that I wasn't going to get to start packing.","Мой отец не давал мне покоя по поводу возвращения домой, поэтому я очень расстраивался из-за того, что мне не удалось начать собирать вещи.",Family Issues,2,1,family
1890,My friend's grandparents health is declining,Здоровье бабушки и дедушки моего друга ухудшается,Family Issues,2,1,family
2359,Saving enough money for retirement,Накопить достаточно денег для выхода на пенсию,Financial Problem,5,4,finance
4017,I was so upset about work.,Я так расстраивалась из-за работы.,Work,1,0,work
6746,traffic becomes a bitch.,движение становится сукой.,Other,6,5,unknown
941,i have been stressing about money and finding a new job.,Я беспокоился о деньгах и поиске новой работы.,Financial Problem,5,4,finance
5264,just found out he's been talking to his ex girlfriend. a lot. probably planning on getting back with her once i leave. and,"только что узнал, что он разговаривал со своей бывшей девушкой. много. вероятно, планирую вернуться к ней, как только уйду. и",Social Relationships,4,3,friends
2372,school has been hard,в школе было тяжело,School,1,0,work
3992,I need to find a job like now.. bc im starting to get depressed from not having one.,"Мне нужно найти работу, как сейчас… потому что я начинаю впадать в депрессию из-за ее отсутствия.",Work,1,0,work
4936,"I was frustrated with school, it was killin me.","Я был разочарован школой, она убивала меня.",School,1,0,work
3349,"My surgeon had warned me that I'd be very tired for the next several weeks, but wow, I had no idea just how tired he meant.","Мой хирург предупредил меня, что я буду очень уставшей в течение следующих нескольких недель, но ух ты, я понятия не имел, насколько устал он имел в виду.","Health, Fatigue, or Physical Pain",3,2,health
3007,Work has been pretty crazy lately,В последнее время работа была довольно сумасшедшей,Work,1,0,work
3822,How I am going to pay off all my debt is stressing me out.,"Меня беспокоит то, как я собираюсь погасить все свои долги.",Financial Problem,5,4,finance
2903,we are not in good terms wish my dad since last week.,"мы не в хороших отношениях, пожелайте моему отцу с прошлой недели.",Family Issues,2,1,family
6052,"The down side is, though, that knowing I don't have enough money to cover everything, even the bills i knew were coming seem to hammer down on me.","Однако недостатком является то, что, зная, что у меня недостаточно денег, чтобы покрыть все, даже те счета, которые, как я знал, придут, кажутся мне тяжелым испытанием.",Financial Problem,5,4,finance
3983,"I just feel generally melacholy about my life, and i don't know exactly how to face up to the day.","Я просто чувствую меланхолию по поводу своей жизни и не знаю, как пережить этот день.",Everyday Decision Making,6,5,unknown
737,I don't know how long COVID-19 will affect my job,"Я не знаю, как долго COVID-19 повлияет на мою работу.",Work,1,0,work
489,homework is killing me lately,домашние задания убивают меня в последнее время,School,1,0,work
6268,"I had an argument with my mom, and now I feel all sad and squishy.","Я поругался с мамой, и теперь мне грустно и плохо.",Family Issues,2,1,family
787,i got promoted at work and am getting a lot of tasks assigned to me,"меня повысили на работе, и мне поручили много задач",Work,1,0,work
3463,"They live in massive confusion, in panic, under constant stress, because they do not comprehend what they have ever done to deserve such a fate.","Они живут в массовом смятении, в панике, в постоянном стрессе, потому что не понимают, что они когда-либо сделали, чтобы заслужить такую ​​судьбу.",Emotional Turmoil,6,5,unknown
3878,living with my parents for now calls for a perilous commute.,жизнь с моими родителями требует опасных поездок на работу.,Family Issues,2,1,family
707,I can't get groceries for our family,Я не могу купить продукты для нашей семьи,Financial Problem,5,4,finance
5359,It irritates me that people think I'm mad at them all the time.,"Меня раздражает, что люди думают, что я все время злюсь на них.",Social Relationships,4,3,friends
4208,"LOL Anyhow, it's annoying me and I am tired and Jeff could be wandering in at any moment from work.","ЛОЛ В любом случае, меня это раздражает, я устал, а Джефф в любой момент может забрести с работы.",Social Relationships,4,3,friends
4976,"It's not due till Monday, but I MUST GET A B on this stupid paper so I can get a B in the class, maybe even an A.","Срок сдачи не раньше понедельника, но я ДОЛЖЕН ПОЛУЧИТЬ четверку за эту дурацкую работу, чтобы получить четверку по уроку, а может быть, даже пятёрку.",School,1,0,work
188,Coronavirus.  I'm very scared of what it will do,"Корона вирус.  Я очень боюсь того, что это сделает",Other,6,5,unknown
5792,the whole world is against me. to all of you who have said,"весь мир против меня. всем вам, кто сказал",Emotional Turmoil,6,5,unknown
6141,"I make my children cry, I'm losing patients every day, and to be honest, I'm starting to suspect even you guys don't enjoy spending time with me.","Я заставляю своих детей плакать, я теряю пациентов каждый день, и, честно говоря, я начинаю подозревать, что даже вам, ребята, не нравится проводить со мной время.",Family Issues,2,1,family
4103,i'm tired of thinking. what the fuck am i accomplishing in my life at this moment.,я устал думать. какого черта я делаю в своей жизни в данный момент.,Emotional Turmoil,6,5,unknown
5087,Things have been so confusing since i got home from school.,"Все было так запутанно с тех пор, как я вернулся домой из школы.",School,1,0,work
1643,living in my mom's house right now. takes me back to how i felt as a child.,"сейчас живу в доме моей мамы. возвращает меня к тому, что я чувствовал в детстве.",Family Issues,2,1,family
2715,there are a few situations that are stressing me out.,"Есть несколько ситуаций, которые меня напрягают.",Other,6,5,unknown
5051,I think I'm stressed cause I'm getting ready to return to school and because of these hives.,"Я думаю, что у меня стресс, потому что я собираюсь вернуться в школу и из-за этой крапивницы.",School,1,0,work
6735,"ugh..alix needs to call, i need closure on this shit.","ух... Аликс нужно позвонить, мне нужно закончить это дерьмо.",Social Relationships,4,3,friends
3686,hi man thanks for being there for me and calling me now i feel so stressed and want to s,"привет чувак, спасибо, что был рядом со мной и позвонил мне сейчас, я чувствую такой стресс и хочу",Social Relationships,4,3,friends
858,i have been applying to jobs for months and i still haven't been hired.,"Я подавал заявления на работу уже несколько месяцев, но меня до сих пор не взяли на работу.",Work,1,0,work
6585,About our course mate who passed away in a tragic car accident.,"О нашем однокурснике, погибшем в трагической автокатастрофе.",Social Relationships,4,3,friends
3517,He said if my weight is still unstable and I'm still having trouble eating he'll refer me to a nutritionalist.,"Он сказал, что если мой вес по-прежнему нестабильный и у меня по-прежнему возникают проблемы с едой, он направит меня к диетологу.","Health, Fatigue, or Physical Pain",3,2,health
6053,"It's pretty scary.. ok there's abit of money coming in from here and there, but compared to what papa's been getting, I think we're gonna have to cut back alot.","Это довольно страшно... ладно, кое-какие деньги поступают отсюда и оттуда, но по сравнению с тем, что получает папа, я думаю, нам придется значительно сократить расходы.",Financial Problem,5,4,finance
128,boss has been really annoying lately.,Босс в последнее время меня очень раздражает.,Work,1,0,work
4888,I'm burnt out on school and just feel like I'm not doing what I should be doing.,"Я перегорел в школе и чувствую, что делаю не то, что должен.",School,1,0,work
3580,"I feel tired, weak and mite grumpy.","Я чувствую себя усталым, слабым и сварливым.","Health, Fatigue, or Physical Pain",3,2,health
4165,"I've been really stressed out lately, if you haven't noticed. =/","В последнее время у меня сильный стресс, если ты не заметил. =/",Emotional Turmoil,6,5,unknown
2003,my mom is not leaving me alone,моя мама не оставляет меня одну,Family Issues,2,1,family
122,big trip home,большая поездка домой,Family Issues,2,1,family
1441,I've been having a really tough time handling this job promotion workload.,Мне было очень тяжело справляться с этой нагрузкой по продвижению на работу.,Work,1,0,work
1065,i just found out my wages are being garnished due to something from years ago.,"Я только что узнал, что с моей зарплаты удерживают деньги из-за чего-то, произошедшего много лет назад.",Financial Problem,5,4,finance
4873,"I go into the school that day, and am told that I have RSP class, and that there has been a sub for the last 2 weeks!","В тот день я прихожу в школу, и мне говорят, что у меня урок RSP, и что последние 2 недели была замена!",School,1,0,work
6447,I am dreading the call on Monday on whether or not they are going to total it.,"Я боюсь звонка в понедельник о том, собираются ли они подвести итоги.",Financial Problem,5,4,finance
6162,"sadly, i will not be there for him, and its sad because oout of all his friends.","к сожалению, меня не будет рядом с ним, и это грустно, потому что среди всех его друзей.",Social Relationships,4,3,friends
3923,I am upset about work.,Я расстроен из-за работы.,Work,1,0,work
1985,my lack of financial ability.,отсутствие у меня финансовых возможностей.,Financial Problem,5,4,finance
899,i have been so stressed about work load.,я был так напряжен из-за рабочей нагрузки.,Work,1,0,work
5821,"my life is so hard, and my boyfriend just broke up with me, and my parents got a divorce.","Моя жизнь такая тяжелая, мой парень только что расстался со мной, а мои родители развелись.",Social Relationships,4,3,friends
3155,Stomach aches stress me out.,Боли в животе меня напрягают.,"Health, Fatigue, or Physical Pain",3,2,health
209,Currently stressing about the COVID-19 as I have been unemployed for two weeks.,"Сейчас переживаю из-за COVID-19, поскольку уже две недели я безработный.",Financial Problem,5,4,finance
6678,"I'm really worked up over this, I need to calm down.","Я очень взволнован из-за этого, мне нужно успокоиться.",Other,6,5,unknown
656,I am under a lot of deadlines at work.,У меня много сроков на работе.,Work,1,0,work
1420,It's just the usual craziness at work.,Это просто обычное безумие на работе.,Work,1,0,work
293,figuring out where to go fruit picking tomorrow,"придумываю, куда завтра пойти собирать фрукты",Other,6,5,unknown
2369,school cause so much information.,школа вызывает так много информации.,School,1,0,work
398,having to replace the carpets in our living room.,необходимость заменить ковры в нашей гостиной.,Everyday Decision Making,6,5,unknown
5112,"I'm going to have to study on my birthday, I have so many tests next week.","Мне придется учиться в свой день рождения, у меня так много тестов на следующей неделе.",School,1,0,work
2599,The fact that we are out of work because of Corona,"Тот факт, что мы остались без работы из-за Короны",Work,1,0,work
1136,"I stress about work, family, and my weight.","Я беспокоюсь о работе, семье и своем весе.",Work,1,0,work
6138,"I hate how emotional I get on my period, it makes me crazy.","Я ненавижу то, насколько эмоциональной я становлюсь во время менструации, это сводит меня с ума.",Emotional Turmoil,6,5,unknown
6721,The shooting at Fort Hood is really fucked up and tragic.,Стрельба в Форт-Худе действительно отвратительна и трагична.,Emotional Turmoil,6,5,unknown
836,i have a lot work pressure in recent days. need your advice to relax,"в последние дни у меня сильное рабочее давление. нужен твой совет, чтобы расслабиться",Work,1,0,work
2975,why she stop talking to me? lv done nothing to her,почему она перестала со мной разговаривать? я ничего ей не сделал,Social Relationships,4,3,friends
5299,I can't talk to Alicia because she is just as stressed out as me and we can't help eachother right now.,"Я не могу поговорить с Алисией, потому что она в таком же стрессе, как и я, и мы сейчас не можем помочь друг другу.",Social Relationships,4,3,friends
5818,for some reason i did and now im just lonely and depressed and missing him more than i ever thought i would.,"по какой-то причине я так и сделал, и теперь мне просто одиноко, я в депрессии и скучаю по нему больше, чем когда-либо думал.",Social Relationships,4,3,friends
2986,work and family balance,баланс работы и семьи,Work,1,0,work
2117,My uncle yelled at me.,Мой дядя кричал на меня.,Family Issues,2,1,family
4167,ive been so bored lately and i need people to entertain me.,"Мне в последнее время было так скучно, и мне нужны люди, которые меня развлекут.",Other,6,5,unknown
5698,All my relationships aer unstable.,Все мои отношения нестабильны.,Social Relationships,4,3,friends
964,i have been wanting to find another job for some time now,я уже давно хочу найти другую работу,Work,1,0,work
553,i am having trouble baking this cake,у меня проблемы с выпеканием этого торта,Other,6,5,unknown
5342,My friend called me saying that her boyfriend broke up with her.,"Мне позвонила подруга и сказала, что ее парень расстался с ней.",Social Relationships,4,3,friends
3760,This covid-19 thing has got me stressed bad,Эта история с Covid-19 вызвала у меня сильный стресс,Emotional Turmoil,6,5,unknown
292,figuring out what classes i want to take,"выяснить, какие курсы я хочу посещать",School,1,0,work
3702,I've been having trouble sleeping at night,У меня были проблемы со сном по ночам,Emotional Turmoil,6,5,unknown
4320,the thing is i'm insanely nervous about the course work.,"дело в том, что я безумно нервничаю по поводу курсовой работы.",School,1,0,work
1217,i'm a self-employed musician and work is slow right now.,"Я независимый музыкант, и работа сейчас идет медленно.",Work,1,0,work
1914,my husband and i got into a really big fight and now we are not on talking terms,мы с мужем очень сильно поссорились и теперь не разговариваем,Family Issues,2,1,family
6199,"All hell breaks loose, my mom starts screaming at my sister about how she's an idiot, and my sister is sobbing.","Начинается ад, мама начинает кричать на сестру, что она идиотка, а сестра рыдает.",Family Issues,2,1,family
4970,"finding the time is just not easy, as i'm procrastinating on homework right now as it is.","найти время непросто, так как я и так сейчас откладываю выполнение домашнего задания.",School,1,0,work
3438,I struggled through the whole day of a stressful headache and I got tired of it.,Весь день я боролся со стрессовой головной болью и устал от нее.,"Health, Fatigue, or Physical Pain",3,2,health
4917,"I just finished a really stressful math test, I don't think I did too well on it.","Я только что закончил очень напряженный тест по математике и не думаю, что справился с ним слишком хорошо.",School,1,0,work
4915,God I am so stressed out everytime I think of homework I literally start pitying myself so much that I cry.,"Боже, я так испытываю стресс каждый раз, когда думаю о домашнем задании, что буквально начинаю так себя жалеть, что плачу.",School,1,0,work
6658,"I'm still struggling, dealing with periods of ups and downs that make it difficult to focus sometimes.","Я все еще испытываю трудности, переживая периоды взлетов и падений, из-за которых иногда мне трудно сосредоточиться.",Emotional Turmoil,6,5,unknown
3424,I think the dog I am babysitting is dying.,"Я думаю, что собака, за которой я присматриваю, умирает.",Emotional Turmoil,6,5,unknown
5017,2 weeks till my first 2 exams.,2 недели до моих первых двух экзаменов.,School,1,0,work
1893,my girlfriend and i broke up almost a year ago and i'm still not over it.,"мы с моей девушкой расстались почти год назад, и я до сих пор не справился с этим.",Social Relationships,4,3,friends
5891,"Before my mother even called this morning I spent a half hour cradled in Jay's arms sobbing, mourning the loss of the person my brother used to be.","Еще до того, как моя мать позвонила этим утром, я провел полчаса на руках Джея, рыдая, оплакивая потерю того человека, которым раньше был мой брат.",Family Issues,2,1,family
2328,quarantine,карантин,Emotional Turmoil,6,5,unknown
5063,"I really have been busy with school, and pretty stressed out.",Я действительно был занят школой и изрядно нервничал.,School,1,0,work
1244,i'm having problems with a co-worker at my job and i don't know what to do.,"У меня проблемы с коллегой на работе, и я не знаю, что делать.",Work,1,0,work
6347,It's even worse that I get a hassle from my mother about it.,"Еще хуже, что я получаю хлопоты от матери по этому поводу.",Family Issues,2,1,family
2147,nervous about new staff member starting,нервничаю по поводу прихода нового сотрудника,Work,1,0,work
636,i am stressing out about graduate school,я переживаю по поводу аспирантуры,School,1,0,work
4839,i feel so stressed..ugh.. im not gonna be able to get my grades up.,я чувствую такой стресс... тьфу... я не смогу улучшить свои оценки.,School,1,0,work
1538,i've had to start looking for a new job,мне пришлось начать искать новую работу,Work,1,0,work
6778,funny how have NO money whatsoever creates anger.,"Забавно, что отсутствие денег вообще вызывает гнев.",Financial Problem,5,4,finance
178,Coronavirus and my job situation.,Коронавирус и моя ситуация на работе.,Work,1,0,work
5461,Incredible! I'm also very anxious about the upcoming show that we have at M.C. this Saturday.,"Невероятный! Я также очень волнуюсь по поводу предстоящего шоу, которое у нас будет в M.C. в эту субботу.",Work,1,0,work
5338,"My company hasn't been giving me a lot of support, and it's wearing me out.","Моя компания не оказывает мне особой поддержки, и это меня утомляет.",Work,1,0,work
1919,my husband has been ill.,мой муж заболел.,Family Issues,2,1,family
3506,Today I got nothing accomplished due to how sick I'm feeling and the headache I've been beating off all day.,"Сегодня я ничего не добился из-за того, что мне плохо, и из-за головной боли, которую я боролся весь день.","Health, Fatigue, or Physical Pain",3,2,health
4206,"Like really, the time that we actually TRY to get together, stuff seriously goes wrong.","На самом деле, когда мы ПЫТАЕМСЯ собраться вместе, все идет не так.",Emotional Turmoil,6,5,unknown
4386,Yes I do have immense fears of not succeeding in my courses.,"Да, я очень боюсь не добиться успеха на курсах.",School,1,0,work
11,a heavy work with less time duration,тяжелая работа с меньшей продолжительностью,Work,1,0,work
3378,"I woke up today with this pulsating, pounding, thrushing migraine that I thought was nearly going to kill me.","Сегодня я проснулся с этой пульсирующей, колющей, колющей мигренью, которая, как мне казалось, чуть не убила меня.","Health, Fatigue, or Physical Pain",3,2,health
1427,i've been concerned about my money situation. i want to be able to stabilize it.,меня беспокоит мое финансовое положение. Я хочу иметь возможность стабилизировать его.,Financial Problem,5,4,finance
6166,im just worried about my mom and having to deal with all that.,"Я просто беспокоюсь о своей маме и о том, что мне придется со всем этим иметь дело.",Family Issues,2,1,family
6631,The daily things that keep us all busy are confusing me.,"Меня сбивают с толку повседневные дела, которые занимают всех нас.",Everyday Decision Making,6,5,unknown
6104,money is tight in these parts.,с деньгами в этих краях туго.,Financial Problem,5,4,finance
3370,"I'm tired and I am sick, both physically and mentally.","Я устал и болен, как физически, так и морально.","Health, Fatigue, or Physical Pain",3,2,health
6671,"I make the doctors appointments, I schedule everything that goes on, I'm so sick of playing mom lately.","Я записываюсь на прием к врачу, составляю график всего, что происходит, мне в последнее время так надоело играть в маму.",Family Issues,2,1,family
4842,"I'm a worrywart. I mean, really. I'm due to take a placement test for the school I hope to get into.","Я беспокойный человек. Я имею в виду, правда. Мне предстоит сдать вступительный тест в школу, в которую я надеюсь поступить.",School,1,0,work
503,HOUSE IS A MESS AND I AM TIRED,"В ДОМЕ БЕСПОРЯДОК, И Я УСТАЛ","Health, Fatigue, or Physical Pain",3,2,health
1676,me and my wife lost our jobs,я и моя жена потеряли работу,Work,1,0,work
6407,"I've been swamped at work and at home, hence my incommunicado state.","Я был завален на работе и дома, отсюда и мое состояние без связи с внешним миром.",Work,1,0,work
2502,The corona virus and quarantine,Вирус короны и карантин,Other,6,5,unknown
2443,"stress at work, specifically my boss!","стресс на работе, особенно у моего начальника!",Work,1,0,work
6180,"My parents keep telling me to not play, and I really agree, but it is so hard!","Мои родители постоянно говорят мне не играть, и я действительно согласен, но это так тяжело!",Family Issues,2,1,family
2382,school has been very stressful right now.,В школе сейчас очень стресс.,School,1,0,work
6067,The financial part of it all is crappy because I am basically getting nothing for my old car.,"Финансовая часть всего этого дрянная, потому что за свою старую машину я практически ничего не получаю.",Financial Problem,5,4,finance
2585,The current worldwide situation with covid-19,Текущая мировая ситуация с Covid-19,Emotional Turmoil,6,5,unknown
3598,I think my dog is sick. or something's wrong with him.,"Я думаю, что моя собака заболела. или с ним что-то не так.",Other,6,5,unknown
4772,i've been kinda down lately. and stressed. really stressed. there's just been a lot of stuff going on lately and,"я был немного подавлен в последнее время. и подчеркнул. действительно напряжен. просто в последнее время происходит много всего, и",Emotional Turmoil,6,5,unknown
1108,i need more money for stuff,мне нужно больше денег на вещи,Financial Problem,5,4,finance
3869," whenever I think I've made progress, something always comes back to me feel insecure...","всякий раз, когда я думаю, что добился прогресса, что-то всегда возвращается ко мне, и я чувствую себя неуверенно...",Emotional Turmoil,6,5,unknown
5457,"There was just so much going on and so many birthdays this weekend, plus I had to work early all weekend on top of it.","В эти выходные было так много событий и дней рождений, к тому же мне пришлось работать пораньше все выходные.",Social Relationships,4,3,friends
5078,I had a stressful week at school.,У меня была напряженная неделя в школе.,School,1,0,work
6083,"I wish I could work more hours, I'm desperate for money.","Я бы хотел работать больше часов, я отчаянно нуждаюсь в деньгах.",Financial Problem,5,4,finance
2673,The situation that the world is in now with this Covid 19 virus running rampant.,"Ситуация, в которой сейчас находится мир, когда свирепствует вирус Covid 19.","Health, Fatigue, or Physical Pain",3,2,health
4161,I've been neglecting my schoolwork too much.,Я слишком много пренебрегал школьными занятиями.,School,1,0,work
3890,"Considering my recent projects, this is INCREDIBLY frustrating.","Учитывая мои недавние проекты, это НЕВЕРОЯТНО расстраивает.",Work,1,0,work
104,Being quarantined in my home because of a widespread infectious disease...,Нахожусь на домашнем карантине из-за широко распространенного инфекционного заболевания...,Emotional Turmoil,6,5,unknown
6236,"your mother and i are gunna have dinner cuz ill wilt away before you get home"" and you know what I HATE BEING HOME!!!","мы с твоей мамой собираемся поужинать, потому что я уйду, прежде чем ты вернешься домой», и ты знаешь, как я НЕНАВИЖУ БЫТЬ ДОМА!!!",Family Issues,2,1,family
2384,school is absolutely killing me right now.,школа меня сейчас просто убивает.,School,1,0,work
4986,I couldn't sleep for crap last night cause I was all scared.,"Вчера ночью я не мог уснуть, потому что был весь напуган.","Health, Fatigue, or Physical Pain",3,2,health
14,a lot of things! where to start?!,много всего! с чего начать?!,Other,6,5,unknown
1911,My hours have been cut at work.,Мои часы на работе сократились.,Work,1,0,work
3145,"yes i have a problem because of my family, my  financial situation is very worst","да, у меня проблемы из-за моей семьи, мое финансовое положение очень плохое",Financial Problem,5,4,finance
3886,bwahahaha first part of practice was really frustrating for me.,"бва-хахаха, первая часть практики меня очень расстроила.",Other,6,5,unknown
3908,Hypochondriac:: I don't feel so good right now... Insecure:: When I'm having an off day this usually shows up.,"Ипохондрик:: Я сейчас не очень хорошо себя чувствую... Неуверенный:: Когда у меня выходной, это обычно проявляется.",Emotional Turmoil,6,5,unknown
5214,"So, my family is like clinically depressed without a dog in the house.","Итак, моя семья находится в состоянии клинической депрессии без собаки в доме.",Family Issues,2,1,family
6548,I have a stupid quiz in math tomorrow.,Завтра у меня дурацкая контрольная по математике.,School,1,0,work
2731,there's the one guy who keeps calling the desk every few minutes all night.,"есть один парень, который всю ночь звонит на стойку каждые несколько минут.",Work,1,0,work
859,i have been conducting a job search,я занимаюсь поиском работы,Work,1,0,work
6399,"Moving takes up a lot of time and energy, and I have to start packing soon.","Переезд отнимает много времени и сил, и мне скоро придется собирать вещи.",Everyday Decision Making,6,5,unknown
2598,The fact that the Coronavirus has left me without work.,"Дело в том, что Коронавирус оставил меня без работы.",Work,1,0,work
1549,"job, even my office members not helping in my job","работа, даже сотрудники моего офиса не помогают мне в работе",Work,1,0,work
451,"hi friend, my job is stressing with making productivity, it seems to be their only focus","привет друг, моя работа связана с повышением продуктивности, похоже, это их единственная задача",Work,1,0,work
403,having to wake up early for work tomorrow,завтра рано вставать на работу,Work,1,0,work
1961,"my job is stressing me out, i am seriously looking for a less stressful work environment","моя работа меня напрягает, я серьезно ищу менее напряженную рабочую среду",Work,1,0,work
3486,"I had to, the cold weather makes my bones ache.","Пришлось, от холода у меня болят кости.","Health, Fatigue, or Physical Pain",3,2,health
1926,My husband lost his job,Мой муж потерял работу,Work,1,0,work
4677,i have a ton things i have to do to outside of class and that sucks.,"у меня есть масса дел, которые мне нужно сделать вне занятий, и это отстой.",Other,6,5,unknown
4124,It seems like everything I've worked for lately is just falling apart.,"Кажется, все, над чем я работал в последнее время, просто разваливается.",Everyday Decision Making,6,5,unknown
5418,We haven't seen each other in almost a week and he was worried when he called work and couldn't get me,"Мы не виделись почти неделю, и он волновался, когда позвонил на работу и не смог меня дозвониться.",Social Relationships,4,3,friends
4736,I spent an inordinate amount of time on trying to figure out what I want to do with the next three years of my life.,"Я потратил непомерное количество времени, пытаясь понять, чем я хочу заниматься следующие три года своей жизни.",Emotional Turmoil,6,5,unknown
2042,my recent stress has come from school. i've been focusing on grades and homework.,мой недавний стресс пришел из школы. я сосредоточился на оценках и домашнем задании.,School,1,0,work
5546,Work has gotten bad and just life is raping me.,"Работа стала плохой, и просто жизнь меня насилует.",Work,1,0,work
1110,i need someone to talk to or shall i say vent. call me asap,"мне нужен кто-то, с кем можно поговорить, или, лучше сказать, выпустить пар. позвони мне как можно скорее",Emotional Turmoil,6,5,unknown
6497,"Last night I was desperately, romanticly down in the mouth because I didn't do very well on my math test.","Вчера вечером я был в отчаянии и романтическом настроении, потому что не очень хорошо сдал тест по математике.",Emotional Turmoil,6,5,unknown
5042,The test is tomorrow and I have yet to start studying.,"Завтра экзамен, а я еще не начал учиться.",School,1,0,work
3127,Worried about not being able to find a job after college,"Боюсь, что не смогу найти работу после окончания колледжа.",Financial Problem,5,4,finance
6271,"i don't enjoy spending time with my family currently, and this makes me a horrible person cause i am leaving in a month.","В настоящее время мне не нравится проводить время со своей семьей, и это делает меня ужасным человеком, потому что я уезжаю через месяц.",Family Issues,2,1,family
677,i am worried about money.,я беспокоюсь о деньгах.,Financial Problem,5,4,finance
5454,People talking shit about my friends upsets me.,"Люди, говорящие всякую ерунду о моих друзьях, меня расстраивают.",Social Relationships,4,3,friends
1186,i would feel pressured to answer.,"я буду чувствовать давление, чтобы ответить.",Other,6,5,unknown
1953,my job has been stressing me out a ton lately.,моя работа в последнее время меня очень напрягает.,Work,1,0,work
3480,"Midterm can be quite stressful, especially when doctors get involved.","Промежуточные экзамены могут быть довольно напряженными, особенно когда в дело вмешиваются врачи.",School,1,0,work
54,alot of stress at work.,большой стресс на работе.,Work,1,0,work
593,I am so stressed with COVID crapy and my romantic girlfriend's medical diagnosis .,Я в таком стрессе из-за чуши о COVID и медицинского диагноза моей романтической девушки.,"Health, Fatigue, or Physical Pain",3,2,health
5978,I don't get paid until tomorrow and this ruins my life.,"Мне не заплатят до завтра, и это разрушает мою жизнь.",Work,1,0,work
4155,I've been feeling really self consious about myself lately.,В последнее время я чувствую себя очень застенчивым.,Emotional Turmoil,6,5,unknown
3768,The uncertainty of the economy,Неопределенность экономики,Other,6,5,unknown
5976,I'm sad I won't be able to run with Anna the next two weeks.,"Мне грустно, что я не смогу бегать с Анной в ближайшие две недели.",Social Relationships,4,3,friends
3432,i have been soooo tired and no matter what i just can't seem to get the sleep i need.,"Я так устал, и, несмотря ни на что, я просто не могу спать так, как мне нужно.","Health, Fatigue, or Physical Pain",3,2,health
1730,my baby has not been sleeping.,мой ребенок не спал.,Family Issues,2,1,family
5872,Our Dog Passed away after 12 years.,Наша собака скончалась через 12 лет.,Emotional Turmoil,6,5,unknown
6566,"My boyfriend is no where to be found, and I've been having some personal issues with this whole Rachel thing.","Моего парня нигде нет, и у меня возникли некоторые личные проблемы из-за всей этой истории с Рэйчел.",Social Relationships,4,3,friends
6751,I'm scared I'm not going to be able to handle the required courseload since I've had so much trouble this semester.,"Я боюсь, что не смогу справиться с необходимой учебной нагрузкой, поскольку в этом семестре у меня было столько проблем.",School,1,0,work
3151,"You know, current events... the world is crazy right now","Знаешь, текущие события... мир сейчас сошел с ума.",Other,6,5,unknown
2653,The punk Postmaster (33 years old) making more than twice my wages and just sitting!,"Панк-почтмейстер (33 года), зарабатывающий вдвое больше моей зарплаты, и просто сидит!",Work,1,0,work
621,i am stressed out about bills because we have lost income we normally receive. e.,"Меня беспокоят счета, потому что мы потеряли доход, который обычно получаем. е.",Financial Problem,5,4,finance
3271,I guess stress put the pounds on and I have been emotionally eating because of it.,"Думаю, из-за стресса я набрал лишние килограммы, и из-за этого я стал эмоционально питаться.","Health, Fatigue, or Physical Pain",3,2,health
3412,i really didnt want to go back in cuz i never feel good at church and i had the worst headache and i was about to throw up. THEN!!,"Мне действительно не хотелось возвращаться, потому что я никогда не чувствовал себя хорошо в церкви, у меня была ужасная головная боль, и меня чуть не вырвало. ЗАТЕМ!!","Health, Fatigue, or Physical Pain",3,2,health
770,I feel that i have alot of work pile that i am suppose to finish by weekend,"Я чувствую, что у меня много работы, которую я должен закончить к выходным.",Work,1,0,work
205,coworkers ostracising me again,коллеги снова подвергают меня остракизму,Work,1,0,work
1637,"life in general, things have just been difficult lately.","жизнь в целом, просто в последнее время все было сложно.",Everyday Decision Making,6,5,unknown
2301,physics class. i just don't see why i need to know this stuff.,"урок физики. Я просто не понимаю, зачем мне это знать.",School,1,0,work
5019,At the moment I am trying to finish my thesis.,В данный момент пытаюсь закончить дипломную работу.,School,1,0,work
5980,I don't really have the money to go as much as I'd like.,"У меня действительно нет денег, чтобы ездить столько, сколько мне хотелось бы.",Financial Problem,5,4,finance
352,Girl I'm stressing out st work. Supervisor is driving me absolutely crazy!! HELP!!,"Девушка, я напрягаюсь на работе. Супервайзер сводит меня с ума!! ПОМОЩЬ!!",Work,1,0,work
3307,"How come there is just never enough time! I need more sleep, but I can't seem to accomplish that goal.","Почему времени всегда не хватает! Мне нужно больше спать, но я не могу достичь этой цели.","Health, Fatigue, or Physical Pain",3,2,health
2024,"my new, used car has been costing me a lot of money.","моя новая, подержанная машина стоила мне много денег.",Financial Problem,5,4,finance
1293,i'm really worried about my appointment with dr. bean.,я очень волнуюсь по поводу встречи с доктором. боб.,"Health, Fatigue, or Physical Pain",3,2,health
5075,school is gonna be hard to keep up with.,школе будет трудно идти в ногу со временем.,School,1,0,work
4864,I look at the homework and I think about the homework and it worries me when I don't do it.,"Я смотрю на домашнее задание и думаю о домашнем задании, и меня беспокоит, когда я его не делаю.",School,1,0,work
3925,I been worrying about too many things out of my control lately and ive really gotta stop.,"В последнее время я беспокоюсь о слишком многих вещах, находящихся вне моего контроля, и мне действительно пора остановиться.",Emotional Turmoil,6,5,unknown
2073,my sister is leaving for trucking school and i am going to be taking care of her 6 kids,"моя сестра уезжает в школу грузоперевозок, и я собираюсь позаботиться о ее шестерых детях",Family Issues,2,1,family
4020,"I was worried and stressed, another expense we can't afford, needing to find a ride to work, etc.","Я волновался и находился в стрессе: еще одни расходы, которые мы не можем себе позволить, необходимость найти поездку на работу и т. д.",Financial Problem,5,4,finance
2957,what hasn't? mostly a sick pet though. it hurts to see his pain.,что нет? хотя в основном это больной питомец. больно видеть его боль.,Emotional Turmoil,6,5,unknown
3024,work has been stressful,работа была стрессовой,Work,1,0,work
947,I have been stressing out about all the work I need to do for work next week.,"Я переживаю из-за всей работы, которую мне нужно сделать на следующей неделе.",Work,1,0,work
911,I have been stressed about my classes. I think I will fail.,"Я был в стрессе из-за занятий. Я думаю, что потерплю неудачу.",School,1,0,work
5689,my brother is in JAIL.,мой брат находится в ТЮРЬМЕ.,Family Issues,2,1,family
2923,Well lately I have been unable to go to the grocery store as usual.,"Ну, в последнее время я не могу пойти в продуктовый магазин, как обычно.",Everyday Decision Making,6,5,unknown
4044,"I'm getting a little stressed over it, 'cause its one of the next ones on my schdedule...","Я немного нервничаю из-за этого, потому что это один из следующих фильмов в моем расписании...",Work,1,0,work
4011,I was dissatisfied with what I'd just spent ages planning.,"Я был недоволен тем, что только что планировал.",Everyday Decision Making,6,5,unknown
1460,I've been really stressed about the covid-19 issues that are going on,Я очень переживаю из-за происходящих проблем с Covid-19.,Emotional Turmoil,6,5,unknown
5065,it sucks having to work and go to school all the time during the week.,это отстой — постоянно работать и ходить в школу в течение недели.,Work,1,0,work
2591,the fact i have several bills that are due almost at the same time and it's worrying me!,"тот факт, что у меня есть несколько счетов, которые нужно оплатить почти одновременно, и это меня беспокоит!",Financial Problem,5,4,finance
1729,My baby daddy has been fighting with his family and it has been driving me crazy.,"Мой маленький папочка ссорился со своей семьей, и это сводило меня с ума.",Family Issues,2,1,family
6283,"This is a huge burden, and my mom feels bad.","Это огромная нагрузка, и моей маме плохо.",Family Issues,2,1,family
5981,We can't afford the transaction overhead.,Мы не можем позволить себе накладные расходы на транзакции.,Financial Problem,5,4,finance
4557,"I've been trying to get ahold of the accountant for our old apartment to pay them, and no one will call me back.","Я пытаюсь дозвониться до бухгалтера по нашей старой квартире, чтобы заплатить им, но мне никто не перезванивает.",Financial Problem,5,4,finance
5860,ughh things are just always so shitty and i want them to be better.,"ох, дела всегда такие дерьмовые, и я хочу, чтобы они были лучше.",Emotional Turmoil,6,5,unknown
6509,so i have my advanced algebra exam tomorrow which im soo scared about..,"Итак, завтра у меня экзамен по алгебре, и я так боюсь этого..",School,1,0,work
3462,"Work has been getting pretty stressful, no one seems to be getting along, everyone is getting annoyed with the other and no work is being done!","Работа становится довольно напряженной, кажется, никто не ладит, все раздражаются друг на друга, и работа не ведется!",Work,1,0,work
6156,I feel bad for my mom cuz of all she has to deal with right now.,"Мне жаль мою маму, потому что ей сейчас приходится иметь дело со всем, с чем ей приходится иметь дело.",Family Issues,2,1,family
5597,im super stressed about everything and my life just doesnt make sense.,"Я очень напряжен из-за всего, и моя жизнь просто не имеет смысла.",Emotional Turmoil,6,5,unknown
3845,"After missing so much school, things are really starting to get crazy with assignments.","После того, как я так много пропустил школу, дела с заданиями начинают просто сходить с ума.",School,1,0,work
3788,I am really stressed about my pups kidney disease.  It is getting worse.,Я очень переживаю из-за болезни почек у моего щенка.  Становится все хуже.,Emotional Turmoil,6,5,unknown
4192,Lately I have just been worried about choosing a job.,В последнее время я просто беспокоюсь о выборе работы.,Work,1,0,work
1635,Life in general and everything about it. How much do you want to hear?,"Жизнь в целом и все, что с ней связано. Сколько вы хотите услышать?",Emotional Turmoil,6,5,unknown
3821,my inlaws are crazy,мои родственники сошли с ума,Family Issues,2,1,family
4087,I'm so frustrated with my job right now.,Я сейчас так расстроен своей работой.,Work,1,0,work
8,a friendship,дружба,Social Relationships,4,3,friends
4739,"I think it's most because of stress from work, because, beleive it or not, my job IS stressful.","Я думаю, что это в основном из-за стресса на работе, потому что, хотите верьте, хотите нет, но моя работа ЯВЛЯЕТСЯ стрессом.",Work,1,0,work
6607,"People that are supposed to be my friends have been real shitty to me, just because there other friends dont like me.","Люди, которые должны были быть моими друзьями, относились ко мне по-настоящему дерьмово только потому, что другим друзьям я не нравился.",Social Relationships,4,3,friends
3865,"As far as being alone goes, that has been bothering me the most lately.","Что касается одиночества, то это беспокоило меня больше всего в последнее время.",Emotional Turmoil,6,5,unknown
3362,"Too long from home has worn away at my morale, and fatigue has eroded my writing skills.","Слишком долгое время вдали от дома подорвало мой моральный дух, а усталость подорвала мои писательские навыки.","Health, Fatigue, or Physical Pain",3,2,health
2438,staying in shape and eating healthy have been tough lately,оставаться в форме и правильно питаться в последнее время было сложно,"Health, Fatigue, or Physical Pain",3,2,health
5900,"Washington planners had been advised, even by their own intelligence agencies, that the invasion was likely to increase the risk of terror.","Разработчики плана в Вашингтоне были проинформированы даже их собственными спецслужбами, что вторжение, скорее всего, увеличит риск террора.",Other,6,5,unknown
3179,I'm tired and I'm sore.,Я устал и мне больно.,"Health, Fatigue, or Physical Pain",3,2,health
360,going through a divorce and my ex is trying to take my baby.,"переживаю развод, и мой бывший пытается забрать моего ребенка.",Family Issues,2,1,family
3900,Frustrated and I've sold myself out down the road with time growing old I've got to change.,"Разочарованный, я продал себя в будущем, со временем старею, мне нужно измениться.",Emotional Turmoil,6,5,unknown
2282,pandemic is scary,пандемия - это страшно,Other,6,5,unknown
4395,So with all the stress and everything going on I worry a lot.,"Поэтому, несмотря на весь этот стресс и все происходящее, я очень волнуюсь.",Other,6,5,unknown
957,i have been struggling to sleep,я изо всех сил пытаюсь заснуть,"Health, Fatigue, or Physical Pain",3,2,health
3452,When he leaves i am gonna become clinically depressed.,"Когда он уйдет, у меня впадет в клиническую депрессию.",Emotional Turmoil,6,5,unknown
4241,My personal goals have changed so much that I've kinda lost track of everything.,"Мои личные цели настолько изменились, что я как бы потерял счет всему.",Everyday Decision Making,6,5,unknown
999,i have no idea what i'm cooking tonight!,"я понятия не имею, что я готовлю сегодня вечером!",Everyday Decision Making,6,5,unknown
1819,my coworker and i dont get along at a all,мы с коллегой вообще не ладим,Work,1,0,work
4983,have a paper due next Thursday for socioloqy and an essay due on Monday for enqlish comp so i qotta do that this weekend.,"В следующий четверг у меня есть работа по социологии и эссе по английскому языку в понедельник, так что я должен сделать это в эти выходные.",School,1,0,work
4587,"Holy cow, band camp is soon and I hate everything associated with it, except the food.","Господи, скоро лагерь группы, и я ненавижу все, что с ним связано, кроме еды.",Other,6,5,unknown
396,having to meet time deadlines at work.,необходимость соблюдения сроков на работе.,Work,1,0,work
6200,Right now my family is in such finacial trouble..it's just not possible.,Сейчас у моей семьи такие финансовые проблемы... это просто невозможно.,Financial Problem,5,4,finance
1447,I've been having some really bad problems getting along with one of my coworkers.,У меня были очень серьезные проблемы в отношениях с одним из моих коллег.,Work,1,0,work
1888,my friend was died in road accident,мой друг погиб в дорожно-транспортном происшествии,Social Relationships,4,3,friends
3136,worrying about my high risk family getting sick with the covid 19 virus,"беспокоюсь о том, что моя семья из группы высокого риска заболеет вирусом Covid 19",Family Issues,2,1,family
4442,That was not fun and I am quite glad to have Monday over with.,"Это было невесело, и я очень рад, что понедельник закончился.",Emotional Turmoil,6,5,unknown
3645,I'm tired and my head hurts. I'm confused and worried about so much going on in my life.,"Я устал и у меня болит голова. Я смущен и обеспокоен тем, что в моей жизни происходит так много всего.","Health, Fatigue, or Physical Pain",3,2,health
2946,we're gearing up for a big move and there's so much to do!,"мы готовимся к большому переезду, и нам предстоит так много всего сделать!",Everyday Decision Making,6,5,unknown
2790,This virus is stripping away all my freedom and it's driving me insane.,Этот вирус лишает меня всей свободы и сводит меня с ума.,Other,6,5,unknown
2736,These kids drive me crazy and I need to get to the store,"Эти дети сводят меня с ума, и мне нужно в магазин",Family Issues,2,1,family
5233,"Hell, there are times I want to disown my family and get away from fucking society.","Черт, бывают моменты, когда мне хочется отречься от своей семьи и сбежать от чертового общества.",Family Issues,2,1,family
1661,making a decision on preschool,принятие решения о дошкольном учреждении,Family Issues,2,1,family
5098,I need to get ready for school.,Мне нужно подготовиться к школе.,School,1,0,work
2197,not having enough money to give my wife the things she wants.,"у меня недостаточно денег, чтобы дать жене то, что она хочет.",Financial Problem,5,4,finance
5104,uhm im really stressed for the time being. school.,"хм, я сейчас действительно в стрессе. школа.",School,1,0,work
1766,"my boss yelled at me, and i didn't do anything wrong.","мой босс кричал на меня, и я не сделал ничего плохого.",Work,1,0,work
